timestamp_utc,entity_id,state,segment_start_seed
2026-08-12T06:00:00Z,climate.kitchen,cool,1
2026-08-12T06:00:00Z,sensor.bed_1_booster_adaptive_boost,0,1
2026-08-12T06:00:00Z,sensor.bed_1_booster_effective_percentage,40,1
2026-08-12T06:00:00Z,sensor.bed_1_booster_pi_target_speed,4,1
2026-08-12T06:00:00Z,sensor.bed_1_booster_target_speed,4,1
2026-08-12T06:00:00Z,sensor.bed_1_temp_temperature,73.22,1
2026-08-12T06:00:00Z,sensor.bed_1_temperature_delta,2.2,1
2026-08-12T06:00:00Z,sensor.bed_2_booster_adaptive_boost,0,1
2026-08-12T06:00:00Z,sensor.bed_2_booster_effective_percentage,60,1
2026-08-12T06:00:00Z,sensor.bed_2_booster_pi_target_speed,6,1
2026-08-12T06:00:00Z,sensor.bed_2_booster_target_speed,6,1
2026-08-12T06:00:00Z,sensor.bed_2_temp_temperature,73.58,1
2026-08-12T06:00:00Z,sensor.bed_2_temperature_delta,2.5,1
2026-08-12T06:00:00Z,sensor.bed_3_booster_adaptive_boost,0,1
2026-08-12T06:00:00Z,sensor.bed_3_booster_effective_percentage,40,1
2026-08-12T06:00:00Z,sensor.bed_3_booster_pi_target_speed,4,1
2026-08-12T06:00:00Z,sensor.bed_3_booster_target_speed,4,1
2026-08-12T06:00:00Z,sensor.bed_3_temp_temperature,73.22,1
2026-08-12T06:00:00Z,sensor.bed_3_temperature_delta,2.2,1
2026-08-12T06:00:00Z,sensor.kitchen_temp_temperature,71.06,1
2026-08-12T06:00:00Z,sensor.kitchen_temperature,74.48,1
2026-08-12T06:08:16.308695Z,sensor.bed_1_temp_temperature,72.68,0
2026-08-12T06:08:16.308929Z,sensor.bed_1_temperature_delta,1.6,0
2026-08-12T06:08:16.309092Z,sensor.bed_1_booster_target_speed,2,0
2026-08-12T06:08:16.309656Z,sensor.bed_1_booster_pi_target_speed,2,0
2026-08-12T06:08:16.309874Z,sensor.bed_1_booster_effective_percentage,20,0
2026-08-12T06:09:53.213677Z,sensor.bed_3_temp_temperature,72.68,0
2026-08-12T06:09:53.214064Z,sensor.bed_3_temperature_delta,1.6,0
2026-08-12T06:09:53.214528Z,sensor.bed_3_booster_target_speed,2,0
2026-08-12T06:09:53.215526Z,sensor.bed_3_booster_pi_target_speed,2,0
2026-08-12T06:09:53.215923Z,sensor.bed_3_booster_effective_percentage,20,0
2026-08-12T06:09:53.673094Z,sensor.kitchen_temp_temperature,70.7,0
2026-08-12T06:09:53.673446Z,sensor.bed_1_temperature_delta,2.0,0
2026-08-12T06:09:53.673673Z,sensor.bed_2_temperature_delta,2.9,0
2026-08-12T06:09:53.673920Z,sensor.bed_3_temperature_delta,2.0,0
2026-08-12T06:14:41.694207Z,sensor.bed_2_temp_temperature,73.04,0
2026-08-12T06:14:41.694628Z,sensor.bed_2_temperature_delta,2.3,0
2026-08-12T06:15:00.489873Z,sensor.bed_1_booster_adaptive_boost,1,0
2026-08-12T06:15:00.490237Z,sensor.bed_1_booster_pi_target_speed,3,0
2026-08-12T06:15:00.490615Z,sensor.bed_1_booster_effective_percentage,30,0
2026-08-12T06:15:00.492334Z,sensor.bed_2_booster_adaptive_boost,1,0
2026-08-12T06:15:00.492688Z,sensor.bed_2_booster_pi_target_speed,7,0
2026-08-12T06:15:00.493076Z,sensor.bed_2_booster_effective_percentage,70,0
2026-08-12T06:21:43.071399Z,climate.kitchen,cool,0
2026-08-12T06:21:43.074250Z,sensor.bed_1_booster_adaptive_boost,0,0
2026-08-12T06:21:43.075254Z,sensor.bed_2_booster_adaptive_boost,0,0
2026-08-12T06:21:43.079126Z,sensor.bed_1_booster_pi_target_speed,2,0
2026-08-12T06:21:43.079564Z,sensor.bed_2_booster_pi_target_speed,6,0
2026-08-12T06:21:43.080444Z,sensor.bed_1_booster_effective_percentage,20,0
2026-08-12T06:21:43.081174Z,sensor.bed_2_booster_effective_percentage,60,0
2026-08-12T06:21:43.081793Z,sensor.kitchen_temperature,73.4,0
2026-08-12T06:23:16.869320Z,sensor.bed_1_temp_temperature,72.14,0
2026-08-12T06:23:16.869677Z,sensor.bed_1_temperature_delta,1.4,0
2026-08-12T06:24:51.556215Z,sensor.kitchen_temp_temperature,69.98,0
2026-08-12T06:24:51.556426Z,sensor.bed_1_temperature_delta,2.2,0
2026-08-12T06:24:51.556544Z,sensor.bed_2_temperature_delta,3.1,0
2026-08-12T06:24:51.556666Z,sensor.bed_3_temperature_delta,2.7,0
2026-08-12T06:24:51.556798Z,sensor.bed_1_booster_target_speed,4,0
2026-08-12T06:24:51.556929Z,sensor.bed_2_booster_target_speed,8,0
2026-08-12T06:24:51.557056Z,sensor.bed_3_booster_target_speed,6,0
2026-08-12T06:24:51.559309Z,sensor.bed_1_booster_pi_target_speed,4,0
2026-08-12T06:24:51.559621Z,sensor.bed_2_booster_pi_target_speed,8,0
2026-08-12T06:24:51.559943Z,sensor.bed_3_booster_pi_target_speed,6,0
2026-08-12T06:24:51.560124Z,sensor.bed_1_booster_effective_percentage,40,0
2026-08-12T06:24:51.560514Z,sensor.bed_2_booster_effective_percentage,80,0
2026-08-12T06:24:51.560914Z,sensor.bed_3_booster_effective_percentage,60,0
2026-08-12T06:24:54.637112Z,sensor.bed_3_temp_temperature,72.32,0
2026-08-12T06:24:54.637598Z,sensor.bed_3_temperature_delta,2.3,0
2026-08-12T06:25:33.069948Z,climate.kitchen,cool,0
2026-08-12T06:27:20.075590Z,sensor.bed_2_temp_temperature,72.14,0
2026-08-12T06:27:20.077072Z,sensor.bed_2_temperature_delta,2.2,0
2026-08-12T06:27:20.077433Z,sensor.bed_2_booster_target_speed,4,0
2026-08-12T06:27:20.078610Z,sensor.bed_2_booster_pi_target_speed,4,0
2026-08-12T06:27:20.079073Z,sensor.bed_2_booster_effective_percentage,40,0
2026-08-12T06:32:28.744393Z,climate.kitchen,cool,0
2026-08-12T06:38:16.971632Z,sensor.bed_1_temp_temperature,71.6,0
2026-08-12T06:38:16.972099Z,sensor.bed_1_temperature_delta,1.6,0
2026-08-12T06:38:16.972458Z,sensor.bed_1_booster_target_speed,2,0
2026-08-12T06:38:16.973675Z,sensor.bed_1_booster_pi_target_speed,2,0
2026-08-12T06:38:16.974163Z,sensor.bed_1_booster_effective_percentage,20,0
2026-08-12T06:39:49.438157Z,sensor.kitchen_temp_temperature,69.62,0
2026-08-12T06:39:49.438643Z,sensor.bed_1_temperature_delta,2.0,0
2026-08-12T06:39:49.438982Z,sensor.bed_2_temperature_delta,2.5,0
2026-08-12T06:39:49.439277Z,sensor.bed_3_temperature_delta,2.7,0
2026-08-12T06:39:49.439866Z,sensor.bed_2_booster_target_speed,6,0
2026-08-12T06:39:49.441622Z,sensor.bed_2_booster_pi_target_speed,6,0
2026-08-12T06:39:49.442170Z,sensor.bed_2_booster_effective_percentage,60,0
2026-08-12T06:39:55.719306Z,sensor.bed_3_temp_temperature,71.6,0
2026-08-12T06:39:55.719764Z,sensor.bed_3_temperature_delta,2.0,0
2026-08-12T06:39:55.720142Z,sensor.bed_3_booster_target_speed,4,0
2026-08-12T06:39:55.721370Z,sensor.bed_3_booster_pi_target_speed,4,0
2026-08-12T06:39:55.725000Z,sensor.bed_3_booster_effective_percentage,40,0
2026-08-12T06:53:16.913444Z,sensor.bed_1_temp_temperature,71.24,0
2026-08-12T06:53:16.913913Z,sensor.bed_1_temperature_delta,1.6,0
2026-08-12T06:54:46.907997Z,sensor.kitchen_temp_temperature,69.08,0
2026-08-12T06:54:46.908490Z,sensor.bed_1_temperature_delta,2.2,0
2026-08-12T06:54:46.908808Z,sensor.bed_2_temperature_delta,3.1,0
2026-08-12T06:54:46.909113Z,sensor.bed_3_temperature_delta,2.5,0
2026-08-12T06:54:46.909459Z,sensor.bed_1_booster_target_speed,4,0
2026-08-12T06:54:46.909759Z,sensor.bed_2_booster_target_speed,8,0
2026-08-12T06:54:46.910069Z,sensor.bed_3_booster_target_speed,6,0
2026-08-12T06:54:46.911486Z,sensor.bed_1_booster_pi_target_speed,4,0
2026-08-12T06:54:46.912234Z,sensor.bed_2_booster_pi_target_speed,8,0
2026-08-12T06:54:46.912982Z,sensor.bed_3_booster_pi_target_speed,6,0
2026-08-12T06:54:46.913436Z,sensor.bed_1_booster_effective_percentage,40,0
2026-08-12T06:54:46.918788Z,sensor.bed_2_booster_effective_percentage,80,0
2026-08-12T06:54:46.919776Z,sensor.bed_3_booster_effective_percentage,60,0
2026-08-12T06:54:56.881693Z,sensor.bed_3_temp_temperature,71.06,0
2026-08-12T06:54:56.882159Z,sensor.bed_3_temperature_delta,2.0,0
2026-08-12T06:54:56.882514Z,sensor.bed_3_booster_target_speed,4,0
2026-08-12T06:54:56.883715Z,sensor.bed_3_booster_pi_target_speed,4,0
2026-08-12T06:54:56.884199Z,sensor.bed_3_booster_effective_percentage,40,0
2026-08-12T06:55:00.463201Z,sensor.bed_1_booster_adaptive_boost,1,0
2026-08-12T06:55:00.463426Z,sensor.bed_1_booster_pi_target_speed,5,0
2026-08-12T06:55:00.463702Z,sensor.bed_1_booster_effective_percentage,50,0
2026-08-12T06:55:00.464687Z,sensor.bed_2_booster_adaptive_boost,1,0
2026-08-12T06:55:00.464887Z,sensor.bed_2_booster_pi_target_speed,9,0
2026-08-12T06:55:00.465087Z,sensor.bed_2_booster_effective_percentage,90,0
2026-08-12T06:56:43.164529Z,climate.kitchen,cool,0
2026-08-12T06:56:43.168101Z,sensor.bed_1_booster_adaptive_boost,0,0
2026-08-12T06:56:43.169302Z,sensor.bed_2_booster_adaptive_boost,0,0
2026-08-12T06:56:43.178791Z,sensor.bed_1_booster_pi_target_speed,4,0
2026-08-12T06:56:43.179352Z,sensor.bed_2_booster_pi_target_speed,8,0
2026-08-12T06:56:43.180454Z,sensor.bed_1_booster_effective_percentage,40,0
2026-08-12T06:56:43.181314Z,sensor.bed_2_booster_effective_percentage,80,0
2026-08-12T06:56:43.182116Z,sensor.kitchen_temperature,72.14,0
2026-08-12T06:56:43.184816Z,climate.kitchen,cool,0
2026-08-12T06:57:16.361486Z,sensor.bed_2_temp_temperature,71.06,0
2026-08-12T06:57:16.361954Z,sensor.bed_2_temperature_delta,2.0,0
2026-08-12T06:57:16.362310Z,sensor.bed_2_booster_target_speed,4,0
2026-08-12T06:57:16.363530Z,sensor.bed_2_booster_pi_target_speed,4,0
2026-08-12T06:57:16.364030Z,sensor.bed_2_booster_effective_percentage,40,0
2026-08-12T07:05:08.833797Z,climate.kitchen,cool,0
2026-08-12T07:08:17.150254Z,sensor.bed_1_temp_temperature,70.52,0
2026-08-12T07:08:17.150474Z,sensor.bed_1_temperature_delta,1.4,0
2026-08-12T07:08:17.150628Z,sensor.bed_1_booster_target_speed,2,0
2026-08-12T07:08:17.151177Z,sensor.bed_1_booster_pi_target_speed,2,0
2026-08-12T07:08:17.151367Z,sensor.bed_1_booster_effective_percentage,20,0
2026-08-12T07:09:44.265180Z,sensor.kitchen_temp_temperature,68.72,0
2026-08-12T07:09:44.265639Z,sensor.bed_1_temperature_delta,1.8,0
2026-08-12T07:09:44.265954Z,sensor.bed_2_temperature_delta,2.3,0
2026-08-12T07:09:44.266215Z,sensor.bed_3_temperature_delta,2.3,0
2026-08-12T07:09:58.007241Z,sensor.bed_3_temp_temperature,70.52,0
2026-08-12T07:09:58.007615Z,sensor.bed_3_temperature_delta,1.8,0
2026-08-12T07:09:58.007931Z,sensor.bed_3_booster_target_speed,2,0
2026-08-12T07:09:58.008973Z,sensor.bed_3_booster_pi_target_speed,2,0
2026-08-12T07:09:58.009374Z,sensor.bed_3_booster_effective_percentage,20,0
2026-08-12T07:12:14.624256Z,sensor.bed_2_temp_temperature,70.52,0
2026-08-12T07:12:14.624478Z,sensor.bed_2_temperature_delta,1.8,0
2026-08-12T07:12:14.624632Z,sensor.bed_2_booster_target_speed,2,0
2026-08-12T07:12:14.625220Z,sensor.bed_2_booster_pi_target_speed,2,0
2026-08-12T07:12:14.625410Z,sensor.bed_2_booster_effective_percentage,20,0
2026-08-12T07:22:16.847557Z,climate.kitchen,cool,0
2026-08-12T07:22:16.853103Z,sensor.kitchen_temperature,71.24,0
2026-08-12T07:23:17.056460Z,sensor.bed_1_temp_temperature,70.16,0
2026-08-12T07:23:17.056899Z,sensor.bed_1_temperature_delta,1.4,0
2026-08-12T07:24:41.823208Z,sensor.kitchen_temp_temperature,68.18,0
2026-08-12T07:24:41.823654Z,sensor.bed_1_temperature_delta,2.0,0
2026-08-12T07:24:41.823966Z,sensor.bed_2_temperature_delta,2.3,0
2026-08-12T07:24:41.824229Z,sensor.bed_3_temperature_delta,2.3,0
2026-08-12T07:24:41.824747Z,sensor.bed_2_booster_target_speed,4,0
2026-08-12T07:24:41.825054Z,sensor.bed_3_booster_target_speed,4,0
2026-08-12T07:24:41.826453Z,sensor.bed_2_booster_pi_target_speed,4,0
2026-08-12T07:24:41.827254Z,sensor.bed_3_booster_pi_target_speed,4,0
2026-08-12T07:24:41.827713Z,sensor.bed_2_booster_effective_percentage,40,0
2026-08-12T07:24:41.828565Z,sensor.bed_3_booster_effective_percentage,40,0
2026-08-12T07:24:58.473434Z,sensor.bed_3_temp_temperature,69.98,0
2026-08-12T07:24:58.473769Z,sensor.bed_3_temperature_delta,1.8,0
2026-08-12T07:24:58.474051Z,sensor.bed_3_booster_target_speed,2,0
2026-08-12T07:24:58.474977Z,sensor.bed_3_booster_pi_target_speed,2,0
2026-08-12T07:24:58.475333Z,sensor.bed_3_booster_effective_percentage,20,0
2026-08-12T07:36:47.152490Z,sensor.bed_2_temp_temperature,69.62,0
2026-08-12T07:36:47.152766Z,sensor.bed_2_temperature_delta,1.4,0
2026-08-12T07:36:47.152965Z,sensor.bed_2_booster_target_speed,2,0
2026-08-12T07:36:47.153609Z,sensor.bed_2_booster_pi_target_speed,2,0
2026-08-12T07:36:47.153868Z,sensor.bed_2_booster_effective_percentage,20,0
2026-08-12T07:38:17.353878Z,sensor.bed_1_temp_temperature,69.62,0
2026-08-12T07:38:17.354222Z,sensor.bed_1_temperature_delta,1.4,0
2026-08-12T07:39:39.282307Z,sensor.kitchen_temp_temperature,67.64,0
2026-08-12T07:39:39.282794Z,sensor.bed_1_temperature_delta,2.0,0
2026-08-12T07:39:39.283138Z,sensor.bed_2_temperature_delta,2.0,0
2026-08-12T07:39:39.283430Z,sensor.bed_3_temperature_delta,2.3,0
2026-08-12T07:39:39.284225Z,sensor.bed_3_booster_target_speed,4,0
2026-08-12T07:39:39.285766Z,sensor.bed_3_booster_pi_target_speed,4,0
2026-08-12T07:39:39.286301Z,sensor.bed_3_booster_effective_percentage,40,0
2026-08-12T07:39:58.385194Z,sensor.bed_3_temp_temperature,69.44,0
2026-08-12T07:39:58.385673Z,sensor.bed_3_temperature_delta,1.8,0
2026-08-12T07:39:58.386079Z,sensor.bed_3_booster_target_speed,2,0
2026-08-12T07:39:58.387403Z,sensor.bed_3_booster_pi_target_speed,2,0
2026-08-12T07:39:58.387935Z,sensor.bed_3_booster_effective_percentage,20,0
2026-08-12T07:45:00.467041Z,sensor.bed_1_booster_adaptive_boost,1,0
2026-08-12T07:45:00.467595Z,sensor.bed_1_booster_pi_target_speed,3,0
2026-08-12T07:45:00.468252Z,sensor.bed_1_booster_effective_percentage,30,0
2026-08-12T07:45:00.470602Z,sensor.bed_2_booster_adaptive_boost,1,0
2026-08-12T07:45:00.471105Z,sensor.bed_2_booster_pi_target_speed,3,0
2026-08-12T07:45:00.471616Z,sensor.bed_2_booster_effective_percentage,30,0
2026-08-12T07:45:00.477417Z,sensor.bed_3_booster_adaptive_boost,1,0
2026-08-12T07:45:00.477972Z,sensor.bed_3_booster_pi_target_speed,3,0
2026-08-12T07:45:00.478543Z,sensor.bed_3_booster_effective_percentage,30,0
2026-08-12T07:52:16.868955Z,climate.kitchen,cool,0
2026-08-12T07:52:16.873031Z,sensor.bed_1_booster_adaptive_boost,0,0
2026-08-12T07:52:16.874404Z,sensor.bed_2_booster_adaptive_boost,0,0
2026-08-12T07:52:16.875716Z,sensor.bed_3_booster_adaptive_boost,0,0
2026-08-12T07:52:16.882594Z,sensor.bed_1_booster_pi_target_speed,2,0
2026-08-12T07:52:16.883232Z,sensor.bed_2_booster_pi_target_speed,2,0
2026-08-12T07:52:16.883809Z,sensor.bed_3_booster_pi_target_speed,2,0
2026-08-12T07:52:16.884471Z,sensor.bed_1_booster_effective_percentage,20,0
2026-08-12T07:52:16.885361Z,sensor.bed_2_booster_effective_percentage,20,0
2026-08-12T07:52:16.886220Z,sensor.bed_3_booster_effective_percentage,20,0
2026-08-12T07:52:16.891397Z,sensor.kitchen_temperature,70.34,0
2026-08-12T07:53:17.357228Z,sensor.bed_1_temp_temperature,69.08,0
2026-08-12T07:53:17.357675Z,sensor.bed_1_temperature_delta,1.4,0
2026-08-12T07:54:37.875637Z,sensor.kitchen_temp_temperature,67.28,0
2026-08-12T07:54:37.875988Z,sensor.bed_1_temperature_delta,1.8,0
2026-08-12T07:54:37.876203Z,sensor.bed_2_temperature_delta,2.3,0
2026-08-12T07:54:37.876400Z,sensor.bed_3_temperature_delta,2.2,0
2026-08-12T07:54:37.876875Z,sensor.bed_2_booster_target_speed,4,0
2026-08-12T07:54:37.877147Z,sensor.bed_3_booster_target_speed,4,0
2026-08-12T07:54:37.878455Z,sensor.bed_2_booster_pi_target_speed,4,0
2026-08-12T07:54:37.879158Z,sensor.bed_3_booster_pi_target_speed,4,0
2026-08-12T07:54:37.879575Z,sensor.bed_2_booster_effective_percentage,40,0
2026-08-12T07:54:37.880468Z,sensor.bed_3_booster_effective_percentage,40,0
2026-08-12T07:55:01.268832Z,sensor.bed_3_temp_temperature,68.9,0
2026-08-12T07:55:01.269202Z,sensor.bed_3_temperature_delta,1.6,0
2026-08-12T07:55:01.269481Z,sensor.bed_3_booster_target_speed,2,0
2026-08-12T07:55:01.270451Z,sensor.bed_3_booster_pi_target_speed,2,0
2026-08-12T07:55:01.270827Z,sensor.bed_3_booster_effective_percentage,20,0
2026-08-12T08:05:35.041969Z,sensor.bed_2_temp_temperature,68.72,0
2026-08-12T08:05:35.042454Z,sensor.bed_2_temperature_delta,1.4,0
2026-08-12T08:05:35.042834Z,sensor.bed_2_booster_target_speed,2,0
2026-08-12T08:05:35.044188Z,sensor.bed_2_booster_pi_target_speed,2,0
2026-08-12T08:05:35.044704Z,sensor.bed_2_booster_effective_percentage,20,0
2026-08-12T08:08:18.343539Z,sensor.bed_1_temp_temperature,68.72,0
2026-08-12T08:08:18.343750Z,sensor.bed_1_temperature_delta,1.4,0
2026-08-12T08:09:34.782011Z,sensor.kitchen_temp_temperature,66.92,0
2026-08-12T08:09:34.782399Z,sensor.bed_1_temperature_delta,1.8,0
2026-08-12T08:09:34.782647Z,sensor.bed_2_temperature_delta,1.8,0
2026-08-12T08:09:34.782888Z,sensor.bed_3_temperature_delta,2.0,0
2026-08-12T08:10:00.768996Z,sensor.bed_3_temp_temperature,68.54,0
2026-08-12T08:10:00.769478Z,sensor.bed_3_temperature_delta,1.6,0
2026-08-12T08:15:00.463175Z,sensor.bed_1_booster_adaptive_boost,1,0
2026-08-12T08:15:00.463413Z,sensor.bed_1_booster_pi_target_speed,3,0
2026-08-12T08:15:00.463717Z,sensor.bed_1_booster_effective_percentage,30,0
2026-08-12T08:15:00.465661Z,sensor.bed_2_booster_adaptive_boost,1,0
2026-08-12T08:15:00.466169Z,sensor.bed_2_booster_pi_target_speed,3,0
2026-08-12T08:15:00.466435Z,sensor.bed_2_booster_effective_percentage,30,0
2026-08-12T08:15:00.467514Z,sensor.bed_3_booster_adaptive_boost,1,0
2026-08-12T08:15:00.467734Z,sensor.bed_3_booster_pi_target_speed,3,0
2026-08-12T08:15:00.467967Z,sensor.bed_3_booster_effective_percentage,30,0
2026-08-12T08:17:17.408820Z,climate.kitchen,cool,0
2026-08-12T08:17:17.412362Z,sensor.bed_1_booster_adaptive_boost,0,0
2026-08-12T08:17:17.413585Z,sensor.bed_2_booster_adaptive_boost,0,0
2026-08-12T08:17:17.414729Z,sensor.bed_3_booster_adaptive_boost,0,0
2026-08-12T08:17:17.417282Z,sensor.bed_1_booster_pi_target_speed,2,0
2026-08-12T08:17:17.417853Z,sensor.bed_2_booster_pi_target_speed,2,0
2026-08-12T08:17:17.418387Z,sensor.bed_3_booster_pi_target_speed,2,0
2026-08-12T08:17:17.418826Z,sensor.bed_1_booster_effective_percentage,20,0
2026-08-12T08:17:17.419677Z,sensor.bed_2_booster_effective_percentage,20,0
2026-08-12T08:17:17.420428Z,sensor.bed_3_booster_effective_percentage,20,0
2026-08-12T08:17:17.421290Z,sensor.kitchen_temperature,69.44,0
2026-08-12T08:20:31.973415Z,sensor.bed_2_temp_temperature,68.9,0
2026-08-12T08:20:31.973691Z,sensor.bed_2_temperature_delta,2.0,0
2026-08-12T08:23:19.176017Z,sensor.bed_1_temp_temperature,68.18,0
2026-08-12T08:23:19.176432Z,sensor.bed_1_temperature_delta,1.3,0
2026-08-12T08:23:19.176765Z,sensor.bed_1_booster_target_speed,0,0
2026-08-12T08:23:19.181075Z,sensor.bed_1_booster_pi_target_speed,0,0
2026-08-12T08:23:19.181545Z,sensor.bed_1_booster_effective_percentage,10,0
2026-08-12T08:24:31.585210Z,sensor.kitchen_temp_temperature,66.38,0
2026-08-12T08:24:31.585713Z,sensor.bed_1_temperature_delta,1.8,0
2026-08-12T08:24:31.586054Z,sensor.bed_2_temperature_delta,2.5,0
2026-08-12T08:24:31.586349Z,sensor.bed_3_temperature_delta,2.2,0
2026-08-12T08:24:31.586714Z,sensor.bed_1_booster_target_speed,2,0
2026-08-12T08:24:31.587075Z,sensor.bed_2_booster_target_speed,6,0
2026-08-12T08:24:31.587391Z,sensor.bed_3_booster_target_speed,4,0
2026-08-12T08:24:31.588385Z,sensor.bed_1_booster_pi_target_speed,2,0
2026-08-12T08:24:31.588653Z,sensor.bed_2_booster_pi_target_speed,6,0
2026-08-12T08:24:31.588924Z,sensor.bed_3_booster_pi_target_speed,4,0
2026-08-12T08:24:31.589091Z,sensor.bed_1_booster_effective_percentage,20,0
2026-08-12T08:24:31.589409Z,sensor.bed_2_booster_effective_percentage,60,0
2026-08-12T08:24:31.589687Z,sensor.bed_3_booster_effective_percentage,40,0
2026-08-12T08:25:01.121179Z,sensor.bed_3_temp_temperature,68.0,0
2026-08-12T08:25:01.121567Z,sensor.bed_3_temperature_delta,1.6,0
2026-08-12T08:25:01.121886Z,sensor.bed_3_booster_target_speed,2,0
2026-08-12T08:25:01.122940Z,sensor.bed_3_booster_pi_target_speed,2,0
2026-08-12T08:25:01.123347Z,sensor.bed_3_booster_effective_percentage,20,0
2026-08-12T08:34:34.211435Z,sensor.bed_2_temp_temperature,68.0,0
2026-08-12T08:34:34.211921Z,sensor.bed_2_temperature_delta,1.6,0
2026-08-12T08:34:34.212277Z,sensor.bed_2_booster_target_speed,2,0
2026-08-12T08:34:34.213529Z,sensor.bed_2_booster_pi_target_speed,2,0
2026-08-12T08:34:34.214023Z,sensor.bed_2_booster_effective_percentage,20,0
2026-08-12T08:38:17.846134Z,sensor.bed_1_temp_temperature,67.82,0
2026-08-12T08:38:17.846513Z,sensor.bed_1_temperature_delta,1.4,0
2026-08-12T08:39:28.352801Z,sensor.kitchen_temp_temperature,66.02,0
2026-08-12T08:39:28.353203Z,sensor.bed_1_temperature_delta,1.8,0
2026-08-12T08:39:28.353427Z,sensor.bed_2_temperature_delta,2.0,0
2026-08-12T08:39:28.353625Z,sensor.bed_3_temperature_delta,2.0,0
2026-08-12T08:40:00.463552Z,sensor.bed_1_booster_adaptive_boost,1,0
2026-08-12T08:40:00.463773Z,sensor.bed_1_booster_pi_target_speed,3,0
2026-08-12T08:40:00.464070Z,sensor.bed_1_booster_effective_percentage,30,0
2026-08-12T08:40:00.465718Z,sensor.bed_2_booster_adaptive_boost,1,0
2026-08-12T08:40:00.465908Z,sensor.bed_2_booster_pi_target_speed,3,0
2026-08-12T08:40:00.466101Z,sensor.bed_2_booster_effective_percentage,30,0
2026-08-12T08:40:00.466936Z,sensor.bed_3_booster_adaptive_boost,1,0
2026-08-12T08:40:00.467149Z,sensor.bed_3_booster_pi_target_speed,3,0
2026-08-12T08:40:00.467339Z,sensor.bed_3_booster_effective_percentage,30,0
2026-08-12T08:40:00.779358Z,sensor.bed_3_temp_temperature,67.64,0
2026-08-12T08:40:00.779896Z,sensor.bed_3_temperature_delta,1.6,0
2026-08-12T08:53:16.670540Z,sensor.bed_1_temp_temperature,67.1,0
2026-08-12T08:53:16.671059Z,sensor.bed_1_temperature_delta,1.1,0
2026-08-12T08:53:16.671454Z,sensor.bed_1_booster_target_speed,0,0
2026-08-12T08:53:16.672806Z,sensor.bed_1_booster_pi_target_speed,1,0
2026-08-12T08:53:16.673357Z,sensor.bed_1_booster_effective_percentage,10,0
2026-08-12T08:54:24.724977Z,sensor.kitchen_temp_temperature,65.48,0
2026-08-12T08:54:24.725471Z,sensor.bed_1_temperature_delta,1.6,0
2026-08-12T08:54:24.725790Z,sensor.bed_2_temperature_delta,2.5,0
2026-08-12T08:54:24.726102Z,sensor.bed_3_temperature_delta,2.2,0
2026-08-12T08:54:24.726459Z,sensor.bed_1_booster_target_speed,2,0
2026-08-12T08:54:24.726789Z,sensor.bed_2_booster_target_speed,6,0
2026-08-12T08:54:24.727129Z,sensor.bed_3_booster_target_speed,4,0
2026-08-12T08:54:24.728644Z,sensor.bed_1_booster_pi_target_speed,3,0
2026-08-12T08:54:24.729481Z,sensor.bed_2_booster_pi_target_speed,7,0
2026-08-12T08:54:24.730312Z,sensor.bed_3_booster_pi_target_speed,5,0
2026-08-12T08:54:24.730812Z,sensor.bed_1_booster_effective_percentage,30,0
2026-08-12T08:54:24.731872Z,sensor.bed_2_booster_effective_percentage,70,0
2026-08-12T08:54:24.732756Z,sensor.bed_3_booster_effective_percentage,50,0
2026-08-12T08:55:00.652197Z,sensor.bed_3_temp_temperature,67.1,0
2026-08-12T08:55:00.652675Z,sensor.bed_3_temperature_delta,1.6,0
2026-08-12T08:55:00.653085Z,sensor.bed_3_booster_target_speed,2,0
2026-08-12T08:55:00.654428Z,sensor.bed_3_booster_pi_target_speed,3,0
2026-08-12T08:55:00.655898Z,sensor.bed_3_booster_effective_percentage,30,0
2026-08-12T08:55:12.878230Z,climate.kitchen,cool,0
2026-08-12T08:55:12.882363Z,sensor.bed_1_booster_adaptive_boost,0,0
2026-08-12T08:55:12.883870Z,sensor.bed_2_booster_adaptive_boost,0,0
2026-08-12T08:55:12.885344Z,sensor.bed_3_booster_adaptive_boost,0,0
2026-08-12T08:55:12.887663Z,sensor.bed_1_booster_pi_target_speed,2,0
2026-08-12T08:55:12.888357Z,sensor.bed_2_booster_pi_target_speed,6,0
2026-08-12T08:55:12.889016Z,sensor.bed_3_booster_pi_target_speed,2,0
2026-08-12T08:55:12.889514Z,sensor.bed_1_booster_effective_percentage,20,0
2026-08-12T08:55:12.890371Z,sensor.bed_2_booster_effective_percentage,60,0
2026-08-12T08:55:12.891263Z,sensor.bed_3_booster_effective_percentage,20,0
2026-08-12T08:55:12.899221Z,sensor.kitchen_temperature,68.36,0
2026-08-12T08:55:14.672698Z,climate.kitchen,cool,0
2026-08-12T09:08:15.637122Z,sensor.bed_1_temp_temperature,67.46,0
2026-08-12T09:08:15.637318Z,sensor.bed_1_temperature_delta,2.0,0
2026-08-12T09:09:05.729422Z,sensor.kitchen_temp_temperature,66.38,0
2026-08-12T09:09:05.729631Z,sensor.bed_1_temperature_delta,1.1,0
2026-08-12T09:09:05.729753Z,sensor.bed_2_temperature_delta,1.6,0
2026-08-12T09:09:05.729868Z,sensor.bed_3_temperature_delta,0.7,0
2026-08-12T09:09:05.730004Z,sensor.bed_1_booster_target_speed,0,0
2026-08-12T09:09:05.730124Z,sensor.bed_2_booster_target_speed,2,0
2026-08-12T09:09:05.730237Z,sensor.bed_3_booster_target_speed,0,0
2026-08-12T09:09:05.730817Z,sensor.bed_1_booster_pi_target_speed,0,0
2026-08-12T09:09:05.731120Z,sensor.bed_2_booster_pi_target_speed,2,0
2026-08-12T09:09:05.731413Z,sensor.bed_3_booster_pi_target_speed,0,0
2026-08-12T09:09:05.731583Z,sensor.bed_1_booster_effective_percentage,0,0
2026-08-12T09:09:05.734733Z,sensor.bed_2_booster_effective_percentage,20,0
2026-08-12T09:09:05.735135Z,sensor.bed_3_booster_effective_percentage,0,0
2026-08-12T09:19:24.512544Z,sensor.bed_2_temp_temperature,68.36,0
2026-08-12T09:19:24.513009Z,sensor.bed_2_temperature_delta,2.0,0
2026-08-12T09:23:14.976442Z,sensor.bed_1_temp_temperature,67.64,0
2026-08-12T09:23:14.976868Z,sensor.bed_1_temperature_delta,1.3,0
2026-08-12T09:24:02.499242Z,sensor.kitchen_temp_temperature,66.74,0
2026-08-12T09:24:02.499591Z,sensor.bed_1_temperature_delta,0.9,0
2026-08-12T09:24:02.499828Z,sensor.bed_2_temperature_delta,1.6,0
2026-08-12T09:24:02.500050Z,sensor.bed_3_temperature_delta,0.4,0
2026-08-12T09:34:21.389010Z,sensor.bed_2_temp_temperature,68.54,0
2026-08-12T09:34:21.389526Z,sensor.bed_2_temperature_delta,1.8,0
2026-08-12T09:38:14.737930Z,sensor.bed_1_temp_temperature,67.82,0
2026-08-12T09:38:14.738435Z,sensor.bed_1_temperature_delta,1.1,0
2026-08-12T09:38:59.345045Z,sensor.kitchen_temp_temperature,67.1,0
2026-08-12T09:38:59.345536Z,sensor.bed_1_temperature_delta,0.7,0
2026-08-12T09:38:59.345878Z,sensor.bed_2_temperature_delta,1.4,0
2026-08-12T09:38:59.346174Z,sensor.bed_3_temperature_delta,0.0,0
2026-08-12T09:53:56.737481Z,sensor.kitchen_temp_temperature,67.46,0
2026-08-12T09:53:56.737979Z,sensor.bed_1_temperature_delta,0.4,0
2026-08-12T09:53:56.738283Z,sensor.bed_2_temperature_delta,1.1,0
2026-08-12T09:53:56.738550Z,sensor.bed_3_temperature_delta,-0.4,0
2026-08-12T09:53:56.739111Z,sensor.bed_2_booster_target_speed,0,0
2026-08-12T09:53:56.740820Z,sensor.bed_2_booster_pi_target_speed,0,0
2026-08-12T09:53:56.741299Z,sensor.bed_2_booster_effective_percentage,0,0
2026-08-12T10:08:12.561512Z,sensor.bed_1_temp_temperature,68.0,0
2026-08-12T10:08:12.562011Z,sensor.bed_1_temperature_delta,0.5,0
2026-08-12T10:08:53.654135Z,sensor.kitchen_temp_temperature,67.64,0
2026-08-12T10:08:53.654651Z,sensor.bed_1_temperature_delta,0.4,0
2026-08-12T10:08:53.654957Z,sensor.bed_2_temperature_delta,0.9,0
2026-08-12T10:08:53.655239Z,sensor.bed_3_temperature_delta,-0.5,0
2026-08-12T10:09:58.453693Z,sensor.bed_3_temp_temperature,67.28,0
2026-08-12T10:09:58.453903Z,sensor.bed_3_temperature_delta,-0.4,0
2026-08-12T10:23:11.615607Z,sensor.bed_1_temp_temperature,68.18,0
2026-08-12T10:23:11.616066Z,sensor.bed_1_temperature_delta,0.5,0
2026-08-12T10:34:09.626331Z,sensor.bed_2_temp_temperature,68.72,0
2026-08-12T10:34:09.626725Z,sensor.bed_2_temperature_delta,1.1,0
2026-08-12T10:38:47.809714Z,sensor.kitchen_temp_temperature,67.82,0
2026-08-12T10:38:47.810085Z,sensor.bed_1_temperature_delta,0.4,0
2026-08-12T10:38:47.810318Z,sensor.bed_2_temperature_delta,0.9,0
2026-08-12T10:38:47.810531Z,sensor.bed_3_temperature_delta,-0.5,0
2026-08-12T10:40:02.608166Z,sensor.bed_3_temp_temperature,67.46,0
2026-08-12T10:40:02.608516Z,sensor.bed_3_temperature_delta,-0.4,0
2026-08-12T10:49:06.553677Z,sensor.bed_2_temp_temperature,68.54,0
2026-08-12T10:49:06.554173Z,sensor.bed_2_temperature_delta,0.7,0
2026-08-12T10:53:10.737919Z,sensor.bed_1_temp_temperature,68.36,0
2026-08-12T10:53:10.738411Z,sensor.bed_1_temperature_delta,0.5,0
2026-08-12T10:53:48.290637Z,sensor.kitchen_temp_temperature,68.0,0
2026-08-12T10:53:48.290907Z,sensor.bed_1_temperature_delta,0.4,0
2026-08-12T10:53:48.291065Z,sensor.bed_2_temperature_delta,0.5,0
2026-08-12T10:53:48.291203Z,sensor.bed_3_temperature_delta,-0.5,0
2026-08-12T11:25:03.683664Z,sensor.bed_3_temp_temperature,67.64,0
2026-08-12T11:25:03.684121Z,sensor.bed_3_temperature_delta,-0.4,0
2026-08-12T11:38:14.388490Z,sensor.bed_1_temp_temperature,68.54,0
2026-08-12T11:38:14.388677Z,sensor.bed_1_temperature_delta,0.5,0
2026-08-12T11:38:40.984972Z,sensor.kitchen_temp_temperature,68.18,0
2026-08-12T11:38:40.985510Z,sensor.bed_1_temperature_delta,0.4,0
2026-08-12T11:38:40.985865Z,sensor.bed_2_temperature_delta,0.4,0
2026-08-12T11:38:40.986137Z,sensor.bed_3_temperature_delta,-0.5,0
2026-08-12T12:00:24.756308Z,climate.kitchen,cool,0
2026-08-12T12:18:51.920683Z,sensor.bed_2_temp_temperature,68.36,0
2026-08-12T12:18:51.921197Z,sensor.bed_2_temperature_delta,0.2,0
2026-08-12T12:23:32.557516Z,sensor.kitchen_temp_temperature,68.36,0
2026-08-12T12:23:32.557882Z,sensor.bed_1_temperature_delta,0.2,0
2026-08-12T12:23:32.558099Z,sensor.bed_2_temperature_delta,0.0,0
2026-08-12T12:23:32.558295Z,sensor.bed_3_temperature_delta,-0.7,0
2026-08-12T12:25:02.841341Z,sensor.bed_3_temp_temperature,67.82,0
2026-08-12T12:25:02.841735Z,sensor.bed_3_temperature_delta,-0.5,0
2026-08-12T12:38:11.747243Z,sensor.bed_1_temp_temperature,68.72,0
2026-08-12T12:38:11.747463Z,sensor.bed_1_temperature_delta,0.4,0
2026-08-12T13:00:02.410034Z,climate.kitchen,cool,0
2026-08-12T13:00:02.413520Z,sensor.kitchen_temperature,68.9,0
2026-08-12T13:03:43.001385Z,sensor.bed_2_temp_temperature,68.54,0
2026-08-12T13:03:43.001835Z,sensor.bed_2_temperature_delta,0.2,0
2026-08-12T13:08:25.013907Z,sensor.kitchen_temp_temperature,68.54,0
2026-08-12T13:08:25.014367Z,sensor.bed_1_temperature_delta,0.2,0
2026-08-12T13:08:25.014659Z,sensor.bed_2_temperature_delta,0.0,0
2026-08-12T13:08:25.014942Z,sensor.bed_3_temperature_delta,-0.7,0
2026-08-12T13:10:02.432784Z,sensor.bed_3_temp_temperature,68.0,0
2026-08-12T13:10:02.433029Z,sensor.bed_3_temperature_delta,-0.5,0
2026-08-12T13:23:10.482420Z,sensor.bed_1_temp_temperature,69.08,0
2026-08-12T13:23:10.482836Z,sensor.bed_1_temperature_delta,0.5,0
2026-08-12T13:25:02.656667Z,sensor.bed_3_temp_temperature,68.18,0
2026-08-12T13:25:02.657121Z,sensor.bed_3_temperature_delta,-0.4,0
2026-08-12T13:33:36.681280Z,sensor.bed_2_temp_temperature,68.72,0
2026-08-12T13:33:36.681644Z,sensor.bed_2_temperature_delta,0.2,0
2026-08-12T13:34:43.373901Z,climate.kitchen,cool,0
2026-08-12T13:34:43.385764Z,sensor.kitchen_temperature,69.44,0
2026-08-12T13:38:10.243922Z,sensor.bed_1_temp_temperature,69.26,0
2026-08-12T13:38:10.244267Z,sensor.bed_1_temperature_delta,0.7,0
2026-08-12T13:38:19.740965Z,sensor.kitchen_temp_temperature,68.72,0
2026-08-12T13:38:19.741316Z,sensor.bed_1_temperature_delta,0.5,0
2026-08-12T13:38:19.741539Z,sensor.bed_2_temperature_delta,0.0,0
2026-08-12T13:38:19.741739Z,sensor.bed_3_temperature_delta,-0.5,0
2026-08-12T13:40:05.505218Z,sensor.bed_3_temp_temperature,68.54,0
2026-08-12T13:40:05.505674Z,sensor.bed_3_temperature_delta,-0.2,0
2026-08-12T13:53:09.932528Z,sensor.bed_1_temp_temperature,69.44,0
2026-08-12T13:53:09.933002Z,sensor.bed_1_temperature_delta,0.7,0
2026-08-12T13:53:19.918061Z,sensor.kitchen_temp_temperature,68.9,0
2026-08-12T13:53:19.918411Z,sensor.bed_1_temperature_delta,0.5,0
2026-08-12T13:53:19.918630Z,sensor.bed_2_temperature_delta,-0.2,0
2026-08-12T13:53:19.918828Z,sensor.bed_3_temperature_delta,-0.4,0
2026-08-12T13:55:06.789527Z,sensor.bed_3_temp_temperature,68.9,0
2026-08-12T13:55:06.790045Z,sensor.bed_3_temperature_delta,0.0,0
2026-08-12T14:03:30.862951Z,sensor.bed_2_temp_temperature,69.08,0
2026-08-12T14:03:30.863402Z,sensor.bed_2_temperature_delta,0.2,0
2026-08-12T14:08:13.466024Z,sensor.bed_1_temp_temperature,69.8,0
2026-08-12T14:08:13.466524Z,sensor.bed_1_temperature_delta,0.9,0
2026-08-12T14:08:17.597399Z,sensor.kitchen_temp_temperature,69.08,0
2026-08-12T14:08:17.597908Z,sensor.bed_1_temperature_delta,0.7,0
2026-08-12T14:08:17.598233Z,sensor.bed_2_temperature_delta,0.0,0
2026-08-12T14:08:17.598527Z,sensor.bed_3_temperature_delta,-0.2,0
2026-08-12T14:10:08.042591Z,sensor.bed_3_temp_temperature,69.26,0
2026-08-12T14:10:08.043125Z,sensor.bed_3_temperature_delta,0.2,0
2026-08-12T14:18:27.815444Z,sensor.bed_2_temp_temperature,69.44,0
2026-08-12T14:18:27.815996Z,sensor.bed_2_temperature_delta,0.4,0
2026-08-12T14:23:15.045077Z,sensor.kitchen_temp_temperature,69.26,0
2026-08-12T14:23:15.045446Z,sensor.bed_1_temperature_delta,0.5,0
2026-08-12T14:23:15.045673Z,sensor.bed_2_temperature_delta,0.2,0
2026-08-12T14:23:15.045888Z,sensor.bed_3_temperature_delta,0.0,0
2026-08-12T14:25:08.241017Z,sensor.bed_3_temp_temperature,69.98,0
2026-08-12T14:25:08.241459Z,sensor.bed_3_temperature_delta,0.7,0
2026-08-12T14:33:25.440518Z,sensor.bed_2_temp_temperature,69.8,0
2026-08-12T14:33:25.440882Z,sensor.bed_2_temperature_delta,0.5,0
2026-08-12T14:38:15.086153Z,sensor.kitchen_temp_temperature,69.44,0
2026-08-12T14:38:15.086576Z,sensor.bed_1_temperature_delta,0.4,0
2026-08-12T14:38:15.086858Z,sensor.bed_2_temperature_delta,0.4,0
2026-08-12T14:38:15.087107Z,sensor.bed_3_temperature_delta,0.5,0
2026-08-12T14:38:15.618253Z,sensor.bed_1_temp_temperature,69.98,0
2026-08-12T14:38:15.618484Z,sensor.bed_1_temperature_delta,0.5,0
2026-08-12T14:40:08.905324Z,sensor.bed_3_temp_temperature,70.34,0
2026-08-12T14:40:08.905763Z,sensor.bed_3_temperature_delta,0.9,0
2026-08-12T14:48:22.667986Z,sensor.bed_2_temp_temperature,70.16,0
2026-08-12T14:48:22.668363Z,sensor.bed_2_temperature_delta,0.7,0
2026-08-12T14:53:13.176170Z,sensor.kitchen_temp_temperature,69.8,0
2026-08-12T14:53:13.176600Z,sensor.bed_1_temperature_delta,0.2,0
2026-08-12T14:53:13.176891Z,sensor.bed_2_temperature_delta,0.4,0
2026-08-12T14:53:13.177144Z,sensor.bed_3_temperature_delta,0.5,0
2026-08-12T14:53:14.673069Z,sensor.bed_1_temp_temperature,70.16,0
2026-08-12T14:53:14.673514Z,sensor.bed_1_temperature_delta,0.4,0
2026-08-12T14:55:09.521662Z,sensor.bed_3_temp_temperature,70.7,0
2026-08-12T14:55:09.521891Z,sensor.bed_3_temperature_delta,0.9,0
2026-08-12T15:03:20.550981Z,sensor.bed_2_temp_temperature,70.88,0
2026-08-12T15:03:20.551480Z,sensor.bed_2_temperature_delta,1.1,0
2026-08-12T15:08:11.343637Z,sensor.kitchen_temp_temperature,69.98,0
2026-08-12T15:08:11.344109Z,sensor.bed_1_temperature_delta,0.2,0
2026-08-12T15:08:11.344402Z,sensor.bed_2_temperature_delta,0.9,0
2026-08-12T15:08:11.344666Z,sensor.bed_3_temperature_delta,0.7,0
2026-08-12T15:08:14.569297Z,sensor.bed_1_temp_temperature,70.52,0
2026-08-12T15:08:14.569512Z,sensor.bed_1_temperature_delta,0.5,0
2026-08-12T15:10:09.909385Z,sensor.bed_3_temp_temperature,70.88,0
2026-08-12T15:10:09.909735Z,sensor.bed_3_temperature_delta,0.9,0
2026-08-12T15:18:18.109886Z,sensor.bed_2_temp_temperature,71.42,0
2026-08-12T15:18:18.110309Z,sensor.bed_2_temperature_delta,1.4,0
2026-08-12T15:19:48.842457Z,sensor.bed_1_booster_pi_target_speed,0,0
2026-08-12T15:19:48.842619Z,sensor.bed_2_booster_pi_target_speed,0,0
2026-08-12T15:19:48.842772Z,sensor.bed_3_booster_pi_target_speed,0,0
2026-08-12T15:19:48.844927Z,sensor.bed_1_booster_adaptive_boost,0,0
2026-08-12T15:19:48.845074Z,sensor.bed_2_booster_adaptive_boost,0,0
2026-08-12T15:19:48.845215Z,sensor.bed_3_booster_adaptive_boost,0,0
2026-08-12T15:19:50.410337Z,climate.kitchen,cool,0
2026-08-12T15:23:08.871948Z,sensor.kitchen_temp_temperature,70.16,0
2026-08-12T15:23:08.872456Z,sensor.bed_1_temperature_delta,0.4,0
2026-08-12T15:23:08.872781Z,sensor.bed_2_temperature_delta,1.3,0
2026-08-12T15:23:08.873094Z,sensor.bed_3_temperature_delta,0.7,0
2026-08-12T15:23:14.960387Z,sensor.bed_1_temp_temperature,70.88,0
2026-08-12T15:23:14.960903Z,sensor.bed_1_temperature_delta,0.7,0
2026-08-12T15:25:10.603194Z,sensor.bed_3_temp_temperature,71.24,0
2026-08-12T15:25:10.603642Z,sensor.bed_3_temperature_delta,1.1,0
2026-08-12T15:26:45.061275Z,climate.kitchen,cool,0
2026-08-12T15:26:45.076318Z,sensor.kitchen_temperature,70.52,0
2026-08-12T15:33:15.829791Z,sensor.bed_2_temp_temperature,71.96,0
2026-08-12T15:33:15.830278Z,sensor.bed_2_temperature_delta,1.8,0
2026-08-12T15:33:15.830676Z,sensor.bed_2_booster_target_speed,2,0
2026-08-12T15:33:15.832323Z,sensor.bed_2_booster_pi_target_speed,2,0
2026-08-12T15:33:15.832972Z,sensor.bed_2_booster_effective_percentage,20,0
2026-08-12T15:38:06.219210Z,sensor.kitchen_temp_temperature,70.52,0
2026-08-12T15:38:06.219691Z,sensor.bed_1_temperature_delta,0.4,0
2026-08-12T15:38:06.220033Z,sensor.bed_2_temperature_delta,1.4,0
2026-08-12T15:38:06.220324Z,sensor.bed_3_temperature_delta,0.7,0
2026-08-12T15:38:14.535128Z,sensor.bed_1_temp_temperature,71.24,0
2026-08-12T15:38:14.535601Z,sensor.bed_1_temperature_delta,0.7,0
2026-08-12T15:38:54.566526Z,climate.kitchen,cool,0
2026-08-12T15:38:54.571676Z,sensor.kitchen_temperature,71.42,0
2026-08-12T15:38:55.209234Z,climate.kitchen,cool,0
2026-08-12T15:40:11.773019Z,sensor.bed_3_temp_temperature,71.6,0
2026-08-12T15:40:11.773462Z,sensor.bed_3_temperature_delta,1.1,0
2026-08-12T15:48:13.922781Z,sensor.bed_2_temp_temperature,72.32,0
2026-08-12T15:48:13.923142Z,sensor.bed_2_temperature_delta,1.8,0
2026-08-12T15:51:22.388611Z,climate.kitchen,cool,0
2026-08-12T15:53:04.380259Z,sensor.kitchen_temp_temperature,71.06,0
2026-08-12T15:53:04.380651Z,sensor.bed_1_temperature_delta,0.2,0
2026-08-12T15:53:04.380919Z,sensor.bed_2_temperature_delta,1.3,0
2026-08-12T15:53:04.381226Z,sensor.bed_3_temperature_delta,0.5,0
2026-08-12T15:53:04.381687Z,sensor.bed_2_booster_target_speed,0,0
2026-08-12T15:53:04.383144Z,sensor.bed_2_booster_pi_target_speed,0,0
2026-08-12T15:53:04.383536Z,sensor.bed_2_booster_effective_percentage,0,0
2026-08-12T15:53:16.447266Z,sensor.bed_1_temp_temperature,71.6,0
2026-08-12T15:53:16.447559Z,sensor.bed_1_temperature_delta,0.5,0
2026-08-12T15:55:12.609137Z,sensor.bed_3_temp_temperature,71.96,0
2026-08-12T15:55:12.609621Z,sensor.bed_3_temperature_delta,0.9,0
2026-08-12T15:55:46.161546Z,sensor.kitchen_temperature,72.5,0
2026-08-12T16:03:12.160707Z,sensor.bed_2_temp_temperature,72.86,0
2026-08-12T16:03:12.161033Z,sensor.bed_2_temperature_delta,1.8,0
2026-08-12T16:03:12.161259Z,sensor.bed_2_booster_target_speed,2,0
2026-08-12T16:03:12.163516Z,sensor.bed_2_booster_pi_target_speed,2,0
2026-08-12T16:03:12.163788Z,sensor.bed_2_booster_effective_percentage,20,0
2026-08-12T16:08:02.943540Z,sensor.kitchen_temp_temperature,71.6,0
2026-08-12T16:08:02.943735Z,sensor.bed_1_temperature_delta,0.0,0
2026-08-12T16:08:02.943878Z,sensor.bed_2_temperature_delta,1.3,0
2026-08-12T16:08:02.943996Z,sensor.bed_3_temperature_delta,0.4,0
2026-08-12T16:08:02.944221Z,sensor.bed_2_booster_target_speed,0,0
2026-08-12T16:08:02.944945Z,sensor.bed_2_booster_pi_target_speed,0,0
2026-08-12T16:08:02.945143Z,sensor.bed_2_booster_effective_percentage,0,0
2026-08-12T16:08:16.954631Z,sensor.bed_1_temp_temperature,72.14,0
2026-08-12T16:08:16.955066Z,sensor.bed_1_temperature_delta,0.5,0
2026-08-12T16:10:13.742762Z,sensor.bed_3_temp_temperature,72.32,0
2026-08-12T16:10:13.743261Z,sensor.bed_3_temperature_delta,0.7,0
2026-08-12T16:18:10.454772Z,sensor.bed_2_temp_temperature,73.4,0
2026-08-12T16:18:10.455076Z,sensor.bed_2_temperature_delta,1.8,0
2026-08-12T16:18:10.455302Z,sensor.bed_2_booster_target_speed,2,0
2026-08-12T16:18:10.456079Z,sensor.bed_2_booster_pi_target_speed,2,0
2026-08-12T16:18:10.456368Z,sensor.bed_2_booster_effective_percentage,20,0
2026-08-12T16:23:00.873892Z,sensor.kitchen_temp_temperature,71.96,0
2026-08-12T16:23:00.874290Z,sensor.bed_1_temperature_delta,0.2,0
2026-08-12T16:23:00.874546Z,sensor.bed_2_temperature_delta,1.4,0
2026-08-12T16:23:00.874779Z,sensor.bed_3_temperature_delta,0.4,0
2026-08-12T16:23:19.249218Z,sensor.bed_1_temp_temperature,72.5,0
2026-08-12T16:23:19.249630Z,sensor.bed_1_temperature_delta,0.5,0
2026-08-12T16:25:17.652002Z,sensor.bed_3_temp_temperature,72.86,0
2026-08-12T16:25:17.652492Z,sensor.bed_3_temperature_delta,0.9,0
2026-08-12T16:27:41.758568Z,sensor.bed_1_booster_pi_target_speed,0,0
2026-08-12T16:27:41.758772Z,sensor.bed_2_booster_pi_target_speed,2,0
2026-08-12T16:27:41.758968Z,sensor.bed_3_booster_pi_target_speed,0,0
2026-08-12T16:27:41.761545Z,sensor.bed_1_booster_adaptive_boost,0,0
2026-08-12T16:27:41.761734Z,sensor.bed_2_booster_adaptive_boost,0,0
2026-08-12T16:27:41.761923Z,sensor.bed_3_booster_adaptive_boost,0,0
2026-08-12T16:27:43.657442Z,climate.kitchen,cool,0
2026-08-12T16:33:08.936802Z,sensor.bed_2_temp_temperature,74.12,0
2026-08-12T16:33:08.937144Z,sensor.bed_2_temperature_delta,2.2,0
2026-08-12T16:33:08.937408Z,sensor.bed_2_booster_target_speed,4,0
2026-08-12T16:33:08.938450Z,sensor.bed_2_booster_pi_target_speed,4,0
2026-08-12T16:33:08.938852Z,sensor.bed_2_booster_effective_percentage,40,0
2026-08-12T16:37:59.655288Z,sensor.kitchen_temp_temperature,72.5,0
2026-08-12T16:37:59.655800Z,sensor.bed_1_temperature_delta,0.0,0
2026-08-12T16:37:59.656165Z,sensor.bed_2_temperature_delta,1.6,0
2026-08-12T16:37:59.656467Z,sensor.bed_3_temperature_delta,0.4,0
2026-08-12T16:37:59.657078Z,sensor.bed_2_booster_target_speed,2,0
2026-08-12T16:37:59.659154Z,sensor.bed_2_booster_pi_target_speed,2,0
2026-08-12T16:37:59.659801Z,sensor.bed_2_booster_effective_percentage,20,0
2026-08-12T16:38:19.674963Z,sensor.bed_1_temp_temperature,73.04,0
2026-08-12T16:38:19.675168Z,sensor.bed_1_temperature_delta,0.5,0
2026-08-12T16:40:18.527104Z,sensor.bed_3_temp_temperature,73.22,0
2026-08-12T16:40:18.527584Z,sensor.bed_3_temperature_delta,0.7,0
2026-08-12T16:43:04.849775Z,climate.kitchen,cool,0
2026-08-12T16:43:04.860430Z,sensor.kitchen_temperature,73.58,0
2026-08-12T16:48:08.025637Z,sensor.bed_2_temp_temperature,74.66,0
2026-08-12T16:48:08.026092Z,sensor.bed_2_temperature_delta,2.2,0
2026-08-12T16:48:08.026444Z,sensor.bed_2_booster_target_speed,4,0
2026-08-12T16:48:08.027903Z,sensor.bed_2_booster_pi_target_speed,4,0
2026-08-12T16:48:08.028462Z,sensor.bed_2_booster_effective_percentage,40,0
2026-08-12T16:52:43.438800Z,climate.kitchen,cool,0
2026-08-12T16:52:43.468445Z,sensor.kitchen_temperature,74.48,0
2026-08-12T16:52:59.837246Z,sensor.kitchen_temp_temperature,73.04,0
2026-08-12T16:52:59.837723Z,sensor.bed_1_temperature_delta,0.0,0
2026-08-12T16:52:59.838066Z,sensor.bed_2_temperature_delta,1.6,0
2026-08-12T16:52:59.838369Z,sensor.bed_3_temperature_delta,0.2,0
2026-08-12T16:52:59.838949Z,sensor.bed_2_booster_target_speed,2,0
2026-08-12T16:52:59.841154Z,sensor.bed_2_booster_pi_target_speed,2,0
2026-08-12T16:52:59.841761Z,sensor.bed_2_booster_effective_percentage,20,0
2026-08-12T16:53:22.267066Z,sensor.bed_1_temp_temperature,73.58,0
2026-08-12T16:53:22.267257Z,sensor.bed_1_temperature_delta,0.5,0
2026-08-12T16:55:07.180859Z,sensor.bed_3_temp_temperature,74.12,0
2026-08-12T16:55:07.181345Z,sensor.bed_3_temperature_delta,1.1,0
2026-08-12T16:57:13.321798Z,sensor.bed_2_temp_temperature,75.56,0
2026-08-12T16:57:13.329213Z,sensor.bed_2_temperature_delta,2.5,0
2026-08-12T16:57:13.329564Z,sensor.bed_2_booster_target_speed,6,0
2026-08-12T16:57:13.330944Z,sensor.bed_2_booster_pi_target_speed,6,0
2026-08-12T16:57:13.331450Z,sensor.bed_2_booster_effective_percentage,60,0
2026-08-12T16:59:15.181700Z,climate.kitchen,cool,0
2026-08-12T17:00:17.222871Z,climate.kitchen,cool,0
2026-08-12T17:00:17.233114Z,sensor.kitchen_temperature,75.56,0
2026-08-12T17:04:29.086277Z,sensor.kitchen_temp_temperature,73.94,0
2026-08-12T17:04:29.086744Z,sensor.bed_1_temperature_delta,-0.4,0
2026-08-12T17:04:29.087075Z,sensor.bed_2_temperature_delta,1.6,0
2026-08-12T17:04:29.087353Z,sensor.bed_3_temperature_delta,0.2,0
2026-08-12T17:04:29.087887Z,sensor.bed_2_booster_target_speed,2,0
2026-08-12T17:04:29.090001Z,sensor.bed_2_booster_pi_target_speed,2,0
2026-08-12T17:04:29.090577Z,sensor.bed_2_booster_effective_percentage,20,0
2026-08-12T17:08:23.121526Z,sensor.bed_1_temp_temperature,74.12,0
2026-08-12T17:08:23.122012Z,sensor.bed_1_temperature_delta,0.2,0
2026-08-12T17:09:00.579300Z,sensor.bed_3_temp_temperature,75.02,0
2026-08-12T17:09:00.579751Z,sensor.bed_3_temperature_delta,1.1,0
2026-08-12T17:10:54.186106Z,sensor.bed_2_temp_temperature,76.46,0
2026-08-12T17:10:54.186520Z,sensor.bed_2_temperature_delta,2.5,0
2026-08-12T17:10:54.186799Z,sensor.bed_2_booster_target_speed,6,0
2026-08-12T17:10:54.188096Z,sensor.bed_2_booster_pi_target_speed,6,0
2026-08-12T17:10:54.188578Z,sensor.bed_2_booster_effective_percentage,60,0
2026-08-12T17:19:31.823204Z,sensor.kitchen_temp_temperature,74.12,0
2026-08-12T17:19:31.823692Z,sensor.bed_1_temperature_delta,0.0,0
2026-08-12T17:19:31.824034Z,sensor.bed_2_temperature_delta,2.3,0
2026-08-12T17:19:31.824333Z,sensor.bed_3_temperature_delta,0.9,0
2026-08-12T17:23:25.742472Z,sensor.bed_1_temp_temperature,74.66,0
2026-08-12T17:23:25.742944Z,sensor.bed_1_temperature_delta,0.5,0
2026-08-12T17:24:03.131451Z,sensor.bed_3_temp_temperature,75.38,0
2026-08-12T17:24:03.131920Z,sensor.bed_3_temperature_delta,1.3,0
2026-08-12T17:25:00.162089Z,sensor.bed_2_booster_adaptive_boost,1,0
2026-08-12T17:25:00.162570Z,sensor.bed_2_booster_pi_target_speed,7,0
2026-08-12T17:25:00.163262Z,sensor.bed_2_booster_effective_percentage,70,0
2026-08-12T17:25:54.218880Z,sensor.bed_2_temp_temperature,76.64,0
2026-08-12T17:25:54.219330Z,sensor.bed_2_temperature_delta,2.5,0
2026-08-12T17:34:30.247801Z,sensor.kitchen_temp_temperature,74.48,0
2026-08-12T17:34:30.248151Z,sensor.bed_1_temperature_delta,0.2,0
2026-08-12T17:34:30.248369Z,sensor.bed_2_temperature_delta,2.2,0
2026-08-12T17:34:30.248569Z,sensor.bed_3_temperature_delta,0.9,0
2026-08-12T17:34:30.248966Z,sensor.bed_2_booster_target_speed,4,0
2026-08-12T17:34:30.250134Z,sensor.bed_2_booster_pi_target_speed,5,0
2026-08-12T17:34:30.250471Z,sensor.bed_2_booster_effective_percentage,50,0
2026-08-12T17:38:26.429702Z,sensor.bed_1_temp_temperature,75.2,0
2026-08-12T17:38:26.430212Z,sensor.bed_1_temperature_delta,0.7,0
2026-08-12T17:39:05.066537Z,sensor.bed_3_temp_temperature,75.74,0
2026-08-12T17:39:05.067039Z,sensor.bed_3_temperature_delta,1.3,0
2026-08-12T17:40:55.100985Z,sensor.bed_2_temp_temperature,77.0,0
2026-08-12T17:40:55.101420Z,sensor.bed_2_temperature_delta,2.5,0
2026-08-12T17:40:55.101754Z,sensor.bed_2_booster_target_speed,6,0
2026-08-12T17:40:55.103144Z,sensor.bed_2_booster_pi_target_speed,7,0
2026-08-12T17:40:55.103693Z,sensor.bed_2_booster_effective_percentage,70,0
2026-08-12T17:49:30.233258Z,sensor.kitchen_temp_temperature,74.84,0
2026-08-12T17:49:30.233595Z,sensor.bed_1_temperature_delta,0.4,0
2026-08-12T17:49:30.233809Z,sensor.bed_2_temperature_delta,2.2,0
2026-08-12T17:49:30.234020Z,sensor.bed_3_temperature_delta,0.9,0
2026-08-12T17:49:30.234428Z,sensor.bed_2_booster_target_speed,4,0
2026-08-12T17:49:30.235880Z,sensor.bed_2_booster_pi_target_speed,5,0
2026-08-12T17:49:30.236295Z,sensor.bed_2_booster_effective_percentage,50,0
2026-08-12T17:50:00.160223Z,sensor.bed_2_booster_adaptive_boost,2,0
2026-08-12T17:50:00.160522Z,sensor.bed_2_booster_pi_target_speed,6,0
2026-08-12T17:50:00.160830Z,sensor.bed_2_booster_effective_percentage,60,0
2026-08-12T17:51:26.746635Z,climate.kitchen,cool,0
2026-08-12T17:51:26.748711Z,sensor.bed_2_booster_adaptive_boost,0,0
2026-08-12T17:51:26.753137Z,sensor.bed_2_booster_pi_target_speed,4,0
2026-08-12T17:51:26.753529Z,sensor.bed_2_booster_effective_percentage,40,0
2026-08-12T17:53:29.393393Z,sensor.bed_1_temp_temperature,75.74,0
2026-08-12T17:53:29.393735Z,sensor.bed_1_temperature_delta,0.9,0
2026-08-12T17:54:07.046046Z,sensor.bed_3_temp_temperature,76.1,0
2026-08-12T17:54:07.046245Z,sensor.bed_3_temperature_delta,1.3,0
2026-08-12T17:55:55.121940Z,sensor.bed_2_temp_temperature,77.54,0
2026-08-12T17:55:55.122365Z,sensor.bed_2_temperature_delta,2.7,0
2026-08-12T17:55:55.122693Z,sensor.bed_2_booster_target_speed,6,0
2026-08-12T17:55:55.123866Z,sensor.bed_2_booster_pi_target_speed,6,0
2026-08-12T17:55:55.124302Z,sensor.bed_2_booster_effective_percentage,60,0
2026-08-12T17:59:19.468693Z,climate.kitchen,cool,0
2026-08-12T17:59:19.474361Z,sensor.kitchen_temperature,76.64,0
2026-08-12T18:04:29.361408Z,sensor.kitchen_temp_temperature,75.56,0
2026-08-12T18:04:29.361730Z,sensor.bed_1_temperature_delta,0.2,0
2026-08-12T18:04:29.361958Z,sensor.bed_2_temperature_delta,2.0,0
2026-08-12T18:04:29.362155Z,sensor.bed_3_temperature_delta,0.5,0
2026-08-12T18:04:29.362538Z,sensor.bed_2_booster_target_speed,4,0
2026-08-12T18:04:29.363716Z,sensor.bed_2_booster_pi_target_speed,4,0
2026-08-12T18:04:29.364068Z,sensor.bed_2_booster_effective_percentage,40,0
2026-08-12T18:08:29.985023Z,sensor.bed_1_temp_temperature,76.28,0
2026-08-12T18:08:29.985365Z,sensor.bed_1_temperature_delta,0.7,0
2026-08-12T18:08:38.282689Z,climate.kitchen,cool,0
2026-08-12T18:09:09.685047Z,sensor.bed_3_temp_temperature,76.82,0
2026-08-12T18:09:09.685493Z,sensor.bed_3_temperature_delta,1.3,0
2026-08-12T18:10:54.894374Z,sensor.bed_2_temp_temperature,78.08,0
2026-08-12T18:10:54.894767Z,sensor.bed_2_temperature_delta,2.5,0
2026-08-12T18:10:54.896104Z,sensor.bed_2_booster_target_speed,6,0
2026-08-12T18:10:54.897176Z,sensor.bed_2_booster_pi_target_speed,6,0
2026-08-12T18:10:54.897585Z,sensor.bed_2_booster_effective_percentage,60,0
2026-08-12T18:19:29.170038Z,sensor.kitchen_temp_temperature,76.28,0
2026-08-12T18:19:29.170449Z,sensor.bed_1_temperature_delta,0.0,0
2026-08-12T18:19:29.170722Z,sensor.bed_2_temperature_delta,1.8,0
2026-08-12T18:19:29.170990Z,sensor.bed_3_temperature_delta,0.5,0
2026-08-12T18:19:29.171466Z,sensor.bed_2_booster_target_speed,2,0
2026-08-12T18:19:29.175927Z,sensor.bed_2_booster_pi_target_speed,2,0
2026-08-12T18:19:29.176459Z,sensor.bed_2_booster_effective_percentage,20,0
2026-08-12T18:20:39.264767Z,climate.kitchen,cool,0
2026-08-12T18:20:39.268661Z,sensor.bed_1_booster_effective_percentage,10,0
2026-08-12T18:20:39.269020Z,sensor.bed_3_booster_effective_percentage,10,0
2026-08-12T18:21:39.255941Z,climate.kitchen,cool,0
2026-08-12T18:21:39.265716Z,sensor.kitchen_temperature,77.54,0
2026-08-12T18:23:32.090094Z,sensor.bed_1_temp_temperature,76.64,0
2026-08-12T18:23:32.090342Z,sensor.bed_1_temperature_delta,0.4,0
2026-08-12T18:24:12.547740Z,sensor.bed_3_temp_temperature,77.36,0
2026-08-12T18:24:12.548096Z,sensor.bed_3_temperature_delta,1.1,0
2026-08-12T18:25:39.348052Z,climate.kitchen,cool,0
2026-08-12T18:25:39.357467Z,sensor.kitchen_temperature,77.36,0
2026-08-12T18:25:55.369785Z,sensor.bed_2_temp_temperature,78.26,0
2026-08-12T18:25:55.370162Z,sensor.bed_2_temperature_delta,2.0,0
2026-08-12T18:29:30.839419Z,sensor.kitchen_temp_temperature,75.38,0
2026-08-12T18:29:30.839909Z,sensor.bed_1_temperature_delta,1.3,0
2026-08-12T18:29:30.840228Z,sensor.bed_2_temperature_delta,2.9,0
2026-08-12T18:29:30.840523Z,sensor.bed_3_temperature_delta,2.0,0
2026-08-12T18:29:30.843090Z,sensor.bed_2_booster_target_speed,6,0
2026-08-12T18:29:30.843209Z,sensor.bed_3_booster_target_speed,2,0
2026-08-12T18:29:30.843934Z,sensor.bed_2_booster_pi_target_speed,6,0
2026-08-12T18:29:30.844247Z,sensor.bed_3_booster_pi_target_speed,2,0
2026-08-12T18:29:30.844476Z,sensor.bed_2_booster_effective_percentage,60,0
2026-08-12T18:29:30.844894Z,sensor.bed_3_booster_effective_percentage,20,0
2026-08-12T18:32:41.316040Z,climate.kitchen,cool,0
2026-08-12T18:32:43.640862Z,climate.kitchen,cool,0
2026-08-12T18:32:43.643297Z,sensor.bed_1_booster_effective_percentage,0,0
2026-08-12T18:35:49.538405Z,climate.kitchen,cool,0
2026-08-12T18:35:49.547550Z,sensor.kitchen_temperature,76.46,0
2026-08-12T18:38:33.192163Z,sensor.bed_1_temp_temperature,76.1,0
2026-08-12T18:38:33.192642Z,sensor.bed_1_temperature_delta,0.7,0
2026-08-12T18:39:14.971086Z,sensor.bed_3_temp_temperature,77.72,0
2026-08-12T18:39:14.971304Z,sensor.bed_3_temperature_delta,2.3,0
2026-08-12T18:39:14.971467Z,sensor.bed_3_booster_target_speed,4,0
2026-08-12T18:39:14.972862Z,sensor.bed_3_booster_pi_target_speed,4,0
2026-08-12T18:39:14.973143Z,sensor.bed_3_booster_effective_percentage,40,0
2026-08-12T18:40:54.480603Z,sensor.bed_2_temp_temperature,78.44,0
2026-08-12T18:40:54.480794Z,sensor.bed_2_temperature_delta,3.1,0
2026-08-12T18:40:54.480965Z,sensor.bed_2_booster_target_speed,8,0
2026-08-12T18:40:54.481474Z,sensor.bed_2_booster_pi_target_speed,8,0
2026-08-12T18:40:54.481646Z,sensor.bed_2_booster_effective_percentage,80,0
2026-08-12T18:41:02.133946Z,climate.kitchen,cool,0
2026-08-12T18:44:30.017941Z,sensor.kitchen_temp_temperature,75.74,0
2026-08-12T18:44:30.018429Z,sensor.bed_1_temperature_delta,0.4,0
2026-08-12T18:44:30.018756Z,sensor.bed_2_temperature_delta,2.7,0
2026-08-12T18:44:30.019072Z,sensor.bed_3_temperature_delta,2.0,0
2026-08-12T18:44:30.019639Z,sensor.bed_2_booster_target_speed,6,0
2026-08-12T18:44:30.021459Z,sensor.bed_2_booster_pi_target_speed,6,0
2026-08-12T18:44:30.021995Z,sensor.bed_2_booster_effective_percentage,60,0
2026-08-12T18:46:21.910142Z,climate.kitchen,cool,0
2026-08-12T18:51:21.969637Z,climate.kitchen,cool,0
2026-08-12T18:54:18.423821Z,sensor.bed_3_temp_temperature,77.54,0
2026-08-12T18:54:18.424329Z,sensor.bed_3_temperature_delta,1.8,0
2026-08-12T18:55:18.628452Z,climate.kitchen,cool,0
2026-08-12T18:59:29.821570Z,sensor.kitchen_temp_temperature,75.92,0
2026-08-12T18:59:29.821950Z,sensor.bed_1_temperature_delta,0.2,0
2026-08-12T18:59:29.822192Z,sensor.bed_2_temperature_delta,2.5,0
2026-08-12T18:59:29.822405Z,sensor.bed_3_temperature_delta,1.6,0
2026-08-12T18:59:29.822981Z,sensor.bed_3_booster_target_speed,2,0
2026-08-12T18:59:29.824120Z,sensor.bed_3_booster_pi_target_speed,2,0
2026-08-12T18:59:29.824475Z,sensor.bed_3_booster_effective_percentage,20,0
2026-08-12T19:01:23.206723Z,climate.kitchen,cool,0
2026-08-12T19:06:29.585063Z,climate.kitchen,cool,0
2026-08-12T19:08:36.566967Z,sensor.bed_1_temp_temperature,76.46,0
2026-08-12T19:08:36.567311Z,sensor.bed_1_temperature_delta,0.5,0
2026-08-12T19:09:20.410579Z,sensor.bed_3_temp_temperature,77.9,0
2026-08-12T19:09:20.411055Z,sensor.bed_3_temperature_delta,2.0,0
2026-08-12T19:10:56.396615Z,sensor.bed_2_temp_temperature,78.98,0
2026-08-12T19:10:56.397094Z,sensor.bed_2_temperature_delta,3.1,0
2026-08-12T19:10:56.397453Z,sensor.bed_2_booster_target_speed,8,0
2026-08-12T19:10:56.398896Z,sensor.bed_2_booster_pi_target_speed,8,0
2026-08-12T19:10:56.399483Z,sensor.bed_2_booster_effective_percentage,80,0
2026-08-12T19:14:29.858647Z,sensor.kitchen_temp_temperature,76.46,0
2026-08-12T19:14:29.859020Z,sensor.bed_1_temperature_delta,0.0,0
2026-08-12T19:14:29.859262Z,sensor.bed_2_temperature_delta,2.5,0
2026-08-12T19:14:29.859476Z,sensor.bed_3_temperature_delta,1.4,0
2026-08-12T19:14:29.859901Z,sensor.bed_2_booster_target_speed,6,0
2026-08-12T19:14:29.862588Z,sensor.bed_2_booster_pi_target_speed,6,0
2026-08-12T19:14:29.863061Z,sensor.bed_2_booster_effective_percentage,60,0
2026-08-12T19:16:22.172472Z,climate.kitchen,cool,0
2026-08-12T19:16:22.184300Z,sensor.kitchen_temperature,77.54,0
2026-08-12T19:16:22.186496Z,climate.kitchen,cool,0
2026-08-12T19:16:22.306522Z,climate.kitchen,cool,0
2026-08-12T19:16:22.330113Z,sensor.bed_1_booster_effective_percentage,10,0
2026-08-12T19:16:23.284554Z,climate.kitchen,cool,0
2026-08-12T19:16:23.632686Z,climate.kitchen,cool,0
2026-08-12T19:16:23.640354Z,sensor.kitchen_temperature,77.18,0
2026-08-12T19:20:31.322488Z,climate.kitchen,cool,0
2026-08-12T19:20:31.326466Z,sensor.bed_1_booster_effective_percentage,0,0
2026-08-12T19:22:56.537247Z,climate.kitchen,cool,0
2026-08-12T19:22:56.550783Z,sensor.kitchen_temperature,76.46,0
2026-08-12T19:24:23.646901Z,sensor.bed_3_temp_temperature,78.26,0
2026-08-12T19:24:23.647250Z,sensor.bed_3_temperature_delta,1.8,0
2026-08-12T19:25:55.948562Z,sensor.bed_2_temp_temperature,78.8,0
2026-08-12T19:25:55.948972Z,sensor.bed_2_temperature_delta,2.3,0
2026-08-12T19:28:02.346905Z,climate.kitchen,cool,0
2026-08-12T19:28:30.295093Z,climate.kitchen,cool,0
2026-08-12T19:29:29.759593Z,sensor.kitchen_temp_temperature,75.92,0
2026-08-12T19:29:29.759910Z,sensor.bed_1_temperature_delta,0.5,0
2026-08-12T19:29:29.760101Z,sensor.bed_2_temperature_delta,2.9,0
2026-08-12T19:29:29.760264Z,sensor.bed_3_temperature_delta,2.3,0
2026-08-12T19:29:29.760683Z,sensor.bed_3_booster_target_speed,4,0
2026-08-12T19:29:29.761891Z,sensor.bed_3_booster_pi_target_speed,4,0
2026-08-12T19:29:29.762242Z,sensor.bed_3_booster_effective_percentage,40,0
2026-08-12T19:36:23.515137Z,climate.kitchen,cool,0
2026-08-12T19:38:39.832123Z,sensor.bed_1_temp_temperature,77.0,0
2026-08-12T19:38:39.832408Z,sensor.bed_1_temperature_delta,1.1,0
2026-08-12T19:39:26.820455Z,sensor.bed_3_temp_temperature,78.62,0
2026-08-12T19:39:26.820669Z,sensor.bed_3_temperature_delta,2.7,0
2026-08-12T19:39:26.820815Z,sensor.bed_3_booster_target_speed,6,0
2026-08-12T19:39:26.821479Z,sensor.bed_3_booster_pi_target_speed,6,0
2026-08-12T19:39:26.821687Z,sensor.bed_3_booster_effective_percentage,60,0
2026-08-12T19:40:56.631142Z,sensor.bed_2_temp_temperature,79.34,0
2026-08-12T19:40:56.631543Z,sensor.bed_2_temperature_delta,3.4,0
2026-08-12T19:40:56.631869Z,sensor.bed_2_booster_target_speed,8,0
2026-08-12T19:40:56.633088Z,sensor.bed_2_booster_pi_target_speed,8,0
2026-08-12T19:40:56.633564Z,sensor.bed_2_booster_effective_percentage,80,0
2026-08-12T19:41:27.062783Z,climate.kitchen,cool,0
2026-08-12T19:44:29.572632Z,sensor.kitchen_temp_temperature,76.46,0
2026-08-12T19:44:29.573107Z,sensor.bed_1_temperature_delta,0.5,0
2026-08-12T19:44:29.573389Z,sensor.bed_2_temperature_delta,2.9,0
2026-08-12T19:44:29.573640Z,sensor.bed_3_temperature_delta,2.2,0
2026-08-12T19:44:29.574313Z,sensor.bed_3_booster_target_speed,4,0
2026-08-12T19:44:29.576257Z,sensor.bed_3_booster_pi_target_speed,4,0
2026-08-12T19:44:29.576799Z,sensor.bed_3_booster_effective_percentage,40,0
2026-08-12T19:53:45.508660Z,sensor.bed_1_temp_temperature,77.36,0
2026-08-12T19:53:45.509168Z,sensor.bed_1_temperature_delta,0.9,0
2026-08-12T19:55:57.444648Z,sensor.bed_2_temp_temperature,79.88,0
2026-08-12T19:55:57.446047Z,sensor.bed_2_temperature_delta,3.4,0
2026-08-12T19:59:30.879541Z,sensor.kitchen_temp_temperature,77.0,0
2026-08-12T19:59:30.879738Z,sensor.bed_1_temperature_delta,0.4,0
2026-08-12T19:59:30.879862Z,sensor.bed_2_temperature_delta,2.9,0
2026-08-12T19:59:30.879967Z,sensor.bed_3_temperature_delta,1.6,0
2026-08-12T19:59:30.880234Z,sensor.bed_3_booster_target_speed,2,0
2026-08-12T19:59:30.880934Z,sensor.bed_3_booster_pi_target_speed,2,0
2026-08-12T19:59:30.881143Z,sensor.bed_3_booster_effective_percentage,20,0
2026-08-12T20:08:48.230761Z,sensor.bed_1_temp_temperature,77.9,0
2026-08-12T20:08:48.231287Z,sensor.bed_1_temperature_delta,0.9,0
2026-08-12T20:09:33.372096Z,sensor.bed_3_temp_temperature,78.98,0
2026-08-12T20:09:33.372568Z,sensor.bed_3_temperature_delta,2.0,0
2026-08-12T20:11:01.513685Z,sensor.bed_2_temp_temperature,80.24,0
2026-08-12T20:11:01.522476Z,sensor.bed_2_temperature_delta,3.2,0
2026-08-12T20:11:24.210250Z,climate.kitchen,cool,0
2026-08-12T20:11:24.218597Z,sensor.kitchen_temperature,77.54,0
2026-08-12T20:14:33.948233Z,sensor.kitchen_temp_temperature,77.36,0
2026-08-12T20:14:33.948726Z,sensor.bed_1_temperature_delta,0.5,0
2026-08-12T20:14:33.949069Z,sensor.bed_2_temperature_delta,2.9,0
2026-08-12T20:14:33.949367Z,sensor.bed_3_temperature_delta,1.6,0
2026-08-12T20:23:47.667937Z,climate.kitchen,cool,0
2026-08-12T20:23:50.161284Z,sensor.bed_1_temp_temperature,78.08,0
2026-08-12T20:23:50.161727Z,sensor.bed_1_temperature_delta,0.7,0
2026-08-12T20:24:36.197595Z,sensor.bed_3_temp_temperature,79.16,0
2026-08-12T20:24:36.197963Z,sensor.bed_3_temperature_delta,1.8,0
2026-08-12T20:26:04.010929Z,sensor.bed_2_temp_temperature,80.6,0
2026-08-12T20:26:04.011388Z,sensor.bed_2_temperature_delta,3.2,0
2026-08-12T20:29:33.558120Z,sensor.kitchen_temp_temperature,77.72,0
2026-08-12T20:29:33.558607Z,sensor.bed_1_temperature_delta,0.4,0
2026-08-12T20:29:33.558955Z,sensor.bed_2_temperature_delta,2.9,0
2026-08-12T20:29:33.559252Z,sensor.bed_3_temperature_delta,1.4,0
2026-08-12T20:35:09.277553Z,climate.kitchen,cool,0
2026-08-12T20:35:09.280782Z,sensor.bed_1_booster_effective_percentage,10,0
2026-08-12T20:38:52.977463Z,sensor.bed_1_temp_temperature,78.26,0
2026-08-12T20:38:52.977997Z,sensor.bed_1_temperature_delta,0.5,0
2026-08-12T20:39:39.470314Z,sensor.bed_3_temp_temperature,79.52,0
2026-08-12T20:39:39.470712Z,sensor.bed_3_temperature_delta,1.8,0
2026-08-12T20:41:04.349603Z,sensor.bed_2_temp_temperature,80.42,0
2026-08-12T20:41:04.349900Z,sensor.bed_2_temperature_delta,2.7,0
2026-08-12T20:41:04.350122Z,sensor.bed_2_booster_target_speed,6,0
2026-08-12T20:41:04.351085Z,sensor.bed_2_booster_pi_target_speed,6,0
2026-08-12T20:41:04.351461Z,sensor.bed_2_booster_effective_percentage,60,0
2026-08-12T20:43:13.152063Z,climate.kitchen,cool,0
2026-08-12T20:43:19.046607Z,climate.kitchen,cool,0
2026-08-12T20:44:37.240330Z,sensor.kitchen_temp_temperature,77.18,0
2026-08-12T20:44:37.240773Z,sensor.bed_1_temperature_delta,1.1,0
2026-08-12T20:44:37.241087Z,sensor.bed_2_temperature_delta,3.2,0
2026-08-12T20:44:37.241354Z,sensor.bed_3_temperature_delta,2.3,0
2026-08-12T20:44:37.241894Z,sensor.bed_2_booster_target_speed,8,0
2026-08-12T20:44:37.242189Z,sensor.bed_3_booster_target_speed,4,0
2026-08-12T20:44:37.244082Z,sensor.bed_2_booster_pi_target_speed,8,0
2026-08-12T20:44:37.244999Z,sensor.bed_3_booster_pi_target_speed,4,0
2026-08-12T20:44:37.245593Z,sensor.bed_2_booster_effective_percentage,80,0
2026-08-12T20:44:37.246619Z,sensor.bed_3_booster_effective_percentage,40,0
2026-08-12T20:50:22.899732Z,climate.kitchen,cool,0
2026-08-12T20:50:22.908448Z,sensor.bed_1_booster_effective_percentage,0,0
2026-08-12T20:53:54.397347Z,sensor.bed_1_temp_temperature,77.9,0
2026-08-12T20:53:54.397559Z,sensor.bed_1_temperature_delta,0.7,0
2026-08-12T20:54:42.886260Z,sensor.bed_3_temp_temperature,79.88,0
2026-08-12T20:54:42.886770Z,sensor.bed_3_temperature_delta,2.7,0
2026-08-12T20:54:42.887183Z,sensor.bed_3_booster_target_speed,6,0
2026-08-12T20:54:42.888518Z,sensor.bed_3_booster_pi_target_speed,6,0
2026-08-12T20:54:42.889040Z,sensor.bed_3_booster_effective_percentage,60,0
2026-08-12T20:56:04.432307Z,sensor.bed_2_temp_temperature,79.7,0
2026-08-12T20:56:04.432787Z,sensor.bed_2_temperature_delta,2.5,0
2026-08-12T20:56:04.433193Z,sensor.bed_2_booster_target_speed,6,0
2026-08-12T20:56:04.434523Z,sensor.bed_2_booster_pi_target_speed,6,0
2026-08-12T20:56:04.435023Z,sensor.bed_2_booster_effective_percentage,60,0
2026-08-12T20:57:53.132769Z,climate.kitchen,cool,0
2026-08-12T20:59:36.939344Z,sensor.kitchen_temp_temperature,77.0,0
2026-08-12T20:59:36.939834Z,sensor.bed_1_temperature_delta,0.9,0
2026-08-12T20:59:36.940175Z,sensor.bed_2_temperature_delta,2.7,0
2026-08-12T20:59:36.940466Z,sensor.bed_3_temperature_delta,2.9,0
2026-08-12T21:02:25.701325Z,climate.kitchen,cool,0
2026-08-12T21:06:27.251733Z,climate.kitchen,cool,0
2026-08-12T21:06:27.257099Z,sensor.bed_1_booster_effective_percentage,10,0
2026-08-12T21:08:56.821537Z,sensor.bed_1_temp_temperature,78.08,0
2026-08-12T21:08:56.822007Z,sensor.bed_1_temperature_delta,1.1,0
2026-08-12T21:09:45.408772Z,climate.kitchen,cool,0
2026-08-12T21:09:46.299053Z,sensor.bed_3_temp_temperature,79.34,0
2026-08-12T21:09:46.299504Z,sensor.bed_3_temperature_delta,2.3,0
2026-08-12T21:10:21.131865Z,sensor.bed_2_temp_temperature,80.06,0
2026-08-12T21:10:21.132352Z,sensor.bed_2_temperature_delta,3.1,0
2026-08-12T21:10:21.132737Z,sensor.bed_2_booster_target_speed,8,0
2026-08-12T21:10:21.134058Z,sensor.bed_2_booster_pi_target_speed,8,0
2026-08-12T21:10:21.134577Z,sensor.bed_2_booster_effective_percentage,80,0
2026-08-12T21:11:05.467455Z,sensor.bed_2_temp_temperature,79.88,0
2026-08-12T21:11:05.467824Z,sensor.bed_2_temperature_delta,2.9,0
2026-08-12T21:11:23.277875Z,climate.kitchen,cool,0
2026-08-12T21:14:28.610084Z,climate.kitchen,cool,0
2026-08-12T21:14:37.340298Z,sensor.kitchen_temp_temperature,76.64,0
2026-08-12T21:14:37.340798Z,sensor.bed_1_temperature_delta,1.4,0
2026-08-12T21:14:37.341142Z,sensor.bed_2_temperature_delta,3.2,0
2026-08-12T21:14:37.341439Z,sensor.bed_3_temperature_delta,2.7,0
2026-08-12T21:22:30.357397Z,climate.kitchen,cool,0
2026-08-12T21:22:32.011168Z,climate.kitchen,cool,0
2026-08-12T21:22:32.016054Z,sensor.bed_1_booster_effective_percentage,0,0
2026-08-12T21:24:31.829639Z,climate.kitchen,cool,0
2026-08-12T21:24:31.848672Z,sensor.kitchen_temperature,76.46,0
2026-08-12T21:24:49.862004Z,sensor.bed_3_temp_temperature,80.06,0
2026-08-12T21:24:49.862448Z,sensor.bed_3_temperature_delta,3.4,0
2026-08-12T21:24:49.862807Z,sensor.bed_3_booster_target_speed,8,0
2026-08-12T21:24:49.864322Z,sensor.bed_3_booster_pi_target_speed,8,0
2026-08-12T21:24:49.864928Z,sensor.bed_3_booster_effective_percentage,80,0
2026-08-12T21:26:05.698448Z,sensor.bed_2_temp_temperature,79.52,0
2026-08-12T21:26:05.698795Z,sensor.bed_2_temperature_delta,2.9,0
2026-08-12T21:29:38.289179Z,sensor.kitchen_temp_temperature,76.46,0
2026-08-12T21:29:38.289609Z,sensor.bed_1_temperature_delta,1.6,0
2026-08-12T21:29:38.289896Z,sensor.bed_2_temperature_delta,3.1,0
2026-08-12T21:29:38.290148Z,sensor.bed_3_temperature_delta,3.6,0
2026-08-12T21:29:38.290453Z,sensor.bed_1_booster_target_speed,2,0
2026-08-12T21:29:38.290934Z,sensor.bed_3_booster_target_speed,10,0
2026-08-12T21:29:38.292542Z,sensor.bed_1_booster_pi_target_speed,2,0
2026-08-12T21:29:38.293341Z,sensor.bed_3_booster_pi_target_speed,10,0
2026-08-12T21:29:38.293825Z,sensor.bed_1_booster_effective_percentage,20,0
2026-08-12T21:29:38.296406Z,sensor.bed_3_booster_effective_percentage,100,0
2026-08-12T21:29:47.531367Z,climate.kitchen,cool,0
2026-08-12T21:31:32.848641Z,climate.kitchen,cool,0
2026-08-12T21:32:01.983447Z,climate.kitchen,cool,0
2026-08-12T21:32:39.691539Z,sensor.bed_3_temp_temperature,79.16,0
2026-08-12T21:32:39.691835Z,sensor.bed_3_temperature_delta,2.7,0
2026-08-12T21:32:39.692081Z,sensor.bed_3_booster_target_speed,6,0
2026-08-12T21:32:39.693121Z,sensor.bed_3_booster_pi_target_speed,6,0
2026-08-12T21:32:39.693526Z,sensor.bed_3_booster_effective_percentage,60,0
2026-08-12T21:35:36.644949Z,climate.kitchen,cool,0
2026-08-12T21:39:37.498807Z,climate.kitchen,cool,0
2026-08-12T21:41:06.254891Z,sensor.bed_2_temp_temperature,79.88,0
2026-08-12T21:41:06.255306Z,sensor.bed_2_temperature_delta,3.4,0
2026-08-12T21:42:06.613350Z,climate.kitchen,cool,0
2026-08-12T21:42:07.460074Z,climate.kitchen,cool,0
2026-08-12T21:42:07.468412Z,sensor.kitchen_temperature,77.54,0
2026-08-12T21:43:33.776443Z,climate.kitchen,cool,0
2026-08-12T21:44:38.180181Z,sensor.kitchen_temp_temperature,77.18,0
2026-08-12T21:44:38.180630Z,sensor.bed_1_temperature_delta,0.9,0
2026-08-12T21:44:38.180942Z,sensor.bed_2_temperature_delta,2.7,0
2026-08-12T21:44:38.181210Z,sensor.bed_3_temperature_delta,2.0,0
2026-08-12T21:44:38.181531Z,sensor.bed_1_booster_target_speed,0,0
2026-08-12T21:44:38.181831Z,sensor.bed_2_booster_target_speed,6,0
2026-08-12T21:44:38.182144Z,sensor.bed_3_booster_target_speed,4,0
2026-08-12T21:44:38.183708Z,sensor.bed_1_booster_pi_target_speed,0,0
2026-08-12T21:44:38.184037Z,sensor.bed_2_booster_pi_target_speed,6,0
2026-08-12T21:44:38.184349Z,sensor.bed_3_booster_pi_target_speed,4,0
2026-08-12T21:44:38.184567Z,sensor.bed_1_booster_effective_percentage,10,0
2026-08-12T21:44:38.185688Z,sensor.bed_2_booster_effective_percentage,60,0
2026-08-12T21:44:38.186049Z,sensor.bed_3_booster_effective_percentage,40,0
2026-08-12T21:47:43.818327Z,sensor.bed_3_temp_temperature,79.7,0
2026-08-12T21:47:43.818786Z,sensor.bed_3_temperature_delta,2.5,0
2026-08-12T21:47:43.819205Z,sensor.bed_3_booster_target_speed,6,0
2026-08-12T21:47:43.820746Z,sensor.bed_3_booster_pi_target_speed,6,0
2026-08-12T21:47:43.821384Z,sensor.bed_3_booster_effective_percentage,60,0
2026-08-12T21:51:29.235421Z,climate.kitchen,cool,0
2026-08-12T21:54:02.987109Z,sensor.bed_1_temp_temperature,78.26,0
2026-08-12T21:54:02.987478Z,sensor.bed_1_temperature_delta,1.1,0
2026-08-12T21:56:37.291818Z,climate.kitchen,cool,0
2026-08-12T21:56:45.087524Z,sensor.kitchen_temp_temperature,76.28,0
2026-08-12T21:56:45.087823Z,sensor.bed_1_temperature_delta,2.0,0
2026-08-12T21:56:45.088025Z,sensor.bed_2_temperature_delta,3.6,0
2026-08-12T21:56:45.088196Z,sensor.bed_3_temperature_delta,3.4,0
2026-08-12T21:56:45.088409Z,sensor.bed_1_booster_target_speed,2,0
2026-08-12T21:56:45.088599Z,sensor.bed_2_booster_target_speed,10,0
2026-08-12T21:56:45.088784Z,sensor.bed_3_booster_target_speed,8,0
2026-08-12T21:56:45.089881Z,sensor.bed_1_booster_pi_target_speed,2,0
2026-08-12T21:56:45.090414Z,sensor.bed_2_booster_pi_target_speed,10,0
2026-08-12T21:56:45.090940Z,sensor.bed_3_booster_pi_target_speed,8,0
2026-08-12T21:56:45.091281Z,sensor.bed_1_booster_effective_percentage,20,0
2026-08-12T21:56:45.091883Z,sensor.bed_2_booster_effective_percentage,100,0
2026-08-12T21:56:45.092489Z,sensor.bed_3_booster_effective_percentage,80,0
2026-08-12T22:00:01.491161Z,climate.kitchen,cool,0
2026-08-12T22:01:22.730451Z,climate.kitchen,cool,0
2026-08-12T22:02:46.897375Z,sensor.bed_3_temp_temperature,80.06,0
2026-08-12T22:02:46.897886Z,sensor.bed_3_temperature_delta,3.8,0
2026-08-12T22:02:46.898275Z,sensor.bed_3_booster_target_speed,10,0
2026-08-12T22:02:46.899928Z,sensor.bed_3_booster_pi_target_speed,10,0
2026-08-12T22:02:46.900594Z,sensor.bed_3_booster_effective_percentage,100,0
2026-08-12T22:09:04.850586Z,sensor.bed_1_temp_temperature,77.9,0
2026-08-12T22:09:04.851013Z,sensor.bed_1_temperature_delta,1.6,0
2026-08-12T22:10:28.778659Z,sensor.bed_2_temp_temperature,78.98,0
2026-08-12T22:10:28.778908Z,sensor.bed_2_temperature_delta,2.7,0
2026-08-12T22:10:28.779084Z,sensor.bed_2_booster_target_speed,6,0
2026-08-12T22:10:28.779789Z,sensor.bed_2_booster_pi_target_speed,6,0
2026-08-12T22:10:28.780069Z,sensor.bed_2_booster_effective_percentage,60,0
2026-08-12T22:11:45.329913Z,sensor.kitchen_temp_temperature,75.92,0
2026-08-12T22:11:45.330353Z,sensor.bed_1_temperature_delta,2.0,0
2026-08-12T22:11:45.330647Z,sensor.bed_2_temperature_delta,3.1,0
2026-08-12T22:11:45.330932Z,sensor.bed_3_temperature_delta,4.1,0
2026-08-12T22:11:45.331445Z,sensor.bed_2_booster_target_speed,8,0
2026-08-12T22:11:45.333361Z,sensor.bed_2_booster_pi_target_speed,8,0
2026-08-12T22:11:45.333934Z,sensor.bed_2_booster_effective_percentage,80,0
2026-08-12T22:17:50.297563Z,sensor.bed_3_temp_temperature,79.7,0
2026-08-12T22:17:50.297991Z,sensor.bed_3_temperature_delta,3.8,0
2026-08-12T22:18:18.075101Z,climate.kitchen,cool,0
2026-08-12T22:23:06.857067Z,sensor.bed_3_temp_temperature,78.8,0
2026-08-12T22:23:06.857491Z,sensor.bed_3_temperature_delta,2.9,0
2026-08-12T22:23:06.857823Z,sensor.bed_3_booster_target_speed,8,0
2026-08-12T22:23:06.859190Z,sensor.bed_3_booster_pi_target_speed,8,0
2026-08-12T22:23:06.859723Z,sensor.bed_3_booster_effective_percentage,80,0
2026-08-12T22:23:17.175699Z,climate.kitchen,cool,0
2026-08-12T22:23:17.187476Z,sensor.kitchen_temperature,76.46,0
2026-08-12T22:24:07.246179Z,sensor.bed_1_temp_temperature,77.72,0
2026-08-12T22:24:07.246508Z,sensor.bed_1_temperature_delta,1.8,0
2026-08-12T22:30:42.839694Z,climate.kitchen,cool,0
2026-08-12T22:30:42.856618Z,sensor.kitchen_temperature,76.64,0
2026-08-12T22:38:12.087884Z,sensor.bed_3_temp_temperature,78.62,0
2026-08-12T22:38:12.088244Z,sensor.bed_3_temperature_delta,2.7,0
2026-08-12T22:38:12.088519Z,sensor.bed_3_booster_target_speed,6,0
2026-08-12T22:38:12.089480Z,sensor.bed_3_booster_pi_target_speed,6,0
2026-08-12T22:38:12.089824Z,sensor.bed_3_booster_effective_percentage,60,0
2026-08-12T22:39:09.048032Z,sensor.bed_1_temp_temperature,77.9,0
2026-08-12T22:39:09.048479Z,sensor.bed_1_temperature_delta,2.0,0
2026-08-12T22:40:29.829497Z,sensor.bed_2_temp_temperature,79.34,0
2026-08-12T22:40:29.829911Z,sensor.bed_2_temperature_delta,3.4,0
2026-08-12T22:41:44.491997Z,sensor.kitchen_temp_temperature,76.64,0
2026-08-12T22:41:44.492366Z,sensor.bed_1_temperature_delta,1.3,0
2026-08-12T22:41:44.492591Z,sensor.bed_2_temperature_delta,2.7,0
2026-08-12T22:41:44.492797Z,sensor.bed_3_temperature_delta,2.0,0
2026-08-12T22:41:44.493053Z,sensor.bed_1_booster_target_speed,0,0
2026-08-12T22:41:44.493286Z,sensor.bed_2_booster_target_speed,6,0
2026-08-12T22:41:44.493550Z,sensor.bed_3_booster_target_speed,4,0
2026-08-12T22:41:44.494921Z,sensor.bed_1_booster_pi_target_speed,0,0
2026-08-12T22:41:44.495639Z,sensor.bed_2_booster_pi_target_speed,6,0
2026-08-12T22:41:44.496366Z,sensor.bed_3_booster_pi_target_speed,4,0
2026-08-12T22:41:44.496787Z,sensor.bed_1_booster_effective_percentage,0,0
2026-08-12T22:41:44.501352Z,sensor.bed_2_booster_effective_percentage,60,0
2026-08-12T22:41:44.502324Z,sensor.bed_3_booster_effective_percentage,40,0
2026-08-12T22:46:56.193273Z,climate.kitchen,cool,0
2026-08-12T22:46:56.325989Z,climate.kitchen,cool,0
2026-08-12T22:51:25.295417Z,climate.kitchen,cool,0
2026-08-12T22:51:26.482378Z,climate.kitchen,cool,0
2026-08-12T22:51:27.302938Z,climate.kitchen,cool,0
2026-08-12T22:51:27.308825Z,sensor.bed_1_booster_effective_percentage,10,0
2026-08-12T22:51:44.766776Z,sensor.bed_3_temp_temperature,79.52,0
2026-08-12T22:51:44.769200Z,sensor.bed_3_temperature_delta,2.9,0
2026-08-12T22:51:44.769515Z,sensor.bed_3_booster_target_speed,6,0
2026-08-12T22:51:44.770683Z,sensor.bed_3_booster_pi_target_speed,6,0
2026-08-12T22:51:44.771219Z,sensor.bed_3_booster_effective_percentage,60,0
2026-08-12T22:54:10.953027Z,sensor.bed_1_temp_temperature,78.44,0
2026-08-12T22:54:10.953479Z,sensor.bed_1_temperature_delta,1.8,0
2026-08-12T22:54:10.953827Z,sensor.bed_1_booster_target_speed,2,0
2026-08-12T22:54:10.955254Z,sensor.bed_1_booster_pi_target_speed,2,0
2026-08-12T22:54:10.955689Z,sensor.bed_1_booster_effective_percentage,20,0
2026-08-12T22:55:29.826682Z,sensor.bed_2_temp_temperature,79.88,0
2026-08-12T22:55:29.827162Z,sensor.bed_2_temperature_delta,3.2,0
2026-08-12T22:55:29.827529Z,sensor.bed_2_booster_target_speed,8,0
2026-08-12T22:55:29.829123Z,sensor.bed_2_booster_pi_target_speed,8,0
2026-08-12T22:55:29.829732Z,sensor.bed_2_booster_effective_percentage,80,0
2026-08-12T22:55:38.831971Z,climate.kitchen,cool,0
2026-08-12T22:55:53.466825Z,climate.kitchen,cool,0
2026-08-12T22:56:47.719236Z,sensor.kitchen_temp_temperature,76.82,0
2026-08-12T22:56:47.719608Z,sensor.bed_1_temperature_delta,1.6,0
2026-08-12T22:56:47.722212Z,sensor.bed_2_temperature_delta,3.1,0
2026-08-12T22:56:47.722512Z,sensor.bed_3_temperature_delta,2.7,0
2026-08-12T23:05:25.652319Z,climate.kitchen,cool,0
2026-08-12T23:06:22.818002Z,climate.kitchen,cool,0
2026-08-12T23:06:49.933652Z,sensor.bed_3_temp_temperature,79.7,0
2026-08-12T23:06:49.934190Z,sensor.bed_3_temperature_delta,2.9,0
2026-08-12T23:09:15.933986Z,sensor.bed_1_temp_temperature,78.08,0
2026-08-12T23:09:15.934445Z,sensor.bed_1_temperature_delta,1.3,0
2026-08-12T23:09:15.934794Z,sensor.bed_1_booster_target_speed,0,0
2026-08-12T23:09:15.936000Z,sensor.bed_1_booster_pi_target_speed,0,0
2026-08-12T23:09:15.936466Z,sensor.bed_1_booster_effective_percentage,0,0
2026-08-12T23:10:33.449986Z,sensor.bed_2_temp_temperature,79.34,0
2026-08-12T23:10:33.450196Z,sensor.bed_2_temperature_delta,2.5,0
2026-08-12T23:10:33.450338Z,sensor.bed_2_booster_target_speed,6,0
2026-08-12T23:10:33.450855Z,sensor.bed_2_booster_pi_target_speed,6,0
2026-08-12T23:10:33.451093Z,sensor.bed_2_booster_effective_percentage,60,0
2026-08-12T23:11:48.869586Z,sensor.kitchen_temp_temperature,76.28,0
2026-08-12T23:11:48.869778Z,sensor.bed_1_temperature_delta,1.8,0
2026-08-12T23:11:48.869945Z,sensor.bed_2_temperature_delta,3.1,0
2026-08-12T23:11:48.870049Z,sensor.bed_3_temperature_delta,3.4,0
2026-08-12T23:11:48.870174Z,sensor.bed_1_booster_target_speed,2,0
2026-08-12T23:11:48.870286Z,sensor.bed_2_booster_target_speed,8,0
2026-08-12T23:11:48.870396Z,sensor.bed_3_booster_target_speed,8,0
2026-08-12T23:11:48.870986Z,sensor.bed_1_booster_pi_target_speed,2,0
2026-08-12T23:11:48.871273Z,sensor.bed_2_booster_pi_target_speed,8,0
2026-08-12T23:11:48.871548Z,sensor.bed_3_booster_pi_target_speed,8,0
2026-08-12T23:11:48.871716Z,sensor.bed_1_booster_effective_percentage,20,0
2026-08-12T23:11:48.872162Z,sensor.bed_2_booster_effective_percentage,80,0
2026-08-12T23:11:48.872465Z,sensor.bed_3_booster_effective_percentage,80,0
2026-08-12T23:21:39.889949Z,sensor.bed_3_temp_temperature,78.8,0
2026-08-12T23:21:39.890368Z,sensor.bed_3_temperature_delta,2.5,0
2026-08-12T23:21:39.890697Z,sensor.bed_3_booster_target_speed,6,0
2026-08-12T23:21:39.891827Z,sensor.bed_3_booster_pi_target_speed,6,0
2026-08-12T23:21:39.892257Z,sensor.bed_3_booster_effective_percentage,60,0
2026-08-12T23:24:19.363718Z,sensor.bed_1_temp_temperature,78.26,0
2026-08-12T23:24:19.364082Z,sensor.bed_1_temperature_delta,2.0,0
2026-08-12T23:25:35.997063Z,sensor.bed_2_temp_temperature,79.52,0
2026-08-12T23:25:35.997435Z,sensor.bed_2_temperature_delta,3.2,0
2026-08-12T23:26:50.099080Z,sensor.kitchen_temp_temperature,76.82,0
2026-08-12T23:26:50.099521Z,sensor.bed_1_temperature_delta,1.4,0
2026-08-12T23:26:50.099811Z,sensor.bed_2_temperature_delta,2.7,0
2026-08-12T23:26:50.100098Z,sensor.bed_3_temperature_delta,2.0,0
2026-08-12T23:26:50.100620Z,sensor.bed_2_booster_target_speed,6,0
2026-08-12T23:26:50.100934Z,sensor.bed_3_booster_target_speed,4,0
2026-08-12T23:26:50.102350Z,sensor.bed_2_booster_pi_target_speed,6,0
2026-08-12T23:26:50.103110Z,sensor.bed_3_booster_pi_target_speed,4,0
2026-08-12T23:26:50.103557Z,sensor.bed_2_booster_effective_percentage,60,0
2026-08-12T23:26:50.106158Z,sensor.bed_3_booster_effective_percentage,40,0
2026-08-12T23:31:58.086377Z,climate.kitchen,cool,0
2026-08-12T23:32:22.716105Z,climate.kitchen,cool,0
2026-08-12T23:35:25.782057Z,climate.kitchen,cool,0
2026-08-12T23:36:43.849592Z,sensor.bed_3_temp_temperature,79.52,0
2026-08-12T23:36:43.849846Z,sensor.bed_3_temperature_delta,2.7,0
2026-08-12T23:36:43.850019Z,sensor.bed_3_booster_target_speed,6,0
2026-08-12T23:36:43.850643Z,sensor.bed_3_booster_pi_target_speed,6,0
2026-08-12T23:36:43.850833Z,sensor.bed_3_booster_effective_percentage,60,0
2026-08-12T23:39:21.757392Z,sensor.bed_1_temp_temperature,78.8,0
2026-08-12T23:39:21.757753Z,sensor.bed_1_temperature_delta,2.0,0
2026-08-12T23:40:36.020342Z,sensor.bed_2_temp_temperature,80.06,0
2026-08-12T23:40:36.020786Z,sensor.bed_2_temperature_delta,3.2,0
2026-08-12T23:40:36.021153Z,sensor.bed_2_booster_target_speed,8,0
2026-08-12T23:40:36.022359Z,sensor.bed_2_booster_pi_target_speed,8,0
2026-08-12T23:40:36.022813Z,sensor.bed_2_booster_effective_percentage,80,0
2026-08-12T23:40:56.148921Z,climate.kitchen,cool,0
2026-08-12T23:41:30.606438Z,climate.kitchen,cool,0
2026-08-12T23:41:49.501128Z,sensor.kitchen_temp_temperature,77.36,0
2026-08-12T23:41:49.501602Z,sensor.bed_1_temperature_delta,1.4,0
2026-08-12T23:41:49.501939Z,sensor.bed_2_temperature_delta,2.7,0
2026-08-12T23:41:49.502240Z,sensor.bed_3_temperature_delta,2.2,0
2026-08-12T23:41:49.502801Z,sensor.bed_2_booster_target_speed,6,0
2026-08-12T23:41:49.503141Z,sensor.bed_3_booster_target_speed,4,0
2026-08-12T23:41:49.505658Z,sensor.bed_2_booster_pi_target_speed,6,0
2026-08-12T23:41:49.505979Z,sensor.bed_3_booster_pi_target_speed,4,0
2026-08-12T23:41:49.506153Z,sensor.bed_2_booster_effective_percentage,60,0
2026-08-12T23:41:49.507242Z,sensor.bed_3_booster_effective_percentage,40,0
2026-08-12T23:46:22.577076Z,climate.kitchen,cool,0
2026-08-12T23:46:23.303302Z,climate.kitchen,cool,0
2026-08-12T23:46:23.313436Z,sensor.kitchen_temperature,77.54,0
2026-08-12T23:51:23.870781Z,climate.kitchen,cool,0
2026-08-12T23:51:46.378902Z,sensor.bed_3_temp_temperature,79.34,0
2026-08-12T23:51:46.379299Z,sensor.bed_3_temperature_delta,2.0,0
2026-08-12T23:54:23.774881Z,sensor.bed_1_temp_temperature,78.98,0
2026-08-12T23:54:23.775342Z,sensor.bed_1_temperature_delta,1.6,0
2026-08-12T23:55:36.703561Z,sensor.bed_2_temp_temperature,80.24,0
2026-08-12T23:55:36.704062Z,sensor.bed_2_temperature_delta,2.9,0
2026-08-12T23:56:32.144078Z,climate.kitchen,cool,0
2026-08-12T23:56:49.999919Z,sensor.kitchen_temp_temperature,77.72,0
2026-08-12T23:56:50.000157Z,sensor.bed_1_temperature_delta,1.3,0
2026-08-12T23:56:50.000275Z,sensor.bed_2_temperature_delta,2.5,0
2026-08-12T23:56:50.000380Z,sensor.bed_3_temperature_delta,1.6,0
2026-08-12T23:56:50.000528Z,sensor.bed_1_booster_target_speed,0,0
2026-08-12T23:56:50.000720Z,sensor.bed_3_booster_target_speed,2,0
2026-08-12T23:56:50.015717Z,sensor.bed_1_booster_pi_target_speed,0,0
2026-08-12T23:56:50.016222Z,sensor.bed_3_booster_pi_target_speed,2,0
2026-08-12T23:56:50.016459Z,sensor.bed_1_booster_effective_percentage,0,0
2026-08-12T23:56:50.016951Z,sensor.bed_3_booster_effective_percentage,20,0
2026-08-12T23:57:23.920618Z,climate.kitchen,cool,0
2026-08-12T23:57:23.928823Z,sensor.kitchen_temperature,77.72,0
2026-08-12T23:57:24.927554Z,climate.kitchen,cool,0
2026-08-13T00:05:08.486470Z,climate.kitchen,cool,0
2026-08-13T00:06:49.989633Z,sensor.bed_3_temp_temperature,79.88,0
2026-08-13T00:06:49.990036Z,sensor.bed_3_temperature_delta,2.2,0
2026-08-13T00:06:49.990314Z,sensor.bed_3_booster_target_speed,4,0
2026-08-13T00:06:49.991286Z,sensor.bed_3_booster_pi_target_speed,4,0
2026-08-13T00:06:49.991636Z,sensor.bed_3_booster_effective_percentage,40,0
2026-08-13T00:09:26.379015Z,sensor.bed_1_temp_temperature,79.52,0
2026-08-13T00:09:26.379456Z,sensor.bed_1_temperature_delta,1.8,0
2026-08-13T00:09:26.379807Z,sensor.bed_1_booster_target_speed,2,0
2026-08-13T00:09:26.381071Z,sensor.bed_1_booster_pi_target_speed,2,0
2026-08-13T00:09:26.381531Z,sensor.bed_1_booster_effective_percentage,20,0
2026-08-13T00:10:37.351079Z,sensor.bed_2_temp_temperature,80.42,0
2026-08-13T00:10:37.351417Z,sensor.bed_2_temperature_delta,2.7,0
2026-08-13T00:11:49.917740Z,sensor.kitchen_temp_temperature,77.9,0
2026-08-13T00:11:49.918185Z,sensor.bed_1_temperature_delta,1.6,0
2026-08-13T00:11:49.918473Z,sensor.bed_2_temperature_delta,2.5,0
2026-08-13T00:11:49.918736Z,sensor.bed_3_temperature_delta,2.0,0
2026-08-13T00:21:53.591957Z,sensor.bed_3_temp_temperature,80.06,0
2026-08-13T00:21:53.592313Z,sensor.bed_3_temperature_delta,2.2,0
2026-08-13T00:24:29.070179Z,sensor.bed_1_temp_temperature,79.88,0
2026-08-13T00:24:29.070564Z,sensor.bed_1_temperature_delta,2.0,0
2026-08-13T00:26:50.345137Z,sensor.kitchen_temp_temperature,78.26,0
2026-08-13T00:26:50.345619Z,sensor.bed_1_temperature_delta,1.6,0
2026-08-13T00:26:50.345956Z,sensor.bed_2_temperature_delta,2.2,0
2026-08-13T00:26:50.346247Z,sensor.bed_3_temperature_delta,1.8,0
2026-08-13T00:26:50.346806Z,sensor.bed_2_booster_target_speed,4,0
2026-08-13T00:26:50.347153Z,sensor.bed_3_booster_target_speed,2,0
2026-08-13T00:26:50.348660Z,sensor.bed_2_booster_pi_target_speed,4,0
2026-08-13T00:26:50.349487Z,sensor.bed_3_booster_pi_target_speed,2,0
2026-08-13T00:26:50.349937Z,sensor.bed_2_booster_effective_percentage,40,0
2026-08-13T00:26:50.352486Z,sensor.bed_3_booster_effective_percentage,20,0
2026-08-13T00:30:00.167496Z,sensor.bed_3_booster_adaptive_boost,1,0
2026-08-13T00:30:00.167987Z,sensor.bed_3_booster_pi_target_speed,3,0
2026-08-13T00:30:00.168478Z,sensor.bed_3_booster_effective_percentage,30,0
2026-08-13T00:35:00.158389Z,sensor.bed_1_booster_adaptive_boost,1,0
2026-08-13T00:35:00.158629Z,sensor.bed_1_booster_pi_target_speed,3,0
2026-08-13T00:35:00.161641Z,sensor.bed_1_booster_effective_percentage,30,0
2026-08-13T00:36:57.106869Z,sensor.bed_3_temp_temperature,80.24,0
2026-08-13T00:36:57.107226Z,sensor.bed_3_temperature_delta,2.0,0
2026-08-13T00:38:38.041778Z,climate.kitchen,cool,0
2026-08-13T00:38:38.043525Z,sensor.bed_1_booster_adaptive_boost,0,0
2026-08-13T00:38:38.046183Z,sensor.bed_3_booster_adaptive_boost,0,0
2026-08-13T00:38:38.050819Z,sensor.bed_1_booster_pi_target_speed,2,0
2026-08-13T00:38:38.051825Z,sensor.bed_3_booster_pi_target_speed,2,0
2026-08-13T00:38:38.052298Z,sensor.bed_1_booster_effective_percentage,20,0
2026-08-13T00:38:38.053048Z,sensor.bed_3_booster_effective_percentage,20,0
2026-08-13T00:39:31.258278Z,sensor.bed_1_temp_temperature,80.06,0
2026-08-13T00:39:31.258758Z,sensor.bed_1_temperature_delta,1.8,0
2026-08-13T00:40:38.115823Z,sensor.bed_2_temp_temperature,80.96,0
2026-08-13T00:40:38.116297Z,sensor.bed_2_temperature_delta,2.7,0
2026-08-13T00:40:38.116646Z,sensor.bed_2_booster_target_speed,6,0
2026-08-13T00:40:38.117871Z,sensor.bed_2_booster_pi_target_speed,6,0
2026-08-13T00:40:38.118353Z,sensor.bed_2_booster_effective_percentage,60,0
2026-08-13T00:42:30.030835Z,climate.kitchen,cool,0
2026-08-13T00:49:15.815028Z,sensor.kitchen_temp_temperature,77.36,0
2026-08-13T00:49:15.815514Z,sensor.bed_1_temperature_delta,2.7,0
2026-08-13T00:49:15.815952Z,sensor.bed_2_temperature_delta,3.6,0
2026-08-13T00:49:15.816257Z,sensor.bed_3_temperature_delta,2.9,0
2026-08-13T00:49:15.816620Z,sensor.bed_1_booster_target_speed,6,0
2026-08-13T00:49:15.816975Z,sensor.bed_2_booster_target_speed,10,0
2026-08-13T00:49:15.817299Z,sensor.bed_3_booster_target_speed,6,0
2026-08-13T00:49:15.819321Z,sensor.bed_1_booster_pi_target_speed,6,0
2026-08-13T00:49:15.820317Z,sensor.bed_2_booster_pi_target_speed,10,0
2026-08-13T00:49:15.821189Z,sensor.bed_3_booster_pi_target_speed,6,0
2026-08-13T00:49:15.821769Z,sensor.bed_1_booster_effective_percentage,60,0
2026-08-13T00:49:15.825988Z,sensor.bed_2_booster_effective_percentage,100,0
2026-08-13T00:49:15.826963Z,sensor.bed_3_booster_effective_percentage,60,0
2026-08-13T00:50:05.767784Z,climate.kitchen,cool,0
2026-08-13T00:50:33.087070Z,sensor.bed_1_temp_temperature,79.16,0
2026-08-13T00:50:33.087267Z,sensor.bed_1_temperature_delta,1.8,0
2026-08-13T00:50:33.087405Z,sensor.bed_1_booster_target_speed,2,0
2026-08-13T00:50:33.088006Z,sensor.bed_1_booster_pi_target_speed,2,0
2026-08-13T00:50:33.088213Z,sensor.bed_1_booster_effective_percentage,20,0
2026-08-13T00:52:00.521246Z,sensor.bed_2_temp_temperature,80.06,0
2026-08-13T00:52:00.521439Z,sensor.bed_2_temperature_delta,2.7,0
2026-08-13T00:52:00.521577Z,sensor.bed_2_booster_target_speed,6,0
2026-08-13T00:52:00.522187Z,sensor.bed_2_booster_pi_target_speed,6,0
2026-08-13T00:52:00.522401Z,sensor.bed_2_booster_effective_percentage,60,0
2026-08-13T00:57:09.013407Z,climate.kitchen,cool,0
2026-08-13T01:03:35.957957Z,sensor.kitchen_temp_temperature,76.46,0
2026-08-13T01:03:35.958405Z,sensor.bed_1_temperature_delta,2.7,0
2026-08-13T01:03:35.958696Z,sensor.bed_2_temperature_delta,3.6,0
2026-08-13T01:03:35.958986Z,sensor.bed_3_temperature_delta,3.8,0
2026-08-13T01:03:35.959309Z,sensor.bed_1_booster_target_speed,6,0
2026-08-13T01:03:35.959606Z,sensor.bed_2_booster_target_speed,10,0
2026-08-13T01:03:35.959913Z,sensor.bed_3_booster_target_speed,10,0
2026-08-13T01:03:35.961622Z,sensor.bed_1_booster_pi_target_speed,6,0
2026-08-13T01:03:35.962476Z,sensor.bed_2_booster_pi_target_speed,10,0
2026-08-13T01:03:35.963317Z,sensor.bed_3_booster_pi_target_speed,10,0
2026-08-13T01:03:35.963873Z,sensor.bed_1_booster_effective_percentage,60,0
2026-08-13T01:03:35.964918Z,sensor.bed_2_booster_effective_percentage,100,0
2026-08-13T01:03:35.967506Z,sensor.bed_3_booster_effective_percentage,100,0
2026-08-13T01:04:17.852784Z,climate.kitchen,cool,0
2026-08-13T01:04:18.999856Z,climate.kitchen,cool,0
2026-08-13T01:04:19.010700Z,sensor.kitchen_temperature,77.54,0
2026-08-13T01:05:35.622931Z,sensor.bed_1_temp_temperature,78.44,0
2026-08-13T01:05:35.623287Z,sensor.bed_1_temperature_delta,2.0,0
2026-08-13T01:05:35.623561Z,sensor.bed_1_booster_target_speed,4,0
2026-08-13T01:05:35.627157Z,sensor.bed_1_booster_pi_target_speed,4,0
2026-08-13T01:05:35.627620Z,sensor.bed_1_booster_effective_percentage,40,0
2026-08-13T01:07:00.896370Z,sensor.bed_2_temp_temperature,79.52,0
2026-08-13T01:07:00.896874Z,sensor.bed_2_temperature_delta,3.1,0
2026-08-13T01:07:00.897258Z,sensor.bed_2_booster_target_speed,8,0
2026-08-13T01:07:00.898776Z,sensor.bed_2_booster_pi_target_speed,8,0
2026-08-13T01:07:00.899456Z,sensor.bed_2_booster_effective_percentage,80,0
2026-08-13T01:07:04.298451Z,sensor.bed_3_temp_temperature,80.06,0
2026-08-13T01:07:04.298756Z,sensor.bed_3_temperature_delta,3.6,0
2026-08-13T01:10:12.239366Z,climate.kitchen,cool,0
2026-08-13T01:13:09.265890Z,climate.kitchen,cool,0
2026-08-13T01:13:09.794130Z,climate.kitchen,cool,0
2026-08-13T01:15:09.758610Z,climate.kitchen,cool,0
2026-08-13T01:15:09.777124Z,sensor.kitchen_temperature,76.28,0
2026-08-13T01:16:23.709416Z,sensor.bed_3_temp_temperature,79.16,0
2026-08-13T01:16:23.709881Z,sensor.bed_3_temperature_delta,2.7,0
2026-08-13T01:16:23.710237Z,sensor.bed_3_booster_target_speed,6,0
2026-08-13T01:16:23.711647Z,sensor.bed_3_booster_pi_target_speed,6,0
2026-08-13T01:16:23.712223Z,sensor.bed_3_booster_effective_percentage,60,0
2026-08-13T01:18:38.837726Z,sensor.kitchen_temp_temperature,76.1,0
2026-08-13T01:18:38.838178Z,sensor.bed_1_temperature_delta,2.3,0
2026-08-13T01:18:38.838469Z,sensor.bed_2_temperature_delta,3.4,0
2026-08-13T01:18:38.838737Z,sensor.bed_3_temperature_delta,3.1,0
2026-08-13T01:18:38.839454Z,sensor.bed_3_booster_target_speed,8,0
2026-08-13T01:18:38.841208Z,sensor.bed_3_booster_pi_target_speed,8,0
2026-08-13T01:18:38.841759Z,sensor.bed_3_booster_effective_percentage,80,0
2026-08-13T01:18:49.033011Z,climate.kitchen,cool,0
2026-08-13T01:20:37.606942Z,sensor.bed_1_temp_temperature,77.9,0
2026-08-13T01:20:37.607373Z,sensor.bed_1_temperature_delta,1.8,0
2026-08-13T01:22:01.382012Z,sensor.bed_2_temp_temperature,78.98,0
2026-08-13T01:22:01.382511Z,sensor.bed_2_temperature_delta,2.9,0
2026-08-13T01:25:00.059672Z,climate.kitchen,cool,0
2026-08-13T01:31:26.894647Z,sensor.bed_3_temp_temperature,78.44,0
2026-08-13T01:31:26.895043Z,sensor.bed_3_temperature_delta,2.3,0
2026-08-13T01:31:26.895335Z,sensor.bed_3_booster_target_speed,6,0
2026-08-13T01:31:26.896491Z,sensor.bed_3_booster_pi_target_speed,6,0
2026-08-13T01:31:26.896907Z,sensor.bed_3_booster_effective_percentage,60,0
2026-08-13T01:31:36.908131Z,climate.kitchen,cool,0
2026-08-13T01:33:39.154959Z,sensor.kitchen_temp_temperature,76.46,0
2026-08-13T01:33:39.155413Z,sensor.bed_1_temperature_delta,1.4,0
2026-08-13T01:33:39.155711Z,sensor.bed_2_temperature_delta,2.5,0
2026-08-13T01:33:39.155995Z,sensor.bed_3_temperature_delta,2.0,0
2026-08-13T01:33:39.156319Z,sensor.bed_1_booster_target_speed,2,0
2026-08-13T01:33:39.156623Z,sensor.bed_2_booster_target_speed,6,0
2026-08-13T01:33:39.156934Z,sensor.bed_3_booster_target_speed,4,0
2026-08-13T01:33:39.158651Z,sensor.bed_1_booster_pi_target_speed,2,0
2026-08-13T01:33:39.159517Z,sensor.bed_2_booster_pi_target_speed,6,0
2026-08-13T01:33:39.160368Z,sensor.bed_3_booster_pi_target_speed,4,0
2026-08-13T01:33:39.160909Z,sensor.bed_1_booster_effective_percentage,20,0
2026-08-13T01:33:39.165112Z,sensor.bed_2_booster_effective_percentage,60,0
2026-08-13T01:33:39.166134Z,sensor.bed_3_booster_effective_percentage,40,0
2026-08-13T01:35:39.879864Z,sensor.bed_1_temp_temperature,77.72,0
2026-08-13T01:35:39.880318Z,sensor.bed_1_temperature_delta,1.3,0
2026-08-13T01:35:39.880688Z,sensor.bed_1_booster_target_speed,0,0
2026-08-13T01:35:39.882143Z,sensor.bed_1_booster_pi_target_speed,0,0
2026-08-13T01:35:39.882684Z,sensor.bed_1_booster_effective_percentage,0,0
2026-08-13T01:37:01.387240Z,sensor.bed_2_temp_temperature,78.8,0
2026-08-13T01:37:01.387736Z,sensor.bed_2_temperature_delta,2.3,0
2026-08-13T01:40:11.954040Z,climate.kitchen,cool,0
2026-08-13T01:40:11.966265Z,sensor.kitchen_temperature,76.46,0
2026-08-13T01:45:18.612353Z,climate.kitchen,cool,0
2026-08-13T01:48:41.022161Z,sensor.kitchen_temp_temperature,77.0,0
2026-08-13T01:48:41.022377Z,sensor.bed_1_temperature_delta,0.7,0
2026-08-13T01:48:41.022498Z,sensor.bed_2_temperature_delta,1.8,0
2026-08-13T01:48:41.022605Z,sensor.bed_3_temperature_delta,1.4,0
2026-08-13T01:48:41.022821Z,sensor.bed_2_booster_target_speed,2,0
2026-08-13T01:48:41.022955Z,sensor.bed_3_booster_target_speed,2,0
2026-08-13T01:48:41.023729Z,sensor.bed_2_booster_pi_target_speed,2,0
2026-08-13T01:48:41.024123Z,sensor.bed_3_booster_pi_target_speed,2,0
2026-08-13T01:48:41.024349Z,sensor.bed_2_booster_effective_percentage,20,0
2026-08-13T01:48:41.024788Z,sensor.bed_3_booster_effective_percentage,20,0
2026-08-13T01:50:41.793119Z,sensor.bed_1_temp_temperature,77.9,0
2026-08-13T01:50:41.793489Z,sensor.bed_1_temperature_delta,0.9,0
2026-08-13T01:52:04.786786Z,sensor.bed_2_temp_temperature,78.98,0
2026-08-13T01:52:04.787291Z,sensor.bed_2_temperature_delta,2.0,0
2026-08-13T02:03:43.328526Z,sensor.kitchen_temp_temperature,77.18,0
2026-08-13T02:03:43.329063Z,sensor.bed_1_temperature_delta,0.7,0
2026-08-13T02:03:43.329412Z,sensor.bed_2_temperature_delta,1.8,0
2026-08-13T02:03:43.329729Z,sensor.bed_3_temperature_delta,1.3,0
2026-08-13T02:03:43.330569Z,sensor.bed_3_booster_target_speed,0,0
2026-08-13T02:03:43.332530Z,sensor.bed_3_booster_pi_target_speed,0,0
2026-08-13T02:03:43.333176Z,sensor.bed_3_booster_effective_percentage,0,0
2026-08-13T02:05:45.623600Z,sensor.bed_1_temp_temperature,78.08,0
2026-08-13T02:05:45.624110Z,sensor.bed_1_temperature_delta,0.9,0
2026-08-13T02:07:06.204956Z,sensor.bed_2_temp_temperature,79.34,0
2026-08-13T02:07:06.205308Z,sensor.bed_2_temperature_delta,2.2,0
2026-08-13T02:07:06.205575Z,sensor.bed_2_booster_target_speed,4,0
2026-08-13T02:07:06.206798Z,sensor.bed_2_booster_pi_target_speed,4,0
2026-08-13T02:07:06.207226Z,sensor.bed_2_booster_effective_percentage,40,0
2026-08-13T02:10:00.161983Z,sensor.bed_2_booster_adaptive_boost,1,0
2026-08-13T02:10:00.162473Z,sensor.bed_2_booster_pi_target_speed,5,0
2026-08-13T02:10:00.163087Z,sensor.bed_2_booster_effective_percentage,50,0
2026-08-13T02:17:29.607666Z,climate.kitchen,cool,0
2026-08-13T02:17:29.610745Z,sensor.bed_2_booster_adaptive_boost,0,0
2026-08-13T02:17:29.613268Z,sensor.bed_1_booster_effective_percentage,10,0
2026-08-13T02:17:29.613742Z,sensor.bed_3_booster_effective_percentage,10,0
2026-08-13T02:17:29.619820Z,sensor.bed_2_booster_pi_target_speed,4,0
2026-08-13T02:17:29.621136Z,sensor.bed_2_booster_effective_percentage,40,0
2026-08-13T02:18:43.460532Z,sensor.kitchen_temp_temperature,77.36,0
2026-08-13T02:18:43.460896Z,sensor.bed_1_temperature_delta,0.7,0
2026-08-13T02:18:43.461116Z,sensor.bed_2_temperature_delta,2.0,0
2026-08-13T02:18:43.461316Z,sensor.bed_3_temperature_delta,1.1,0
2026-08-13T02:20:49.048675Z,sensor.bed_1_temp_temperature,78.26,0
2026-08-13T02:20:49.049089Z,sensor.bed_1_temperature_delta,0.9,0
2026-08-13T02:22:07.335982Z,sensor.bed_2_temp_temperature,79.16,0
2026-08-13T02:22:07.336206Z,sensor.bed_2_temperature_delta,1.8,0
2026-08-13T02:22:07.336365Z,sensor.bed_2_booster_target_speed,2,0
2026-08-13T02:22:07.337021Z,sensor.bed_2_booster_pi_target_speed,2,0
2026-08-13T02:22:07.337281Z,sensor.bed_2_booster_effective_percentage,20,0
2026-08-13T02:23:44.580136Z,climate.kitchen,cool,0
2026-08-13T02:27:00.735391Z,climate.kitchen,cool,0
2026-08-13T02:28:01.923709Z,climate.kitchen,cool,0
2026-08-13T02:28:01.929403Z,sensor.bed_1_booster_effective_percentage,0,0
2026-08-13T02:28:01.929833Z,sensor.bed_3_booster_effective_percentage,0,0
2026-08-13T02:29:02.068471Z,climate.kitchen,cool,0
2026-08-13T02:31:22.288412Z,climate.kitchen,cool,0
2026-08-13T02:32:02.491821Z,climate.kitchen,cool,0
2026-08-13T02:32:02.497437Z,sensor.bed_1_booster_effective_percentage,10,0
2026-08-13T02:32:02.497960Z,sensor.bed_3_booster_effective_percentage,10,0
2026-08-13T02:33:45.900247Z,sensor.kitchen_temp_temperature,76.64,0
2026-08-13T02:33:45.900612Z,sensor.bed_1_temperature_delta,1.6,0
2026-08-13T02:33:45.900856Z,sensor.bed_2_temperature_delta,2.5,0
2026-08-13T02:33:45.901070Z,sensor.bed_3_temperature_delta,1.8,0
2026-08-13T02:33:45.901324Z,sensor.bed_1_booster_target_speed,2,0
2026-08-13T02:33:45.901560Z,sensor.bed_2_booster_target_speed,6,0
2026-08-13T02:33:45.901791Z,sensor.bed_3_booster_target_speed,2,0
2026-08-13T02:33:45.902900Z,sensor.bed_1_booster_pi_target_speed,2,0
2026-08-13T02:33:45.903490Z,sensor.bed_2_booster_pi_target_speed,6,0
2026-08-13T02:33:45.904078Z,sensor.bed_3_booster_pi_target_speed,2,0
2026-08-13T02:33:45.904437Z,sensor.bed_1_booster_effective_percentage,20,0
2026-08-13T02:33:45.905117Z,sensor.bed_2_booster_effective_percentage,60,0
2026-08-13T02:33:45.905708Z,sensor.bed_3_booster_effective_percentage,20,0
2026-08-13T02:35:51.401534Z,sensor.bed_1_temp_temperature,77.54,0
2026-08-13T02:35:51.401733Z,sensor.bed_1_temperature_delta,0.9,0
2026-08-13T02:35:51.401880Z,sensor.bed_1_booster_target_speed,0,0
2026-08-13T02:35:51.402375Z,sensor.bed_1_booster_pi_target_speed,0,0
2026-08-13T02:35:51.402557Z,sensor.bed_1_booster_effective_percentage,10,0
2026-08-13T02:37:08.825182Z,sensor.bed_2_temp_temperature,78.62,0
2026-08-13T02:37:08.825663Z,sensor.bed_2_temperature_delta,2.0,0
2026-08-13T02:37:08.826060Z,sensor.bed_2_booster_target_speed,4,0
2026-08-13T02:37:08.827394Z,sensor.bed_2_booster_pi_target_speed,4,0
2026-08-13T02:37:08.827973Z,sensor.bed_2_booster_effective_percentage,40,0
2026-08-13T02:42:18.570174Z,climate.kitchen,cool,0
2026-08-13T02:44:38.219070Z,sensor.kitchen_temp_temperature,75.74,0
2026-08-13T02:44:38.219520Z,sensor.bed_1_temperature_delta,1.8,0
2026-08-13T02:44:38.219862Z,sensor.bed_2_temperature_delta,2.9,0
2026-08-13T02:44:38.220161Z,sensor.bed_3_temperature_delta,2.7,0
2026-08-13T02:44:38.220515Z,sensor.bed_1_booster_target_speed,2,0
2026-08-13T02:44:38.220861Z,sensor.bed_2_booster_target_speed,6,0
2026-08-13T02:44:38.221159Z,sensor.bed_3_booster_target_speed,6,0
2026-08-13T02:44:38.222581Z,sensor.bed_1_booster_pi_target_speed,2,0
2026-08-13T02:44:38.223366Z,sensor.bed_2_booster_pi_target_speed,6,0
2026-08-13T02:44:38.224135Z,sensor.bed_3_booster_pi_target_speed,6,0
2026-08-13T02:44:38.224598Z,sensor.bed_1_booster_effective_percentage,20,0
2026-08-13T02:44:38.225470Z,sensor.bed_2_booster_effective_percentage,60,0
2026-08-13T02:44:38.226356Z,sensor.bed_3_booster_effective_percentage,60,0
2026-08-13T02:46:23.015282Z,climate.kitchen,cool,0
2026-08-13T02:46:23.025954Z,sensor.kitchen_temperature,75.38,0
2026-08-13T02:46:46.590213Z,sensor.bed_3_temp_temperature,78.26,0
2026-08-13T02:46:46.590678Z,sensor.bed_3_temperature_delta,2.5,0
2026-08-13T02:50:53.652949Z,sensor.bed_1_temp_temperature,77.0,0
2026-08-13T02:50:53.653400Z,sensor.bed_1_temperature_delta,1.3,0
2026-08-13T02:50:53.653751Z,sensor.bed_1_booster_target_speed,0,0
2026-08-13T02:50:53.655001Z,sensor.bed_1_booster_pi_target_speed,0,0
2026-08-13T02:50:53.655482Z,sensor.bed_1_booster_effective_percentage,10,0
2026-08-13T02:52:08.150205Z,sensor.bed_2_temp_temperature,78.08,0
2026-08-13T02:52:08.150667Z,sensor.bed_2_temperature_delta,2.3,0
2026-08-13T02:56:04.097071Z,climate.kitchen,cool,0
2026-08-13T02:56:04.121750Z,sensor.kitchen_temperature,74.3,0
2026-08-13T02:56:04.328905Z,climate.kitchen,cool,0
2026-08-13T02:56:56.866328Z,sensor.kitchen_temp_temperature,74.84,0
2026-08-13T02:56:56.866689Z,sensor.bed_1_temperature_delta,2.2,0
2026-08-13T02:56:56.867449Z,sensor.bed_2_temperature_delta,3.2,0
2026-08-13T02:56:56.867798Z,sensor.bed_3_temperature_delta,3.4,0
2026-08-13T02:56:56.868580Z,sensor.bed_1_booster_target_speed,4,0
2026-08-13T02:56:56.868878Z,sensor.bed_2_booster_target_speed,8,0
2026-08-13T02:56:56.869118Z,sensor.bed_3_booster_target_speed,8,0
2026-08-13T02:56:56.870264Z,sensor.bed_1_booster_pi_target_speed,4,0
2026-08-13T02:56:56.870866Z,sensor.bed_2_booster_pi_target_speed,8,0
2026-08-13T02:56:56.871425Z,sensor.bed_3_booster_pi_target_speed,8,0
2026-08-13T02:56:56.871771Z,sensor.bed_1_booster_effective_percentage,40,0
2026-08-13T02:56:56.872467Z,sensor.bed_2_booster_effective_percentage,80,0
2026-08-13T02:56:56.873089Z,sensor.bed_3_booster_effective_percentage,80,0
2026-08-13T03:00:11.581782Z,climate.kitchen,cool,0
2026-08-13T03:00:11.590102Z,sensor.kitchen_temperature,77.36,0
2026-08-13T03:00:11.590754Z,climate.kitchen,cool,0
2026-08-13T03:01:49.648882Z,sensor.bed_3_temp_temperature,78.08,0
2026-08-13T03:01:49.649103Z,sensor.bed_3_temperature_delta,3.2,0
2026-08-13T03:05:54.462543Z,sensor.bed_1_temp_temperature,76.28,0
2026-08-13T03:05:54.462923Z,sensor.bed_1_temperature_delta,1.4,0
2026-08-13T03:05:54.463201Z,sensor.bed_1_booster_target_speed,2,0
2026-08-13T03:05:54.465281Z,sensor.bed_1_booster_pi_target_speed,2,0
2026-08-13T03:05:54.465708Z,sensor.bed_1_booster_effective_percentage,20,0
2026-08-13T03:07:08.500064Z,sensor.bed_2_temp_temperature,77.36,0
2026-08-13T03:07:08.500547Z,sensor.bed_2_temperature_delta,2.5,0
2026-08-13T03:07:08.500949Z,sensor.bed_2_booster_target_speed,6,0
2026-08-13T03:07:08.502320Z,sensor.bed_2_booster_pi_target_speed,6,0
2026-08-13T03:07:08.502855Z,sensor.bed_2_booster_effective_percentage,60,0
2026-08-13T03:11:56.272921Z,sensor.kitchen_temp_temperature,74.12,0
2026-08-13T03:11:56.273371Z,sensor.bed_1_temperature_delta,2.2,0
2026-08-13T03:11:56.273667Z,sensor.bed_2_temperature_delta,3.2,0
2026-08-13T03:11:56.273954Z,sensor.bed_3_temperature_delta,4.0,0
2026-08-13T03:11:56.274286Z,sensor.bed_1_booster_target_speed,4,0
2026-08-13T03:11:56.274586Z,sensor.bed_2_booster_target_speed,8,0
2026-08-13T03:11:56.274893Z,sensor.bed_3_booster_target_speed,10,0
2026-08-13T03:11:56.276636Z,sensor.bed_1_booster_pi_target_speed,4,0
2026-08-13T03:11:56.277502Z,sensor.bed_2_booster_pi_target_speed,8,0
2026-08-13T03:11:56.278357Z,sensor.bed_3_booster_pi_target_speed,10,0
2026-08-13T03:11:56.278919Z,sensor.bed_1_booster_effective_percentage,40,0
2026-08-13T03:11:56.283150Z,sensor.bed_2_booster_effective_percentage,80,0
2026-08-13T03:11:56.284123Z,sensor.bed_3_booster_effective_percentage,100,0
2026-08-13T03:16:52.741821Z,sensor.bed_3_temp_temperature,77.54,0
2026-08-13T03:16:52.742269Z,sensor.bed_3_temperature_delta,3.4,0
2026-08-13T03:20:56.175175Z,sensor.bed_1_temp_temperature,75.74,0
2026-08-13T03:20:56.175622Z,sensor.bed_1_temperature_delta,1.6,0
2026-08-13T03:20:56.175989Z,sensor.bed_1_booster_target_speed,2,0
2026-08-13T03:20:56.177207Z,sensor.bed_1_booster_pi_target_speed,2,0
2026-08-13T03:20:56.177685Z,sensor.bed_1_booster_effective_percentage,20,0
2026-08-13T03:22:08.314464Z,sensor.bed_2_temp_temperature,76.82,0
2026-08-13T03:22:08.314960Z,sensor.bed_2_temperature_delta,2.7,0
2026-08-13T03:22:08.315346Z,sensor.bed_2_booster_target_speed,6,0
2026-08-13T03:22:08.316677Z,sensor.bed_2_booster_pi_target_speed,6,0
2026-08-13T03:22:08.317218Z,sensor.bed_2_booster_effective_percentage,60,0
2026-08-13T03:25:41.650887Z,sensor.kitchen_temp_temperature,73.22,0
2026-08-13T03:25:41.651352Z,sensor.bed_1_temperature_delta,2.5,0
2026-08-13T03:25:41.651647Z,sensor.bed_2_temperature_delta,3.6,0
2026-08-13T03:25:41.651932Z,sensor.bed_3_temperature_delta,4.3,0
2026-08-13T03:25:41.652256Z,sensor.bed_1_booster_target_speed,6,0
2026-08-13T03:25:41.652552Z,sensor.bed_2_booster_target_speed,10,0
2026-08-13T03:25:41.654157Z,sensor.bed_1_booster_pi_target_speed,6,0
2026-08-13T03:25:41.654932Z,sensor.bed_2_booster_pi_target_speed,10,0
2026-08-13T03:25:41.655395Z,sensor.bed_1_booster_effective_percentage,60,0
2026-08-13T03:25:41.658049Z,sensor.bed_2_booster_effective_percentage,100,0
2026-08-13T03:31:21.853369Z,climate.kitchen,cool,0
2026-08-13T03:31:21.867347Z,sensor.kitchen_temperature,76.28,0
2026-08-13T03:31:55.667216Z,sensor.bed_3_temp_temperature,77.18,0
2026-08-13T03:31:55.667698Z,sensor.bed_3_temperature_delta,4.0,0
2026-08-13T03:34:13.335222Z,sensor.bed_1_temp_temperature,74.84,0
2026-08-13T03:34:13.335593Z,sensor.bed_1_temperature_delta,1.6,0
2026-08-13T03:34:13.335881Z,sensor.bed_1_booster_target_speed,2,0
2026-08-13T03:34:13.337292Z,sensor.bed_1_booster_pi_target_speed,2,0
2026-08-13T03:34:13.340485Z,sensor.bed_1_booster_effective_percentage,20,0
2026-08-13T03:34:25.433350Z,sensor.bed_2_temp_temperature,75.92,0
2026-08-13T03:34:25.433880Z,sensor.bed_2_temperature_delta,2.7,0
2026-08-13T03:34:25.434272Z,sensor.bed_2_booster_target_speed,6,0
2026-08-13T03:34:25.435636Z,sensor.bed_2_booster_pi_target_speed,6,0
2026-08-13T03:34:25.436204Z,sensor.bed_2_booster_effective_percentage,60,0
2026-08-13T03:40:40.789294Z,sensor.kitchen_temp_temperature,72.68,0
2026-08-13T03:40:40.789763Z,sensor.bed_1_temperature_delta,2.2,0
2026-08-13T03:40:40.790094Z,sensor.bed_2_temperature_delta,3.2,0
2026-08-13T03:40:40.790363Z,sensor.bed_3_temperature_delta,4.5,0
2026-08-13T03:40:40.790692Z,sensor.bed_1_booster_target_speed,4,0
2026-08-13T03:40:40.791012Z,sensor.bed_2_booster_target_speed,8,0
2026-08-13T03:40:40.792650Z,sensor.bed_1_booster_pi_target_speed,4,0
2026-08-13T03:40:40.793399Z,sensor.bed_2_booster_pi_target_speed,8,0
2026-08-13T03:40:40.793834Z,sensor.bed_1_booster_effective_percentage,40,0
2026-08-13T03:40:40.796372Z,sensor.bed_2_booster_effective_percentage,80,0
2026-08-13T03:46:57.984823Z,sensor.bed_3_temp_temperature,76.46,0
2026-08-13T03:46:57.985078Z,sensor.bed_3_temperature_delta,3.8,0
2026-08-13T03:49:14.399729Z,sensor.bed_1_temp_temperature,74.3,0
2026-08-13T03:49:14.400191Z,sensor.bed_1_temperature_delta,1.6,0
2026-08-13T03:49:14.400540Z,sensor.bed_1_booster_target_speed,2,0
2026-08-13T03:49:14.401990Z,sensor.bed_1_booster_pi_target_speed,2,0
2026-08-13T03:49:14.402563Z,sensor.bed_1_booster_effective_percentage,20,0
2026-08-13T03:49:24.834069Z,sensor.bed_2_temp_temperature,75.56,0
2026-08-13T03:49:24.834424Z,sensor.bed_2_temperature_delta,2.9,0
2026-08-13T03:55:39.269017Z,sensor.kitchen_temp_temperature,72.14,0
2026-08-13T03:55:39.269370Z,sensor.bed_1_temperature_delta,2.2,0
2026-08-13T03:55:39.269593Z,sensor.bed_2_temperature_delta,3.4,0
2026-08-13T03:55:39.269794Z,sensor.bed_3_temperature_delta,4.3,0
2026-08-13T03:55:39.270050Z,sensor.bed_1_booster_target_speed,4,0
2026-08-13T03:55:39.271711Z,sensor.bed_1_booster_pi_target_speed,4,0
2026-08-13T03:55:39.272148Z,sensor.bed_1_booster_effective_percentage,40,0
2026-08-13T03:55:49.357533Z,climate.kitchen,cool,0
2026-08-13T04:01:56.539864Z,climate.kitchen,cool,0
2026-08-13T04:01:56.554010Z,sensor.kitchen_temperature,75.38,0
2026-08-13T04:02:00.522325Z,sensor.bed_3_temp_temperature,75.92,0
2026-08-13T04:02:00.522760Z,sensor.bed_3_temperature_delta,3.8,0
2026-08-13T04:04:16.031295Z,sensor.bed_1_temp_temperature,73.76,0
2026-08-13T04:04:16.031801Z,sensor.bed_1_temperature_delta,1.6,0
2026-08-13T04:04:16.032225Z,sensor.bed_1_booster_target_speed,2,0
2026-08-13T04:04:16.033683Z,sensor.bed_1_booster_pi_target_speed,2,0
2026-08-13T04:04:16.034281Z,sensor.bed_1_booster_effective_percentage,20,0
2026-08-13T04:04:24.007124Z,sensor.bed_2_temp_temperature,75.02,0
2026-08-13T04:04:24.007607Z,sensor.bed_2_temperature_delta,2.9,0
2026-08-13T04:10:37.733105Z,sensor.kitchen_temp_temperature,71.42,0
2026-08-13T04:10:37.733470Z,sensor.bed_1_temperature_delta,2.3,0
2026-08-13T04:10:37.733708Z,sensor.bed_2_temperature_delta,3.6,0
2026-08-13T04:10:37.733938Z,sensor.bed_3_temperature_delta,4.5,0
2026-08-13T04:10:37.734195Z,sensor.bed_1_booster_target_speed,4,0
2026-08-13T04:10:37.734431Z,sensor.bed_2_booster_target_speed,10,0
2026-08-13T04:10:37.736076Z,sensor.bed_1_booster_pi_target_speed,4,0
2026-08-13T04:10:37.736773Z,sensor.bed_2_booster_pi_target_speed,10,0
2026-08-13T04:10:37.737246Z,sensor.bed_1_booster_effective_percentage,40,0
2026-08-13T04:10:37.739455Z,sensor.bed_2_booster_effective_percentage,100,0
2026-08-13T04:17:01.243254Z,sensor.bed_2_temp_temperature,74.12,0
2026-08-13T04:17:01.243732Z,sensor.bed_2_temperature_delta,2.7,0
2026-08-13T04:17:01.244132Z,sensor.bed_2_booster_target_speed,6,0
2026-08-13T04:17:01.245714Z,sensor.bed_2_booster_pi_target_speed,6,0
2026-08-13T04:17:01.246376Z,sensor.bed_2_booster_effective_percentage,60,0
2026-08-13T04:17:02.623308Z,sensor.bed_3_temp_temperature,75.38,0
2026-08-13T04:17:02.623772Z,sensor.bed_3_temperature_delta,4.0,0
2026-08-13T04:19:16.385698Z,sensor.bed_1_temp_temperature,73.04,0
2026-08-13T04:19:16.386213Z,sensor.bed_1_temperature_delta,1.6,0
2026-08-13T04:19:16.386602Z,sensor.bed_1_booster_target_speed,2,0
2026-08-13T04:19:16.388298Z,sensor.bed_1_booster_pi_target_speed,2,0
2026-08-13T04:19:16.388967Z,sensor.bed_1_booster_effective_percentage,20,0
2026-08-13T04:25:37.102969Z,sensor.kitchen_temp_temperature,70.88,0
2026-08-13T04:25:37.103428Z,sensor.bed_1_temperature_delta,2.2,0
2026-08-13T04:25:37.103717Z,sensor.bed_2_temperature_delta,3.2,0
2026-08-13T04:25:37.104003Z,sensor.bed_3_temperature_delta,4.5,0
2026-08-13T04:25:37.104338Z,sensor.bed_1_booster_target_speed,4,0
2026-08-13T04:25:37.104635Z,sensor.bed_2_booster_target_speed,8,0
2026-08-13T04:25:37.106699Z,sensor.bed_1_booster_pi_target_speed,4,0
2026-08-13T04:25:37.107578Z,sensor.bed_2_booster_pi_target_speed,8,0
2026-08-13T04:25:37.108173Z,sensor.bed_1_booster_effective_percentage,40,0
2026-08-13T04:25:37.113772Z,sensor.bed_2_booster_effective_percentage,80,0
2026-08-13T04:26:56.676943Z,climate.kitchen,cool,0
2026-08-13T04:26:56.690064Z,sensor.kitchen_temperature,74.48,0
2026-08-13T04:32:00.716523Z,sensor.bed_2_temp_temperature,73.94,0
2026-08-13T04:32:00.717030Z,sensor.bed_2_temperature_delta,3.1,0
2026-08-13T04:32:06.631578Z,sensor.bed_3_temp_temperature,74.84,0
2026-08-13T04:32:06.632073Z,sensor.bed_3_temperature_delta,4.0,0
2026-08-13T04:34:17.261921Z,sensor.bed_1_temp_temperature,72.5,0
2026-08-13T04:34:17.262414Z,sensor.bed_1_temperature_delta,1.6,0
2026-08-13T04:34:17.262795Z,sensor.bed_1_booster_target_speed,2,0
2026-08-13T04:34:17.264331Z,sensor.bed_1_booster_pi_target_speed,2,0
2026-08-13T04:34:17.264687Z,sensor.bed_1_booster_effective_percentage,20,0
2026-08-13T04:40:34.253023Z,sensor.kitchen_temp_temperature,70.34,0
2026-08-13T04:40:34.253381Z,sensor.bed_1_temperature_delta,2.2,0
2026-08-13T04:40:34.253616Z,sensor.bed_2_temperature_delta,3.6,0
2026-08-13T04:40:34.253828Z,sensor.bed_3_temperature_delta,4.5,0
2026-08-13T04:40:34.254099Z,sensor.bed_1_booster_target_speed,4,0
2026-08-13T04:40:34.254345Z,sensor.bed_2_booster_target_speed,10,0
2026-08-13T04:40:34.255973Z,sensor.bed_1_booster_pi_target_speed,4,0
2026-08-13T04:40:34.256656Z,sensor.bed_2_booster_pi_target_speed,10,0
2026-08-13T04:40:34.257092Z,sensor.bed_1_booster_effective_percentage,40,0
2026-08-13T04:40:34.259235Z,sensor.bed_2_booster_effective_percentage,100,0
2026-08-13T04:45:50.569336Z,sensor.bed_2_temp_temperature,73.04,0
2026-08-13T04:45:50.569666Z,sensor.bed_2_temperature_delta,2.7,0
2026-08-13T04:45:50.569944Z,sensor.bed_2_booster_target_speed,6,0
2026-08-13T04:45:50.571035Z,sensor.bed_2_booster_pi_target_speed,6,0
2026-08-13T04:45:50.571462Z,sensor.bed_2_booster_effective_percentage,60,0
2026-08-13T04:47:09.323501Z,sensor.bed_3_temp_temperature,74.3,0
2026-08-13T04:47:09.323777Z,sensor.bed_3_temperature_delta,4.0,0
2026-08-13T04:49:17.037153Z,sensor.bed_1_temp_temperature,71.96,0
2026-08-13T04:49:17.037577Z,sensor.bed_1_temperature_delta,1.6,0
2026-08-13T04:49:17.037925Z,sensor.bed_1_booster_target_speed,2,0
2026-08-13T04:49:17.039368Z,sensor.bed_1_booster_pi_target_speed,2,0
2026-08-13T04:49:17.039959Z,sensor.bed_1_booster_effective_percentage,20,0
2026-08-13T04:55:32.342521Z,sensor.kitchen_temp_temperature,69.8,0
2026-08-13T04:55:32.342770Z,sensor.bed_1_temperature_delta,2.2,0
2026-08-13T04:55:32.342912Z,sensor.bed_2_temperature_delta,3.2,0
2026-08-13T04:55:32.343045Z,sensor.bed_3_temperature_delta,4.5,0
2026-08-13T04:55:32.343197Z,sensor.bed_1_booster_target_speed,4,0
2026-08-13T04:55:32.343333Z,sensor.bed_2_booster_target_speed,8,0
2026-08-13T04:55:32.344321Z,sensor.bed_1_booster_pi_target_speed,4,0
2026-08-13T04:55:32.344727Z,sensor.bed_2_booster_pi_target_speed,8,0
2026-08-13T04:55:32.345008Z,sensor.bed_1_booster_effective_percentage,40,0
2026-08-13T04:55:32.346457Z,sensor.bed_2_booster_effective_percentage,80,0
2026-08-13T05:00:51.533877Z,sensor.bed_2_temp_temperature,72.86,0
2026-08-13T05:00:51.534230Z,sensor.bed_2_temperature_delta,3.1,0
2026-08-13T05:02:10.644597Z,sensor.bed_3_temp_temperature,73.76,0
2026-08-13T05:02:10.645055Z,sensor.bed_3_temperature_delta,4.0,0
2026-08-13T05:02:31.366737Z,climate.kitchen,cool,0
2026-08-13T05:02:31.382197Z,sensor.kitchen_temperature,73.4,0
2026-08-13T05:04:19.043283Z,sensor.bed_1_temp_temperature,71.42,0
2026-08-13T05:04:19.043512Z,sensor.bed_1_temperature_delta,1.6,0
2026-08-13T05:04:19.043674Z,sensor.bed_1_booster_target_speed,2,0
2026-08-13T05:04:19.044371Z,sensor.bed_1_booster_pi_target_speed,2,0
2026-08-13T05:04:19.044640Z,sensor.bed_1_booster_effective_percentage,20,0
2026-08-13T05:10:31.397490Z,sensor.kitchen_temp_temperature,69.26,0
2026-08-13T05:10:31.397948Z,sensor.bed_1_temperature_delta,2.2,0
2026-08-13T05:10:31.398241Z,sensor.bed_2_temperature_delta,3.6,0
2026-08-13T05:10:31.398508Z,sensor.bed_3_temperature_delta,4.5,0
2026-08-13T05:10:31.398826Z,sensor.bed_1_booster_target_speed,4,0
2026-08-13T05:10:31.399138Z,sensor.bed_2_booster_target_speed,10,0
2026-08-13T05:10:31.401164Z,sensor.bed_1_booster_pi_target_speed,4,0
2026-08-13T05:10:31.402053Z,sensor.bed_2_booster_pi_target_speed,10,0
2026-08-13T05:10:31.402625Z,sensor.bed_1_booster_effective_percentage,40,0
2026-08-13T05:10:31.411219Z,sensor.bed_2_booster_effective_percentage,100,0
2026-08-13T05:15:34.884812Z,sensor.bed_2_temp_temperature,71.96,0
2026-08-13T05:15:34.885328Z,sensor.bed_2_temperature_delta,2.7,0
2026-08-13T05:15:34.885726Z,sensor.bed_2_booster_target_speed,6,0
2026-08-13T05:15:34.887410Z,sensor.bed_2_booster_pi_target_speed,6,0
2026-08-13T05:15:34.888026Z,sensor.bed_2_booster_effective_percentage,60,0
2026-08-13T05:17:13.715743Z,sensor.bed_3_temp_temperature,73.22,0
2026-08-13T05:17:13.716000Z,sensor.bed_3_temperature_delta,4.0,0
2026-08-13T05:18:32.464669Z,sensor.bed_1_booster_pi_target_speed,4,0
2026-08-13T05:18:32.464886Z,sensor.bed_2_booster_pi_target_speed,6,0
2026-08-13T05:18:32.465088Z,sensor.bed_3_booster_pi_target_speed,10,0
2026-08-13T05:18:32.467782Z,sensor.bed_1_booster_adaptive_boost,0,0
2026-08-13T05:18:32.467977Z,sensor.bed_2_booster_adaptive_boost,0,0
2026-08-13T05:18:32.468155Z,sensor.bed_3_booster_adaptive_boost,0,0
2026-08-13T05:18:34.053288Z,climate.kitchen,cool,0
2026-08-13T05:19:20.057004Z,sensor.bed_1_temp_temperature,70.7,0
2026-08-13T05:19:20.057275Z,sensor.bed_1_temperature_delta,1.4,0
2026-08-13T05:19:20.057433Z,sensor.bed_1_booster_target_speed,2,0
2026-08-13T05:19:20.057952Z,sensor.bed_1_booster_pi_target_speed,2,0
2026-08-13T05:19:20.058166Z,sensor.bed_1_booster_effective_percentage,20,0
2026-08-13T05:25:31.387732Z,sensor.kitchen_temp_temperature,68.72,0
2026-08-13T05:25:31.388081Z,sensor.bed_1_temperature_delta,2.0,0
2026-08-13T05:25:31.388234Z,sensor.bed_2_temperature_delta,3.2,0
2026-08-13T05:25:31.388372Z,sensor.bed_3_temperature_delta,4.5,0
2026-08-13T05:25:31.388651Z,sensor.bed_2_booster_target_speed,8,0
2026-08-13T05:25:31.389791Z,sensor.bed_2_booster_pi_target_speed,8,0
2026-08-13T05:25:31.390154Z,sensor.bed_2_booster_effective_percentage,80,0
2026-08-13T05:30:34.122082Z,sensor.bed_2_temp_temperature,71.6,0
2026-08-13T05:30:34.122731Z,sensor.bed_2_temperature_delta,2.9,0
2026-08-13T05:32:14.894797Z,sensor.bed_3_temp_temperature,72.5,0
2026-08-13T05:32:14.895485Z,sensor.bed_3_temperature_delta,3.8,0
2026-08-13T05:34:21.431167Z,sensor.bed_1_temp_temperature,70.52,0
2026-08-13T05:34:21.431828Z,sensor.bed_1_temperature_delta,1.8,0
2026-08-13T05:36:03.703211Z,climate.kitchen,cool,0
2026-08-13T05:40:29.184191Z,sensor.kitchen_temp_temperature,68.54,0
2026-08-13T05:40:29.184805Z,sensor.bed_1_temperature_delta,2.0,0
2026-08-13T05:40:29.185113Z,sensor.bed_2_temperature_delta,3.1,0
2026-08-13T05:40:29.185375Z,sensor.bed_3_temperature_delta,4.0,0
2026-08-13T05:41:37.425778Z,sensor.bed_3_temp_temperature,71.6,0
2026-08-13T05:41:37.426103Z,sensor.bed_3_temperature_delta,3.1,0
2026-08-13T05:41:37.426244Z,sensor.bed_3_booster_target_speed,8,0
2026-08-13T05:41:37.426844Z,sensor.bed_3_booster_pi_target_speed,8,0
2026-08-13T05:41:37.427124Z,sensor.bed_3_booster_effective_percentage,80,0
2026-08-13T05:41:47.975421Z,climate.kitchen,cool,0
2026-08-13T05:42:28.115568Z,sensor.bed_2_temp_temperature,70.7,0
2026-08-13T05:42:28.116144Z,sensor.bed_2_temperature_delta,2.2,0
2026-08-13T05:42:28.116474Z,sensor.bed_2_booster_target_speed,4,0
2026-08-13T05:42:28.117901Z,sensor.bed_2_booster_pi_target_speed,4,0
2026-08-13T05:42:28.118492Z,sensor.bed_2_booster_effective_percentage,40,0
2026-08-13T05:43:54.018034Z,climate.kitchen,cool,0
2026-08-13T05:43:54.029403Z,sensor.kitchen_temperature,72.14,0
2026-08-13T05:55:25.881140Z,sensor.kitchen_temp_temperature,68.18,0
2026-08-13T05:55:25.881594Z,sensor.bed_1_temperature_delta,2.3,0
2026-08-13T05:55:25.881907Z,sensor.bed_2_temperature_delta,2.5,0
2026-08-13T05:55:25.882182Z,sensor.bed_3_temperature_delta,3.4,0
2026-08-13T05:55:25.882512Z,sensor.bed_1_booster_target_speed,4,0
2026-08-13T05:55:25.882816Z,sensor.bed_2_booster_target_speed,6,0
2026-08-13T05:55:25.884428Z,sensor.bed_1_booster_pi_target_speed,4,0
2026-08-13T05:55:25.885205Z,sensor.bed_2_booster_pi_target_speed,6,0
2026-08-13T05:55:25.885674Z,sensor.bed_1_booster_effective_percentage,40,0
2026-08-13T05:55:25.888427Z,sensor.bed_2_booster_effective_percentage,60,0
2026-08-13T05:56:38.672957Z,sensor.bed_3_temp_temperature,70.88,0
2026-08-13T05:56:38.673454Z,sensor.bed_3_temperature_delta,2.7,0
2026-08-13T05:56:38.673857Z,sensor.bed_3_booster_target_speed,6,0
2026-08-13T05:56:38.675185Z,sensor.bed_3_booster_pi_target_speed,6,0
2026-08-13T05:56:38.675709Z,sensor.bed_3_booster_effective_percentage,60,0
2026-08-13T06:00:00Z,climate.kitchen,cool,1
2026-08-13T06:00:00Z,sensor.bed_1_booster_adaptive_boost,0,1
2026-08-13T06:00:00Z,sensor.bed_1_booster_effective_percentage,40,1
2026-08-13T06:00:00Z,sensor.bed_1_booster_pi_target_speed,4,1
2026-08-13T06:00:00Z,sensor.bed_1_booster_target_speed,4,1
2026-08-13T06:00:00Z,sensor.bed_1_temp_temperature,70.52,1
2026-08-13T06:00:00Z,sensor.bed_1_temperature_delta,2.3,1
2026-08-13T06:00:00Z,sensor.bed_2_booster_adaptive_boost,0,1
2026-08-13T06:00:00Z,sensor.bed_2_booster_effective_percentage,60,1
2026-08-13T06:00:00Z,sensor.bed_2_booster_pi_target_speed,6,1
2026-08-13T06:00:00Z,sensor.bed_2_booster_target_speed,6,1
2026-08-13T06:00:00Z,sensor.bed_2_temp_temperature,70.7,1
2026-08-13T06:00:00Z,sensor.bed_2_temperature_delta,2.5,1
2026-08-13T06:00:00Z,sensor.bed_3_booster_adaptive_boost,0,1
2026-08-13T06:00:00Z,sensor.bed_3_booster_effective_percentage,60,1
2026-08-13T06:00:00Z,sensor.bed_3_booster_pi_target_speed,6,1
2026-08-13T06:00:00Z,sensor.bed_3_booster_target_speed,6,1
2026-08-13T06:00:00Z,sensor.bed_3_temp_temperature,70.88,1
2026-08-13T06:00:00Z,sensor.bed_3_temperature_delta,2.7,1
2026-08-13T06:00:00Z,sensor.kitchen_temp_temperature,68.18,1
2026-08-13T06:00:00Z,sensor.kitchen_temperature,72.14,1
2026-08-13T06:04:22.476112Z,sensor.bed_1_temp_temperature,69.98,0
2026-08-13T06:04:22.476302Z,sensor.bed_1_temperature_delta,1.8,0
2026-08-13T06:04:22.476443Z,sensor.bed_1_booster_target_speed,2,0
2026-08-13T06:04:22.476938Z,sensor.bed_1_booster_pi_target_speed,2,0
2026-08-13T06:04:22.477118Z,sensor.bed_1_booster_effective_percentage,20,0
2026-08-13T06:04:42.279443Z,climate.kitchen,cool,0
2026-08-13T06:04:42.290048Z,sensor.kitchen_temperature,71.42,0
2026-08-13T06:09:51.307970Z,climate.kitchen,cool,0
2026-08-13T06:10:23.490426Z,sensor.kitchen_temp_temperature,67.82,0
2026-08-13T06:10:23.490909Z,sensor.bed_1_temperature_delta,2.2,0
2026-08-13T06:10:23.491202Z,sensor.bed_2_temperature_delta,2.9,0
2026-08-13T06:10:23.491468Z,sensor.bed_3_temperature_delta,3.1,0
2026-08-13T06:10:23.491803Z,sensor.bed_1_booster_target_speed,4,0
2026-08-13T06:10:23.492317Z,sensor.bed_3_booster_target_speed,8,0
2026-08-13T06:10:23.493737Z,sensor.bed_1_booster_pi_target_speed,4,0
2026-08-13T06:10:23.494515Z,sensor.bed_3_booster_pi_target_speed,8,0
2026-08-13T06:10:23.495011Z,sensor.bed_1_booster_effective_percentage,40,0
2026-08-13T06:10:23.495979Z,sensor.bed_3_booster_effective_percentage,80,0
2026-08-13T06:10:31.077890Z,climate.kitchen,cool,0
2026-08-13T06:11:39.553403Z,sensor.bed_3_temp_temperature,70.34,0
2026-08-13T06:11:39.553647Z,sensor.bed_3_temperature_delta,2.5,0
2026-08-13T06:11:39.553824Z,sensor.bed_3_booster_target_speed,6,0
2026-08-13T06:11:39.554455Z,sensor.bed_3_booster_pi_target_speed,6,0
2026-08-13T06:11:39.554689Z,sensor.bed_3_booster_effective_percentage,60,0
2026-08-13T06:12:23.701611Z,sensor.bed_2_temp_temperature,70.34,0
2026-08-13T06:12:23.701854Z,sensor.bed_2_temperature_delta,2.5,0
2026-08-13T06:16:47.889885Z,climate.kitchen,cool,0
2026-08-13T06:19:21.777811Z,sensor.bed_1_temp_temperature,69.62,0
2026-08-13T06:19:21.778320Z,sensor.bed_1_temperature_delta,1.8,0
2026-08-13T06:25:20.629179Z,sensor.kitchen_temp_temperature,67.64,0
2026-08-13T06:25:20.629651Z,sensor.bed_1_temperature_delta,2.0,0
2026-08-13T06:25:20.629989Z,sensor.bed_2_temperature_delta,2.7,0
2026-08-13T06:25:20.630281Z,sensor.bed_3_temperature_delta,2.7,0
2026-08-13T06:25:25.615202Z,climate.kitchen,cool,0
2026-08-13T06:26:40.334144Z,sensor.bed_3_temp_temperature,69.8,0
2026-08-13T06:26:40.334582Z,sensor.bed_3_temperature_delta,2.2,0
2026-08-13T06:26:40.334957Z,sensor.bed_3_booster_target_speed,4,0
2026-08-13T06:26:40.336170Z,sensor.bed_3_booster_pi_target_speed,4,0
2026-08-13T06:26:40.336651Z,sensor.bed_3_booster_effective_percentage,40,0
2026-08-13T06:27:21.428878Z,sensor.bed_2_temp_temperature,70.16,0
2026-08-13T06:27:21.429263Z,sensor.bed_2_temperature_delta,2.5,0
2026-08-13T06:34:21.708913Z,sensor.bed_1_temp_temperature,68.9,0
2026-08-13T06:34:21.709413Z,sensor.bed_1_temperature_delta,1.3,0
2026-08-13T06:34:21.709828Z,sensor.bed_1_booster_target_speed,0,0
2026-08-13T06:34:21.711267Z,sensor.bed_1_booster_pi_target_speed,0,0
2026-08-13T06:34:21.711506Z,sensor.bed_1_booster_effective_percentage,10,0
2026-08-13T06:35:17.393052Z,climate.kitchen,cool,0
2026-08-13T06:35:17.403998Z,sensor.kitchen_temperature,70.34,0
2026-08-13T06:40:18.189756Z,sensor.kitchen_temp_temperature,67.28,0
2026-08-13T06:40:18.189984Z,sensor.bed_1_temperature_delta,1.6,0
2026-08-13T06:40:18.190112Z,sensor.bed_2_temperature_delta,2.9,0
2026-08-13T06:40:18.190229Z,sensor.bed_3_temperature_delta,2.5,0
2026-08-13T06:40:18.190373Z,sensor.bed_1_booster_target_speed,2,0
2026-08-13T06:40:18.190586Z,sensor.bed_3_booster_target_speed,6,0
2026-08-13T06:40:18.191221Z,sensor.bed_1_booster_pi_target_speed,2,0
2026-08-13T06:40:18.191546Z,sensor.bed_3_booster_pi_target_speed,6,0
2026-08-13T06:40:18.191750Z,sensor.bed_1_booster_effective_percentage,20,0
2026-08-13T06:40:18.192201Z,sensor.bed_3_booster_effective_percentage,60,0
2026-08-13T06:41:40.839521Z,sensor.bed_3_temp_temperature,69.26,0
2026-08-13T06:41:40.839813Z,sensor.bed_3_temperature_delta,2.0,0
2026-08-13T06:41:40.840052Z,sensor.bed_3_booster_target_speed,4,0
2026-08-13T06:41:40.840945Z,sensor.bed_3_booster_pi_target_speed,4,0
2026-08-13T06:41:40.841299Z,sensor.bed_3_booster_effective_percentage,40,0
2026-08-13T06:42:18.552477Z,sensor.bed_2_temp_temperature,69.62,0
2026-08-13T06:42:18.552863Z,sensor.bed_2_temperature_delta,2.3,0
2026-08-13T06:49:21.052376Z,sensor.bed_1_temp_temperature,68.72,0
2026-08-13T06:49:21.052812Z,sensor.bed_1_temperature_delta,1.4,0
2026-08-13T06:55:15.169804Z,sensor.kitchen_temp_temperature,66.92,0
2026-08-13T06:55:15.170301Z,sensor.bed_1_temperature_delta,1.8,0
2026-08-13T06:55:15.170622Z,sensor.bed_2_temperature_delta,2.7,0
2026-08-13T06:55:15.170941Z,sensor.bed_3_temperature_delta,2.3,0
2026-08-13T06:56:41.354757Z,sensor.bed_3_temp_temperature,68.72,0
2026-08-13T06:56:41.355268Z,sensor.bed_3_temperature_delta,1.8,0
2026-08-13T06:56:41.355655Z,sensor.bed_3_booster_target_speed,2,0
2026-08-13T06:56:41.356987Z,sensor.bed_3_booster_pi_target_speed,2,0
2026-08-13T06:56:41.357512Z,sensor.bed_3_booster_effective_percentage,20,0
2026-08-13T06:57:16.213058Z,sensor.bed_2_temp_temperature,69.08,0
2026-08-13T06:57:16.213510Z,sensor.bed_2_temperature_delta,2.2,0
2026-08-13T06:57:16.213884Z,sensor.bed_2_booster_target_speed,4,0
2026-08-13T06:57:16.215099Z,sensor.bed_2_booster_pi_target_speed,4,0
2026-08-13T06:57:16.215585Z,sensor.bed_2_booster_effective_percentage,40,0
2026-08-13T07:04:20.586866Z,sensor.bed_1_temp_temperature,68.36,0
2026-08-13T07:04:20.587319Z,sensor.bed_1_temperature_delta,1.4,0
2026-08-13T07:10:12.073311Z,sensor.kitchen_temp_temperature,66.38,0
2026-08-13T07:10:12.073709Z,sensor.bed_1_temperature_delta,2.0,0
2026-08-13T07:10:12.076012Z,sensor.bed_2_temperature_delta,2.7,0
2026-08-13T07:10:12.076252Z,sensor.bed_3_temperature_delta,2.3,0
2026-08-13T07:10:12.076686Z,sensor.bed_2_booster_target_speed,6,0
2026-08-13T07:10:12.076937Z,sensor.bed_3_booster_target_speed,4,0
2026-08-13T07:10:12.078132Z,sensor.bed_2_booster_pi_target_speed,6,0
2026-08-13T07:10:12.078740Z,sensor.bed_3_booster_pi_target_speed,4,0
2026-08-13T07:10:12.079132Z,sensor.bed_2_booster_effective_percentage,60,0
2026-08-13T07:10:12.081401Z,sensor.bed_3_booster_effective_percentage,40,0
2026-08-13T07:10:15.603046Z,sensor.bed_2_temp_temperature,68.18,0
2026-08-13T07:10:15.603458Z,sensor.bed_2_temperature_delta,1.8,0
2026-08-13T07:10:15.603787Z,sensor.bed_2_booster_target_speed,4,0
2026-08-13T07:10:15.604944Z,sensor.bed_2_booster_pi_target_speed,4,0
2026-08-13T07:10:15.605390Z,sensor.bed_2_booster_effective_percentage,40,0
2026-08-13T07:10:17.546255Z,climate.kitchen,cool,0
2026-08-13T07:10:17.551801Z,sensor.kitchen_temperature,69.44,0
2026-08-13T07:11:41.279145Z,sensor.bed_3_temp_temperature,68.18,0
2026-08-13T07:11:41.279600Z,sensor.bed_3_temperature_delta,1.8,0
2026-08-13T07:19:20.245155Z,sensor.bed_1_temp_temperature,67.82,0
2026-08-13T07:19:20.245364Z,sensor.bed_1_temperature_delta,1.4,0
2026-08-13T07:25:09.024222Z,sensor.kitchen_temp_temperature,66.02,0
2026-08-13T07:25:09.024530Z,sensor.bed_1_temperature_delta,1.8,0
2026-08-13T07:25:09.024720Z,sensor.bed_2_temperature_delta,2.2,0
2026-08-13T07:25:09.024901Z,sensor.bed_3_temperature_delta,2.2,0
2026-08-13T07:25:12.545226Z,sensor.bed_2_temp_temperature,67.82,0
2026-08-13T07:25:12.545692Z,sensor.bed_2_temperature_delta,1.8,0
2026-08-13T07:25:12.546057Z,sensor.bed_2_booster_target_speed,2,0
2026-08-13T07:25:12.547296Z,sensor.bed_2_booster_pi_target_speed,2,0
2026-08-13T07:25:12.547778Z,sensor.bed_2_booster_effective_percentage,20,0
2026-08-13T07:26:42.140765Z,sensor.bed_3_temp_temperature,67.64,0
2026-08-13T07:26:42.141208Z,sensor.bed_3_temperature_delta,1.6,0
2026-08-13T07:26:42.141540Z,sensor.bed_3_booster_target_speed,2,0
2026-08-13T07:26:42.142660Z,sensor.bed_3_booster_pi_target_speed,2,0
2026-08-13T07:26:42.143121Z,sensor.bed_3_booster_effective_percentage,20,0
2026-08-13T07:34:18.992128Z,sensor.bed_1_temp_temperature,67.46,0
2026-08-13T07:34:18.992340Z,sensor.bed_1_temperature_delta,1.4,0
2026-08-13T07:35:00.228234Z,sensor.bed_2_booster_adaptive_boost,1,0
2026-08-13T07:35:00.228422Z,sensor.bed_2_booster_pi_target_speed,3,0
2026-08-13T07:35:00.228628Z,sensor.bed_2_booster_effective_percentage,30,0
2026-08-13T07:40:05.990704Z,sensor.kitchen_temp_temperature,65.66,0
2026-08-13T07:40:05.991111Z,sensor.bed_1_temperature_delta,1.8,0
2026-08-13T07:40:05.991354Z,sensor.bed_2_temperature_delta,2.2,0
2026-08-13T07:40:05.991567Z,sensor.bed_3_temperature_delta,2.0,0
2026-08-13T07:40:05.991994Z,sensor.bed_2_booster_target_speed,4,0
2026-08-13T07:40:05.993279Z,sensor.bed_2_booster_pi_target_speed,5,0
2026-08-13T07:40:05.993652Z,sensor.bed_2_booster_effective_percentage,50,0
2026-08-13T07:40:09.338061Z,sensor.bed_2_temp_temperature,67.46,0
2026-08-13T07:40:09.338254Z,sensor.bed_2_temperature_delta,1.8,0
2026-08-13T07:40:09.338388Z,sensor.bed_2_booster_target_speed,2,0
2026-08-13T07:40:09.338912Z,sensor.bed_2_booster_pi_target_speed,3,0
2026-08-13T07:40:09.339087Z,sensor.bed_2_booster_effective_percentage,30,0
2026-08-13T07:41:41.862117Z,sensor.bed_3_temp_temperature,67.28,0
2026-08-13T07:41:41.862498Z,sensor.bed_3_temperature_delta,1.6,0
2026-08-13T07:47:01.699821Z,climate.kitchen,cool,0
2026-08-13T07:47:01.702919Z,sensor.bed_2_booster_adaptive_boost,0,0
2026-08-13T07:47:01.710389Z,sensor.bed_2_booster_pi_target_speed,2,0
2026-08-13T07:47:01.711611Z,sensor.bed_2_booster_effective_percentage,20,0
2026-08-13T07:47:01.712523Z,sensor.kitchen_temperature,68.18,0
2026-08-13T07:47:03.220502Z,climate.kitchen,cool,0
2026-08-13T07:49:17.671712Z,sensor.bed_1_temp_temperature,67.1,0
2026-08-13T07:49:17.672224Z,sensor.bed_1_temperature_delta,1.4,0
2026-08-13T07:55:02.819277Z,sensor.kitchen_temp_temperature,66.02,0
2026-08-13T07:55:02.819830Z,sensor.bed_1_temperature_delta,1.1,0
2026-08-13T07:55:02.820228Z,sensor.bed_2_temperature_delta,1.4,0
2026-08-13T07:55:02.820566Z,sensor.bed_3_temperature_delta,1.3,0
2026-08-13T07:55:02.820980Z,sensor.bed_1_booster_target_speed,0,0
2026-08-13T07:55:02.821563Z,sensor.bed_3_booster_target_speed,0,0
2026-08-13T07:55:02.823229Z,sensor.bed_1_booster_pi_target_speed,0,0
2026-08-13T07:55:02.824141Z,sensor.bed_3_booster_pi_target_speed,0,0
2026-08-13T07:55:02.824659Z,sensor.bed_1_booster_effective_percentage,0,0
2026-08-13T07:55:02.831621Z,sensor.bed_3_booster_effective_percentage,0,0
2026-08-13T07:56:44.173036Z,sensor.bed_3_temp_temperature,66.92,0
2026-08-13T07:56:44.173455Z,sensor.bed_3_temperature_delta,0.9,0
2026-08-13T08:04:20.304959Z,sensor.bed_1_temp_temperature,67.46,0
2026-08-13T08:04:20.305351Z,sensor.bed_1_temperature_delta,1.4,0
2026-08-13T08:09:59.502113Z,sensor.kitchen_temp_temperature,66.56,0
2026-08-13T08:09:59.502621Z,sensor.bed_1_temperature_delta,0.9,0
2026-08-13T08:09:59.502971Z,sensor.bed_2_temperature_delta,0.9,0
2026-08-13T08:09:59.503274Z,sensor.bed_3_temperature_delta,0.4,0
2026-08-13T08:09:59.503865Z,sensor.bed_2_booster_target_speed,0,0
2026-08-13T08:09:59.506739Z,sensor.bed_2_booster_pi_target_speed,0,0
2026-08-13T08:09:59.507282Z,sensor.bed_2_booster_effective_percentage,0,0
2026-08-13T08:10:02.922602Z,sensor.bed_2_temp_temperature,67.82,0
2026-08-13T08:10:02.923073Z,sensor.bed_2_temperature_delta,1.3,0
2026-08-13T08:11:43.712177Z,sensor.bed_3_temp_temperature,66.74,0
2026-08-13T08:11:43.712670Z,sensor.bed_3_temperature_delta,0.2,0
2026-08-13T08:19:19.327980Z,sensor.bed_1_temp_temperature,67.82,0
2026-08-13T08:19:19.328253Z,sensor.bed_1_temperature_delta,1.3,0
2026-08-13T08:24:56.521649Z,sensor.kitchen_temp_temperature,66.92,0
2026-08-13T08:24:56.522144Z,sensor.bed_1_temperature_delta,0.9,0
2026-08-13T08:24:56.522444Z,sensor.bed_2_temperature_delta,0.9,0
2026-08-13T08:24:56.522716Z,sensor.bed_3_temperature_delta,-0.2,0
2026-08-13T08:24:59.750069Z,sensor.bed_2_temp_temperature,68.18,0
2026-08-13T08:24:59.750543Z,sensor.bed_2_temperature_delta,1.3,0
2026-08-13T08:26:42.947317Z,sensor.bed_3_temp_temperature,66.56,0
2026-08-13T08:26:42.947808Z,sensor.bed_3_temperature_delta,-0.4,0
2026-08-13T08:39:53.339743Z,sensor.kitchen_temp_temperature,67.28,0
2026-08-13T08:39:53.340204Z,sensor.bed_1_temperature_delta,0.5,0
2026-08-13T08:39:53.340498Z,sensor.bed_2_temperature_delta,0.9,0
2026-08-13T08:39:53.340765Z,sensor.bed_3_temperature_delta,-0.7,0
2026-08-13T08:49:20.706585Z,sensor.bed_1_temp_temperature,68.0,0
2026-08-13T08:49:20.706955Z,sensor.bed_1_temperature_delta,0.7,0
2026-08-13T08:54:50.261851Z,sensor.kitchen_temp_temperature,67.46,0
2026-08-13T08:54:50.262187Z,sensor.bed_1_temperature_delta,0.5,0
2026-08-13T08:54:50.262408Z,sensor.bed_2_temperature_delta,0.7,0
2026-08-13T08:54:50.262611Z,sensor.bed_3_temperature_delta,-0.9,0
2026-08-13T08:54:53.078559Z,sensor.bed_2_temp_temperature,68.36,0
2026-08-13T08:54:53.079035Z,sensor.bed_2_temperature_delta,0.9,0
2026-08-13T09:04:19.191629Z,sensor.bed_1_temp_temperature,68.18,0
2026-08-13T09:04:19.191883Z,sensor.bed_1_temperature_delta,0.7,0
2026-08-13T09:09:47.835046Z,sensor.kitchen_temp_temperature,67.64,0
2026-08-13T09:09:47.835538Z,sensor.bed_1_temperature_delta,0.5,0
2026-08-13T09:09:47.835878Z,sensor.bed_2_temperature_delta,0.7,0
2026-08-13T09:09:47.836175Z,sensor.bed_3_temperature_delta,-1.1,0
2026-08-13T09:24:44.913298Z,sensor.kitchen_temp_temperature,67.82,0
2026-08-13T09:24:44.913801Z,sensor.bed_1_temperature_delta,0.4,0
2026-08-13T09:24:44.914144Z,sensor.bed_2_temperature_delta,0.5,0
2026-08-13T09:24:44.914442Z,sensor.bed_3_temperature_delta,-1.3,0
2026-08-13T09:34:17.808526Z,sensor.bed_1_temp_temperature,68.36,0
2026-08-13T09:34:17.809056Z,sensor.bed_1_temperature_delta,0.5,0
2026-08-13T09:47:37.146303Z,climate.kitchen,cool,0
2026-08-13T09:47:37.152231Z,sensor.kitchen_temperature,68.54,0
2026-08-13T09:49:17.658060Z,sensor.bed_1_temp_temperature,68.54,0
2026-08-13T09:49:17.658484Z,sensor.bed_1_temperature_delta,0.7,0
2026-08-13T09:54:39.434971Z,sensor.kitchen_temp_temperature,68.0,0
2026-08-13T09:54:39.435438Z,sensor.bed_1_temperature_delta,0.5,0
2026-08-13T09:54:39.435733Z,sensor.bed_2_temperature_delta,0.4,0
2026-08-13T09:54:39.436017Z,sensor.bed_3_temperature_delta,-1.4,0
2026-08-13T10:09:36.884708Z,sensor.kitchen_temp_temperature,68.18,0
2026-08-13T10:09:36.885173Z,sensor.bed_1_temperature_delta,0.4,0
2026-08-13T10:09:36.885466Z,sensor.bed_2_temperature_delta,0.2,0
2026-08-13T10:09:36.885726Z,sensor.bed_3_temperature_delta,-1.6,0
2026-08-13T10:19:16.112791Z,sensor.bed_1_temp_temperature,68.72,0
2026-08-13T10:19:16.113260Z,sensor.bed_1_temperature_delta,0.5,0
2026-08-13T10:26:43.464061Z,sensor.bed_3_temp_temperature,66.74,0
2026-08-13T10:26:43.464437Z,sensor.bed_3_temperature_delta,-1.4,0
2026-08-13T10:54:29.337172Z,sensor.kitchen_temp_temperature,68.36,0
2026-08-13T10:54:29.337713Z,sensor.bed_1_temperature_delta,0.4,0
2026-08-13T10:54:29.338074Z,sensor.bed_2_temperature_delta,0.0,0
2026-08-13T10:54:29.338371Z,sensor.bed_3_temperature_delta,-1.6,0
2026-08-13T11:04:14.390274Z,sensor.bed_1_temp_temperature,68.9,0
2026-08-13T11:04:14.390505Z,sensor.bed_1_temperature_delta,0.5,0
2026-08-13T11:09:25.665446Z,sensor.bed_2_temp_temperature,68.54,0
2026-08-13T11:09:25.665907Z,sensor.bed_2_temperature_delta,0.2,0
2026-08-13T11:26:45.117928Z,sensor.bed_3_temp_temperature,66.92,0
2026-08-13T11:26:45.118426Z,sensor.bed_3_temperature_delta,-1.4,0
2026-08-13T12:00:53.283249Z,climate.kitchen,cool,0
2026-08-13T12:04:17.859019Z,sensor.bed_1_temp_temperature,69.08,0
2026-08-13T12:04:17.859515Z,sensor.bed_1_temperature_delta,0.7,0
2026-08-13T12:09:18.880681Z,sensor.kitchen_temp_temperature,68.54,0
2026-08-13T12:09:18.881099Z,sensor.bed_1_temperature_delta,0.5,0
2026-08-13T12:09:18.881362Z,sensor.bed_2_temperature_delta,0.0,0
2026-08-13T12:09:18.881604Z,sensor.bed_3_temperature_delta,-1.6,0
2026-08-13T13:04:15.447516Z,sensor.bed_1_temp_temperature,69.26,0
2026-08-13T13:04:15.448031Z,sensor.bed_1_temperature_delta,0.7,0
2026-08-13T13:09:01.716763Z,sensor.bed_2_temp_temperature,68.72,0
2026-08-13T13:09:01.717186Z,sensor.bed_2_temperature_delta,0.2,0
2026-08-13T13:09:08.766188Z,sensor.kitchen_temp_temperature,68.72,0
2026-08-13T13:09:08.766631Z,sensor.bed_1_temperature_delta,0.5,0
2026-08-13T13:09:08.766935Z,sensor.bed_2_temperature_delta,0.0,0
2026-08-13T13:09:08.767202Z,sensor.bed_3_temperature_delta,-1.8,0
2026-08-13T13:11:42.974113Z,sensor.bed_3_temp_temperature,67.28,0
2026-08-13T13:11:42.974600Z,sensor.bed_3_temperature_delta,-1.4,0
2026-08-13T13:23:58.653026Z,sensor.bed_2_temp_temperature,68.54,0
2026-08-13T13:23:58.653466Z,sensor.bed_2_temperature_delta,-0.2,0
2026-08-13T13:26:43.742809Z,sensor.bed_3_temp_temperature,67.64,0
2026-08-13T13:26:43.743204Z,sensor.bed_3_temperature_delta,-1.1,0
2026-08-13T13:26:48.632358Z,climate.kitchen,cool,0
2026-08-13T13:26:48.638591Z,sensor.kitchen_temperature,69.44,0
2026-08-13T13:34:14.234928Z,sensor.bed_1_temp_temperature,69.08,0
2026-08-13T13:34:14.235364Z,sensor.bed_1_temperature_delta,0.4,0
2026-08-13T13:38:56.062727Z,sensor.bed_2_temp_temperature,68.36,0
2026-08-13T13:38:56.063227Z,sensor.bed_2_temperature_delta,-0.4,0
2026-08-13T13:41:46.436321Z,sensor.bed_3_temp_temperature,67.82,0
2026-08-13T13:41:46.436537Z,sensor.bed_3_temperature_delta,-0.9,0
2026-08-13T13:54:02.487645Z,sensor.kitchen_temp_temperature,68.9,0
2026-08-13T13:54:02.488104Z,sensor.bed_1_temperature_delta,0.2,0
2026-08-13T13:54:02.488398Z,sensor.bed_2_temperature_delta,-0.5,0
2026-08-13T13:54:02.488668Z,sensor.bed_3_temperature_delta,-1.1,0
2026-08-13T14:04:14.063648Z,sensor.bed_1_temp_temperature,69.26,0
2026-08-13T14:04:14.064126Z,sensor.bed_1_temperature_delta,0.4,0
2026-08-13T14:11:48.769288Z,sensor.bed_3_temp_temperature,68.18,0
2026-08-13T14:11:48.769506Z,sensor.bed_3_temperature_delta,-0.7,0
2026-08-13T14:23:58.302831Z,sensor.kitchen_temp_temperature,69.08,0
2026-08-13T14:23:58.303296Z,sensor.bed_1_temperature_delta,0.2,0
2026-08-13T14:23:58.303588Z,sensor.bed_2_temperature_delta,-0.7,0
2026-08-13T14:23:58.303866Z,sensor.bed_3_temperature_delta,-0.9,0
2026-08-13T14:26:48.514552Z,sensor.bed_3_temp_temperature,68.36,0
2026-08-13T14:26:48.514963Z,sensor.bed_3_temperature_delta,-0.7,0
2026-08-13T14:38:57.200695Z,sensor.kitchen_temp_temperature,69.26,0
2026-08-13T14:38:57.200979Z,sensor.bed_1_temperature_delta,0.0,0
2026-08-13T14:38:57.201114Z,sensor.bed_2_temperature_delta,-0.9,0
2026-08-13T14:38:57.201227Z,sensor.bed_3_temperature_delta,-0.9,0
2026-08-13T14:41:48.580193Z,sensor.bed_3_temp_temperature,68.54,0
2026-08-13T14:41:48.580689Z,sensor.bed_3_temperature_delta,-0.7,0
2026-08-13T14:49:19.073308Z,sensor.bed_1_temp_temperature,69.44,0
2026-08-13T14:49:19.073810Z,sensor.bed_1_temperature_delta,0.2,0
2026-08-13T14:53:44.612792Z,sensor.bed_2_temp_temperature,68.54,0
2026-08-13T14:53:44.613321Z,sensor.bed_2_temperature_delta,-0.7,0
2026-08-13T14:53:54.925507Z,sensor.kitchen_temp_temperature,69.44,0
2026-08-13T14:53:54.925816Z,sensor.bed_1_temperature_delta,0.0,0
2026-08-13T14:53:54.926030Z,sensor.bed_2_temperature_delta,-0.9,0
2026-08-13T14:53:54.926209Z,sensor.bed_3_temperature_delta,-0.9,0
2026-08-13T14:56:48.489239Z,sensor.bed_3_temp_temperature,68.72,0
2026-08-13T14:56:48.489706Z,sensor.bed_3_temperature_delta,-0.7,0
2026-08-13T15:00:14.504344Z,climate.kitchen,cool,0
2026-08-13T15:23:50.488396Z,sensor.kitchen_temp_temperature,69.62,0
2026-08-13T15:23:50.488646Z,sensor.bed_1_temperature_delta,-0.2,0
2026-08-13T15:23:50.488772Z,sensor.bed_2_temperature_delta,-1.1,0
2026-08-13T15:23:50.488893Z,sensor.bed_3_temperature_delta,-0.9,0
2026-08-13T15:26:49.055835Z,sensor.bed_3_temp_temperature,68.9,0
2026-08-13T15:26:49.056340Z,sensor.bed_3_temperature_delta,-0.7,0
2026-08-13T15:34:43.627370Z,climate.kitchen,cool,0
2026-08-13T15:34:43.637335Z,sensor.kitchen_temperature,70.52,0
2026-08-13T15:38:35.818004Z,sensor.bed_2_temp_temperature,68.9,0
2026-08-13T15:38:35.818471Z,sensor.bed_2_temperature_delta,-0.7,0
2026-08-13T15:38:48.202237Z,sensor.kitchen_temp_temperature,69.8,0
2026-08-13T15:38:48.202730Z,sensor.bed_1_temperature_delta,-0.4,0
2026-08-13T15:38:48.203069Z,sensor.bed_2_temperature_delta,-0.9,0
2026-08-13T15:38:48.203358Z,sensor.bed_3_temperature_delta,-0.9,0
2026-08-13T15:41:49.503114Z,sensor.bed_3_temp_temperature,69.08,0
2026-08-13T15:41:49.503402Z,sensor.bed_3_temperature_delta,-0.7,0
2026-08-13T15:50:12.707735Z,climate.kitchen,cool,0
2026-08-13T15:50:12.722591Z,sensor.kitchen_temperature,71.6,0
2026-08-13T15:52:38.865868Z,sensor.bed_2_temp_temperature,69.8,0
2026-08-13T15:52:38.866241Z,sensor.bed_2_temperature_delta,0.0,0
2026-08-13T15:53:46.230779Z,sensor.kitchen_temp_temperature,69.98,0
2026-08-13T15:53:46.231159Z,sensor.bed_1_temperature_delta,-0.5,0
2026-08-13T15:53:46.231389Z,sensor.bed_2_temperature_delta,-0.2,0
2026-08-13T15:53:46.231588Z,sensor.bed_3_temperature_delta,-0.9,0
2026-08-13T15:55:11.259661Z,climate.kitchen,cool,0
2026-08-13T15:55:11.268709Z,sensor.kitchen_temperature,71.42,0
2026-08-13T15:56:49.866726Z,sensor.bed_3_temp_temperature,69.44,0
2026-08-13T15:56:49.867193Z,sensor.bed_3_temperature_delta,-0.5,0
2026-08-13T16:00:12.743029Z,climate.kitchen,cool,0
2026-08-13T16:00:12.751052Z,sensor.kitchen_temperature,71.6,0
2026-08-13T16:04:17.134540Z,sensor.bed_1_temp_temperature,69.62,0
2026-08-13T16:04:17.138562Z,sensor.bed_1_temperature_delta,-0.4,0
2026-08-13T16:05:06.787991Z,sensor.bed_2_temp_temperature,70.7,0
2026-08-13T16:05:06.788429Z,sensor.bed_2_temperature_delta,0.7,0
2026-08-13T16:05:12.325207Z,climate.kitchen,cool,0
2026-08-13T16:05:12.332936Z,sensor.kitchen_temperature,71.42,0
2026-08-13T16:08:44.311139Z,sensor.kitchen_temp_temperature,70.16,0
2026-08-13T16:08:44.311629Z,sensor.bed_1_temperature_delta,-0.5,0
2026-08-13T16:08:44.311972Z,sensor.bed_2_temperature_delta,0.5,0
2026-08-13T16:08:44.312274Z,sensor.bed_3_temperature_delta,-0.7,0
2026-08-13T16:11:50.217232Z,sensor.bed_3_temp_temperature,69.62,0
2026-08-13T16:11:50.217607Z,sensor.bed_3_temperature_delta,-0.5,0
2026-08-13T16:19:16.316868Z,sensor.bed_1_temp_temperature,69.8,0
2026-08-13T16:19:16.317310Z,sensor.bed_1_temperature_delta,-0.4,0
2026-08-13T16:20:04.422376Z,sensor.bed_2_temp_temperature,70.52,0
2026-08-13T16:20:04.422896Z,sensor.bed_2_temperature_delta,0.4,0
2026-08-13T16:23:41.912188Z,sensor.kitchen_temp_temperature,70.34,0
2026-08-13T16:23:41.912571Z,sensor.bed_1_temperature_delta,-0.5,0
2026-08-13T16:23:41.912822Z,sensor.bed_2_temperature_delta,0.2,0
2026-08-13T16:23:41.914714Z,sensor.bed_3_temperature_delta,-0.7,0
2026-08-13T16:26:50.741642Z,sensor.bed_3_temp_temperature,69.98,0
2026-08-13T16:26:50.742499Z,sensor.bed_3_temperature_delta,-0.4,0
2026-08-13T16:34:16.886400Z,sensor.bed_1_temp_temperature,69.98,0
2026-08-13T16:34:16.886858Z,sensor.bed_1_temperature_delta,-0.4,0
2026-08-13T16:35:45.670539Z,sensor.bed_3_temp_temperature,70.16,0
2026-08-13T16:35:45.670905Z,sensor.bed_3_temperature_delta,-0.2,0
2026-08-13T16:38:39.963965Z,sensor.kitchen_temp_temperature,70.52,0
2026-08-13T16:38:39.964455Z,sensor.bed_1_temperature_delta,-0.5,0
2026-08-13T16:38:39.964771Z,sensor.bed_2_temperature_delta,0.0,0
2026-08-13T16:38:39.965083Z,sensor.bed_3_temperature_delta,-0.4,0
2026-08-13T16:41:51.571227Z,sensor.bed_3_temp_temperature,70.34,0
2026-08-13T16:41:51.571711Z,sensor.bed_3_temperature_delta,-0.2,0
2026-08-13T16:49:15.976471Z,sensor.bed_1_temp_temperature,70.16,0
2026-08-13T16:49:15.976931Z,sensor.bed_1_temperature_delta,-0.4,0
2026-08-13T16:53:42.365184Z,sensor.kitchen_temp_temperature,70.7,0
2026-08-13T16:53:42.365542Z,sensor.bed_1_temperature_delta,-0.5,0
2026-08-13T16:53:42.365770Z,sensor.bed_2_temperature_delta,-0.2,0
2026-08-13T16:53:42.366942Z,sensor.bed_3_temperature_delta,-0.4,0
2026-08-13T16:56:53.984698Z,sensor.bed_3_temp_temperature,70.7,0
2026-08-13T16:56:53.985150Z,sensor.bed_3_temperature_delta,0.0,0
2026-08-13T17:04:18.031337Z,sensor.bed_1_temp_temperature,70.34,0
2026-08-13T17:04:18.031543Z,sensor.bed_1_temperature_delta,-0.4,0
2026-08-13T17:05:01.147588Z,sensor.bed_2_temp_temperature,71.06,0
2026-08-13T17:05:01.148275Z,sensor.bed_2_temperature_delta,0.4,0
2026-08-13T17:08:40.420202Z,sensor.kitchen_temp_temperature,71.06,0
2026-08-13T17:08:40.420563Z,sensor.bed_1_temperature_delta,-0.7,0
2026-08-13T17:08:40.420786Z,sensor.bed_2_temperature_delta,0.0,0
2026-08-13T17:08:40.421001Z,sensor.bed_3_temperature_delta,-0.4,0
2026-08-13T17:11:54.636788Z,sensor.bed_3_temp_temperature,71.06,0
2026-08-13T17:11:54.637348Z,sensor.bed_3_temperature_delta,0.0,0
2026-08-13T17:19:18.559436Z,sensor.bed_1_temp_temperature,70.7,0
2026-08-13T17:19:18.559904Z,sensor.bed_1_temperature_delta,-0.4,0
2026-08-13T17:19:59.146935Z,sensor.bed_2_temp_temperature,71.42,0
2026-08-13T17:19:59.147335Z,sensor.bed_2_temperature_delta,0.4,0
2026-08-13T17:20:11.812291Z,climate.kitchen,cool,0
2026-08-13T17:20:11.824026Z,sensor.kitchen_temperature,71.6,0
2026-08-13T17:23:42.906688Z,sensor.kitchen_temp_temperature,71.24,0
2026-08-13T17:23:42.907028Z,sensor.bed_1_temperature_delta,-0.5,0
2026-08-13T17:23:42.907232Z,sensor.bed_2_temperature_delta,0.2,0
2026-08-13T17:23:42.907418Z,sensor.bed_3_temperature_delta,-0.2,0
2026-08-13T17:26:55.362421Z,sensor.bed_3_temp_temperature,71.6,0
2026-08-13T17:26:55.362925Z,sensor.bed_3_temperature_delta,0.4,0
2026-08-13T17:34:20.348792Z,sensor.bed_1_temp_temperature,71.06,0
2026-08-13T17:34:20.349085Z,sensor.bed_1_temperature_delta,-0.2,0
2026-08-13T17:34:59.199564Z,sensor.bed_2_temp_temperature,71.78,0
2026-08-13T17:34:59.199783Z,sensor.bed_2_temperature_delta,0.5,0
2026-08-13T17:38:41.127508Z,sensor.kitchen_temp_temperature,71.6,0
2026-08-13T17:38:41.128052Z,sensor.bed_1_temperature_delta,-0.5,0
2026-08-13T17:38:41.128392Z,sensor.bed_2_temperature_delta,0.2,0
2026-08-13T17:38:41.128692Z,sensor.bed_3_temperature_delta,0.0,0
2026-08-13T17:41:56.305978Z,sensor.bed_3_temp_temperature,71.96,0
2026-08-13T17:41:56.306450Z,sensor.bed_3_temperature_delta,0.4,0
2026-08-13T17:46:24.274282Z,sensor.bed_2_temp_temperature,72.68,0
2026-08-13T17:46:24.274710Z,sensor.bed_2_temperature_delta,1.1,0
2026-08-13T17:49:21.040322Z,sensor.bed_1_temp_temperature,71.42,0
2026-08-13T17:49:21.040751Z,sensor.bed_1_temperature_delta,-0.2,0
2026-08-13T17:53:39.662878Z,sensor.kitchen_temp_temperature,71.78,0
2026-08-13T17:53:39.663116Z,sensor.bed_1_temperature_delta,-0.4,0
2026-08-13T17:53:39.663231Z,sensor.bed_2_temperature_delta,0.9,0
2026-08-13T17:53:39.663334Z,sensor.bed_3_temperature_delta,0.2,0
2026-08-13T17:56:57.287069Z,sensor.bed_3_temp_temperature,72.5,0
2026-08-13T17:56:57.287580Z,sensor.bed_3_temperature_delta,0.7,0
2026-08-13T18:04:20.951446Z,sensor.bed_1_temp_temperature,71.96,0
2026-08-13T18:04:20.951796Z,sensor.bed_1_temperature_delta,0.2,0
2026-08-13T18:08:38.433484Z,sensor.kitchen_temp_temperature,72.14,0
2026-08-13T18:08:38.433701Z,sensor.bed_1_temperature_delta,-0.2,0
2026-08-13T18:08:38.433814Z,sensor.bed_2_temperature_delta,0.5,0
2026-08-13T18:08:38.433968Z,sensor.bed_3_temperature_delta,0.4,0
2026-08-13T18:11:59.034988Z,sensor.bed_3_temp_temperature,72.86,0
2026-08-13T18:11:59.035274Z,sensor.bed_3_temperature_delta,0.7,0
2026-08-13T18:12:05.854242Z,climate.kitchen,cool,0
2026-08-13T18:12:05.860453Z,sensor.kitchen_temperature,72.5,0
2026-08-13T18:12:27.794477Z,sensor.bed_2_temp_temperature,73.94,0
2026-08-13T18:12:27.794740Z,sensor.bed_2_temperature_delta,1.8,0
2026-08-13T18:12:27.794945Z,sensor.bed_2_booster_target_speed,2,0
2026-08-13T18:12:27.795624Z,sensor.bed_2_booster_pi_target_speed,2,0
2026-08-13T18:12:27.795879Z,sensor.bed_2_booster_effective_percentage,20,0
2026-08-13T18:19:21.325045Z,sensor.bed_1_temp_temperature,72.32,0
2026-08-13T18:19:21.325510Z,sensor.bed_1_temperature_delta,0.2,0
2026-08-13T18:23:37.020318Z,sensor.kitchen_temp_temperature,72.5,0
2026-08-13T18:23:37.020759Z,sensor.bed_1_temperature_delta,-0.2,0
2026-08-13T18:23:37.021062Z,sensor.bed_2_temperature_delta,1.4,0
2026-08-13T18:23:37.021325Z,sensor.bed_3_temperature_delta,0.4,0
2026-08-13T18:27:00.484292Z,sensor.bed_3_temp_temperature,73.4,0
2026-08-13T18:27:00.484523Z,sensor.bed_3_temperature_delta,0.9,0
2026-08-13T18:27:26.379019Z,sensor.bed_2_temp_temperature,74.48,0
2026-08-13T18:27:26.379509Z,sensor.bed_2_temperature_delta,2.0,0
2026-08-13T18:34:21.831719Z,sensor.bed_1_temp_temperature,72.86,0
2026-08-13T18:34:21.832241Z,sensor.bed_1_temperature_delta,0.4,0
2026-08-13T18:35:00.228339Z,sensor.bed_2_booster_adaptive_boost,1,0
2026-08-13T18:35:00.228531Z,sensor.bed_2_booster_pi_target_speed,3,0
2026-08-13T18:35:00.228723Z,sensor.bed_2_booster_effective_percentage,30,0
2026-08-13T18:35:38.395393Z,climate.kitchen,cool,0
2026-08-13T18:35:38.398274Z,sensor.bed_2_booster_adaptive_boost,0,0
2026-08-13T18:35:38.404140Z,sensor.bed_2_booster_pi_target_speed,2,0
2026-08-13T18:35:38.404753Z,sensor.bed_2_booster_effective_percentage,20,0
2026-08-13T18:35:38.405587Z,sensor.kitchen_temperature,73.58,0
2026-08-13T18:38:36.572104Z,sensor.kitchen_temp_temperature,72.68,0
2026-08-13T18:38:36.572556Z,sensor.bed_1_temperature_delta,0.2,0
2026-08-13T18:38:36.572866Z,sensor.bed_2_temperature_delta,1.8,0
2026-08-13T18:38:36.573133Z,sensor.bed_3_temperature_delta,0.7,0
2026-08-13T18:42:02.054625Z,sensor.bed_3_temp_temperature,73.76,0
2026-08-13T18:42:02.055046Z,sensor.bed_3_temperature_delta,1.1,0
2026-08-13T18:42:25.423572Z,sensor.bed_2_temp_temperature,74.66,0
2026-08-13T18:42:25.424038Z,sensor.bed_2_temperature_delta,2.0,0
2026-08-13T18:49:22.411569Z,sensor.bed_1_temp_temperature,73.22,0
2026-08-13T18:49:22.412066Z,sensor.bed_1_temperature_delta,0.5,0
2026-08-13T18:53:25.169039Z,climate.kitchen,cool,0
2026-08-13T18:53:34.769174Z,sensor.kitchen_temp_temperature,72.86,0
2026-08-13T18:53:34.769675Z,sensor.bed_1_temperature_delta,0.4,0
2026-08-13T18:53:34.770019Z,sensor.bed_2_temperature_delta,1.8,0
2026-08-13T18:53:34.770310Z,sensor.bed_3_temperature_delta,0.9,0
2026-08-13T18:57:03.727911Z,sensor.bed_3_temp_temperature,74.12,0
2026-08-13T18:57:03.728319Z,sensor.bed_3_temperature_delta,1.3,0
2026-08-13T18:57:24.183433Z,sensor.bed_2_temp_temperature,74.84,0
2026-08-13T18:57:24.183892Z,sensor.bed_2_temperature_delta,2.0,0
2026-08-13T19:04:23.683800Z,sensor.bed_1_temp_temperature,73.58,0
2026-08-13T19:04:23.684066Z,sensor.bed_1_temperature_delta,0.7,0
2026-08-13T19:08:33.630201Z,sensor.kitchen_temp_temperature,73.04,0
2026-08-13T19:08:33.630654Z,sensor.bed_1_temperature_delta,0.5,0
2026-08-13T19:08:33.630964Z,sensor.bed_2_temperature_delta,1.8,0
2026-08-13T19:08:33.631233Z,sensor.bed_3_temperature_delta,1.1,0
2026-08-13T19:12:05.503590Z,sensor.bed_3_temp_temperature,74.48,0
2026-08-13T19:12:05.503786Z,sensor.bed_3_temperature_delta,1.4,0
2026-08-13T19:12:23.033124Z,sensor.bed_2_temp_temperature,75.02,0
2026-08-13T19:12:23.033602Z,sensor.bed_2_temperature_delta,2.0,0
2026-08-13T19:15:00.230301Z,sensor.bed_2_booster_adaptive_boost,1,0
2026-08-13T19:15:00.230765Z,sensor.bed_2_booster_pi_target_speed,3,0
2026-08-13T19:15:00.231261Z,sensor.bed_2_booster_effective_percentage,30,0
2026-08-13T19:19:24.582121Z,sensor.bed_1_temp_temperature,73.94,0
2026-08-13T19:19:24.582481Z,sensor.bed_1_temperature_delta,0.9,0
2026-08-13T19:23:32.526481Z,sensor.kitchen_temp_temperature,73.4,0
2026-08-13T19:23:32.527032Z,sensor.bed_1_temperature_delta,0.5,0
2026-08-13T19:23:32.527372Z,sensor.bed_2_temperature_delta,1.6,0
2026-08-13T19:23:32.527672Z,sensor.bed_3_temperature_delta,1.1,0
2026-08-13T19:27:08.332479Z,sensor.bed_3_temp_temperature,75.02,0
2026-08-13T19:27:08.332911Z,sensor.bed_3_temperature_delta,1.6,0
2026-08-13T19:27:08.333248Z,sensor.bed_3_booster_target_speed,2,0
2026-08-13T19:27:08.334387Z,sensor.bed_3_booster_pi_target_speed,2,0
2026-08-13T19:27:08.334811Z,sensor.bed_3_booster_effective_percentage,20,0
2026-08-13T19:27:21.728909Z,sensor.bed_2_temp_temperature,75.38,0
2026-08-13T19:27:21.729247Z,sensor.bed_2_temperature_delta,2.0,0
2026-08-13T19:32:17.898408Z,climate.kitchen,cool,0
2026-08-13T19:32:17.901147Z,sensor.bed_2_booster_adaptive_boost,0,0
2026-08-13T19:32:17.912982Z,sensor.bed_2_booster_pi_target_speed,2,0
2026-08-13T19:32:17.914087Z,sensor.bed_2_booster_effective_percentage,20,0
2026-08-13T19:34:25.444751Z,sensor.bed_1_temp_temperature,74.48,0
2026-08-13T19:34:25.445226Z,sensor.bed_1_temperature_delta,1.1,0
2026-08-13T19:38:32.012954Z,sensor.kitchen_temp_temperature,73.76,0
2026-08-13T19:38:32.013263Z,sensor.bed_1_temperature_delta,0.7,0
2026-08-13T19:38:32.013453Z,sensor.bed_2_temperature_delta,1.6,0
2026-08-13T19:38:32.013622Z,sensor.bed_3_temperature_delta,1.3,0
2026-08-13T19:38:32.014088Z,sensor.bed_3_booster_target_speed,0,0
2026-08-13T19:38:32.015040Z,sensor.bed_3_booster_pi_target_speed,0,0
2026-08-13T19:38:32.015354Z,sensor.bed_3_booster_effective_percentage,0,0
2026-08-13T19:42:11.056899Z,sensor.bed_3_temp_temperature,75.38,0
2026-08-13T19:42:11.057379Z,sensor.bed_3_temperature_delta,1.6,0
2026-08-13T19:42:11.057750Z,sensor.bed_3_booster_target_speed,2,0
2026-08-13T19:42:11.059357Z,sensor.bed_3_booster_pi_target_speed,2,0
2026-08-13T19:42:11.059828Z,sensor.bed_3_booster_effective_percentage,20,0
2026-08-13T19:42:20.826692Z,sensor.bed_2_temp_temperature,75.56,0
2026-08-13T19:42:20.826912Z,sensor.bed_2_temperature_delta,1.8,0
2026-08-13T19:44:14.200061Z,climate.kitchen,cool,0
2026-08-13T19:44:14.210099Z,sensor.kitchen_temperature,74.48,0
2026-08-13T19:44:14.211793Z,climate.kitchen,cool,0
2026-08-13T19:49:26.405175Z,sensor.bed_1_temp_temperature,74.84,0
2026-08-13T19:49:26.405618Z,sensor.bed_1_temperature_delta,1.1,0
2026-08-13T19:53:32.034015Z,sensor.kitchen_temp_temperature,74.12,0
2026-08-13T19:53:32.034434Z,sensor.bed_1_temperature_delta,0.7,0
2026-08-13T19:53:32.034706Z,sensor.bed_2_temperature_delta,1.4,0
2026-08-13T19:53:32.034978Z,sensor.bed_3_temperature_delta,1.3,0
2026-08-13T19:53:32.035625Z,sensor.bed_3_booster_target_speed,0,0
2026-08-13T19:53:32.036909Z,sensor.bed_3_booster_pi_target_speed,0,0
2026-08-13T19:53:32.037328Z,sensor.bed_3_booster_effective_percentage,0,0
2026-08-13T19:57:12.513222Z,sensor.bed_3_temp_temperature,75.74,0
2026-08-13T19:57:12.513707Z,sensor.bed_3_temperature_delta,1.6,0
2026-08-13T19:57:12.514116Z,sensor.bed_3_booster_target_speed,2,0
2026-08-13T19:57:12.515453Z,sensor.bed_3_booster_pi_target_speed,2,0
2026-08-13T19:57:12.515972Z,sensor.bed_3_booster_effective_percentage,20,0
2026-08-13T19:57:23.187772Z,sensor.bed_2_temp_temperature,75.92,0
2026-08-13T19:57:23.188013Z,sensor.bed_2_temperature_delta,1.8,0
2026-08-13T20:04:31.235177Z,sensor.bed_1_temp_temperature,75.2,0
2026-08-13T20:04:31.235525Z,sensor.bed_1_temperature_delta,1.1,0
2026-08-13T20:05:00.234077Z,sensor.bed_2_booster_adaptive_boost,1,0
2026-08-13T20:05:00.234570Z,sensor.bed_2_booster_pi_target_speed,3,0
2026-08-13T20:05:00.235090Z,sensor.bed_2_booster_effective_percentage,30,0
2026-08-13T20:08:34.847170Z,sensor.kitchen_temp_temperature,74.3,0
2026-08-13T20:08:34.847435Z,sensor.bed_1_temperature_delta,0.9,0
2026-08-13T20:08:34.847573Z,sensor.bed_2_temperature_delta,1.6,0
2026-08-13T20:08:34.847690Z,sensor.bed_3_temperature_delta,1.4,0
2026-08-13T20:12:16.049516Z,sensor.bed_3_temp_temperature,76.1,0
2026-08-13T20:12:16.050153Z,sensor.bed_3_temperature_delta,1.8,0
2026-08-13T20:12:24.908776Z,sensor.bed_2_temp_temperature,76.28,0
2026-08-13T20:12:24.909009Z,sensor.bed_2_temperature_delta,2.0,0
2026-08-13T20:19:33.328204Z,sensor.bed_1_temp_temperature,75.56,0
2026-08-13T20:19:33.328598Z,sensor.bed_1_temperature_delta,1.3,0
2026-08-13T20:20:00.237328Z,sensor.bed_3_booster_adaptive_boost,1,0
2026-08-13T20:20:00.237751Z,sensor.bed_3_booster_pi_target_speed,3,0
2026-08-13T20:20:00.238216Z,sensor.bed_3_booster_effective_percentage,30,0
2026-08-13T20:23:33.652901Z,sensor.kitchen_temp_temperature,74.48,0
2026-08-13T20:23:33.653349Z,sensor.bed_1_temperature_delta,1.1,0
2026-08-13T20:23:33.653643Z,sensor.bed_2_temperature_delta,1.8,0
2026-08-13T20:23:33.653923Z,sensor.bed_3_temperature_delta,1.6,0
2026-08-13T20:24:35.317753Z,climate.kitchen,cool,0
2026-08-13T20:24:35.322424Z,sensor.bed_2_booster_adaptive_boost,0,0
2026-08-13T20:24:35.325239Z,sensor.bed_3_booster_adaptive_boost,0,0
2026-08-13T20:24:35.329484Z,sensor.bed_2_booster_pi_target_speed,2,0
2026-08-13T20:24:35.330108Z,sensor.bed_3_booster_pi_target_speed,2,0
2026-08-13T20:24:35.330588Z,sensor.bed_2_booster_effective_percentage,20,0
2026-08-13T20:24:35.331507Z,sensor.bed_3_booster_effective_percentage,20,0
2026-08-13T20:27:18.734030Z,sensor.bed_3_temp_temperature,76.46,0
2026-08-13T20:27:18.734381Z,sensor.bed_3_temperature_delta,2.0,0
2026-08-13T20:27:24.882999Z,sensor.bed_2_temp_temperature,76.64,0
2026-08-13T20:27:24.883498Z,sensor.bed_2_temperature_delta,2.2,0
2026-08-13T20:27:24.883899Z,sensor.bed_2_booster_target_speed,4,0
2026-08-13T20:27:24.885270Z,sensor.bed_2_booster_pi_target_speed,4,0
2026-08-13T20:27:24.885778Z,sensor.bed_2_booster_effective_percentage,40,0
2026-08-13T20:34:35.303550Z,sensor.bed_1_temp_temperature,75.92,0
2026-08-13T20:34:35.303910Z,sensor.bed_1_temperature_delta,1.4,0
2026-08-13T20:38:36.552618Z,sensor.kitchen_temp_temperature,74.84,0
2026-08-13T20:38:36.552930Z,sensor.bed_1_temperature_delta,1.1,0
2026-08-13T20:38:36.553113Z,sensor.bed_2_temperature_delta,1.8,0
2026-08-13T20:38:36.553274Z,sensor.bed_3_temperature_delta,1.6,0
2026-08-13T20:38:36.554346Z,sensor.bed_2_booster_target_speed,2,0
2026-08-13T20:38:36.558550Z,sensor.bed_2_booster_pi_target_speed,2,0
2026-08-13T20:38:36.558816Z,sensor.bed_2_booster_effective_percentage,20,0
2026-08-13T20:42:20.831274Z,sensor.bed_3_temp_temperature,76.82,0
2026-08-13T20:42:20.831505Z,sensor.bed_3_temperature_delta,2.0,0
2026-08-13T20:42:26.661809Z,sensor.bed_2_temp_temperature,76.82,0
2026-08-13T20:42:26.662127Z,sensor.bed_2_temperature_delta,2.0,0
2026-08-13T20:45:00.229732Z,sensor.bed_2_booster_adaptive_boost,1,0
2026-08-13T20:45:00.230284Z,sensor.bed_2_booster_pi_target_speed,3,0
2026-08-13T20:45:00.230827Z,sensor.bed_2_booster_effective_percentage,30,0
2026-08-13T20:45:00.234623Z,sensor.bed_3_booster_adaptive_boost,1,0
2026-08-13T20:45:00.235039Z,sensor.bed_3_booster_pi_target_speed,3,0
2026-08-13T20:45:00.235456Z,sensor.bed_3_booster_effective_percentage,30,0
2026-08-13T20:49:37.364124Z,sensor.bed_1_temp_temperature,76.28,0
2026-08-13T20:49:37.364481Z,sensor.bed_1_temperature_delta,1.4,0
2026-08-13T20:57:23.622574Z,sensor.bed_3_temp_temperature,77.0,0
2026-08-13T20:57:23.622960Z,sensor.bed_3_temperature_delta,2.2,0
2026-08-13T20:57:23.623260Z,sensor.bed_3_booster_target_speed,4,0
2026-08-13T20:57:23.624297Z,sensor.bed_3_booster_pi_target_speed,5,0
2026-08-13T20:57:23.624686Z,sensor.bed_3_booster_effective_percentage,50,0
2026-08-13T20:57:25.578196Z,sensor.bed_2_temp_temperature,77.18,0
2026-08-13T20:57:25.578421Z,sensor.bed_2_temperature_delta,2.3,0
2026-08-13T20:57:25.578575Z,sensor.bed_2_booster_target_speed,4,0
2026-08-13T20:57:25.579118Z,sensor.bed_2_booster_pi_target_speed,5,0
2026-08-13T20:57:25.579305Z,sensor.bed_2_booster_effective_percentage,50,0
2026-08-13T21:04:38.961213Z,sensor.bed_1_temp_temperature,76.64,0
2026-08-13T21:04:38.961682Z,sensor.bed_1_temperature_delta,1.8,0
2026-08-13T21:04:38.962044Z,sensor.bed_1_booster_target_speed,2,0
2026-08-13T21:04:38.963348Z,sensor.bed_1_booster_pi_target_speed,2,0
2026-08-13T21:04:38.963816Z,sensor.bed_1_booster_effective_percentage,20,0
2026-08-13T21:08:35.018511Z,sensor.kitchen_temp_temperature,75.02,0
2026-08-13T21:08:35.018986Z,sensor.bed_1_temperature_delta,1.6,0
2026-08-13T21:08:35.019282Z,sensor.bed_2_temperature_delta,2.2,0
2026-08-13T21:08:35.019548Z,sensor.bed_3_temperature_delta,2.0,0
2026-08-13T21:10:00.236288Z,sensor.bed_2_booster_adaptive_boost,2,0
2026-08-13T21:10:00.236786Z,sensor.bed_2_booster_pi_target_speed,6,0
2026-08-13T21:10:00.237307Z,sensor.bed_2_booster_effective_percentage,60,0
2026-08-13T21:10:00.243146Z,sensor.bed_3_booster_adaptive_boost,2,0
2026-08-13T21:10:00.243621Z,sensor.bed_3_booster_pi_target_speed,6,0
2026-08-13T21:10:00.244133Z,sensor.bed_3_booster_effective_percentage,60,0
2026-08-13T21:12:26.384164Z,sensor.bed_3_temp_temperature,77.18,0
2026-08-13T21:12:26.384367Z,sensor.bed_3_temperature_delta,2.2,0
2026-08-13T21:15:10.568202Z,climate.kitchen,cool,0
2026-08-13T21:15:10.571279Z,sensor.bed_2_booster_adaptive_boost,0,0
2026-08-13T21:15:10.572590Z,sensor.bed_3_booster_adaptive_boost,0,0
2026-08-13T21:15:10.578349Z,sensor.bed_2_booster_pi_target_speed,4,0
2026-08-13T21:15:10.578952Z,sensor.bed_3_booster_pi_target_speed,4,0
2026-08-13T21:15:10.579576Z,sensor.bed_2_booster_effective_percentage,40,0
2026-08-13T21:15:10.580412Z,sensor.bed_3_booster_effective_percentage,40,0
2026-08-13T21:19:40.716058Z,sensor.bed_1_temp_temperature,76.82,0
2026-08-13T21:19:40.716529Z,sensor.bed_1_temperature_delta,1.8,0
2026-08-13T21:23:35.490745Z,sensor.kitchen_temp_temperature,75.2,0
2026-08-13T21:23:35.491131Z,sensor.bed_1_temperature_delta,1.6,0
2026-08-13T21:23:35.491370Z,sensor.bed_2_temperature_delta,2.0,0
2026-08-13T21:23:35.491578Z,sensor.bed_3_temperature_delta,2.0,0
2026-08-13T21:27:25.652342Z,sensor.bed_2_temp_temperature,77.36,0
2026-08-13T21:27:25.652726Z,sensor.bed_2_temperature_delta,2.2,0
2026-08-13T21:27:28.815981Z,sensor.bed_3_temp_temperature,77.36,0
2026-08-13T21:27:28.816284Z,sensor.bed_3_temperature_delta,2.2,0
2026-08-13T21:34:42.413138Z,sensor.bed_1_temp_temperature,77.0,0
2026-08-13T21:34:42.413625Z,sensor.bed_1_temperature_delta,1.8,0
2026-08-13T21:38:34.422660Z,sensor.kitchen_temp_temperature,75.38,0
2026-08-13T21:38:34.423039Z,sensor.bed_1_temperature_delta,1.6,0
2026-08-13T21:38:34.423266Z,sensor.bed_2_temperature_delta,2.0,0
2026-08-13T21:38:34.423464Z,sensor.bed_3_temperature_delta,2.0,0
2026-08-13T21:40:00.229364Z,sensor.bed_1_booster_adaptive_boost,1,0
2026-08-13T21:40:00.229867Z,sensor.bed_1_booster_pi_target_speed,3,0
2026-08-13T21:40:00.230453Z,sensor.bed_1_booster_effective_percentage,30,0
2026-08-13T21:40:00.234507Z,sensor.bed_2_booster_adaptive_boost,1,0
2026-08-13T21:40:00.234971Z,sensor.bed_2_booster_pi_target_speed,5,0
2026-08-13T21:40:00.235422Z,sensor.bed_2_booster_effective_percentage,50,0
2026-08-13T21:40:00.243653Z,sensor.bed_3_booster_adaptive_boost,1,0
2026-08-13T21:40:00.244136Z,sensor.bed_3_booster_pi_target_speed,5,0
2026-08-13T21:40:00.244591Z,sensor.bed_3_booster_effective_percentage,50,0
2026-08-13T21:40:11.959022Z,climate.kitchen,cool,0
2026-08-13T21:40:11.959897Z,sensor.bed_1_booster_adaptive_boost,0,0
2026-08-13T21:40:11.960542Z,sensor.bed_2_booster_adaptive_boost,0,0
2026-08-13T21:40:11.961171Z,sensor.bed_3_booster_adaptive_boost,0,0
2026-08-13T21:40:11.963494Z,sensor.bed_1_booster_pi_target_speed,2,0
2026-08-13T21:40:11.963794Z,sensor.bed_2_booster_pi_target_speed,4,0
2026-08-13T21:40:11.964078Z,sensor.bed_3_booster_pi_target_speed,4,0
2026-08-13T21:40:11.964353Z,sensor.bed_1_booster_effective_percentage,20,0
2026-08-13T21:40:11.964787Z,sensor.bed_2_booster_effective_percentage,40,0
2026-08-13T21:40:11.965171Z,sensor.bed_3_booster_effective_percentage,40,0
2026-08-13T21:40:11.965625Z,sensor.kitchen_temperature,75.56,0
2026-08-13T21:42:24.704880Z,sensor.bed_2_temp_temperature,77.54,0
2026-08-13T21:42:24.705247Z,sensor.bed_2_temperature_delta,2.2,0
2026-08-13T21:42:31.594626Z,sensor.bed_3_temp_temperature,77.54,0
2026-08-13T21:42:31.595147Z,sensor.bed_3_temperature_delta,2.2,0
2026-08-13T21:49:44.169928Z,sensor.bed_1_temp_temperature,77.18,0
2026-08-13T21:49:44.170376Z,sensor.bed_1_temperature_delta,1.8,0
2026-08-13T21:53:34.146208Z,sensor.kitchen_temp_temperature,75.56,0
2026-08-13T21:53:34.146653Z,sensor.bed_1_temperature_delta,1.6,0
2026-08-13T21:53:34.146959Z,sensor.bed_2_temperature_delta,2.0,0
2026-08-13T21:53:34.147221Z,sensor.bed_3_temperature_delta,2.0,0
2026-08-13T21:57:24.691215Z,sensor.bed_2_temp_temperature,77.72,0
2026-08-13T21:57:24.691689Z,sensor.bed_2_temperature_delta,2.2,0
2026-08-13T22:05:00.229707Z,sensor.bed_1_booster_adaptive_boost,1,0
2026-08-13T22:05:00.231273Z,sensor.bed_1_booster_pi_target_speed,3,0
2026-08-13T22:05:00.231874Z,sensor.bed_1_booster_effective_percentage,30,0
2026-08-13T22:05:00.236127Z,sensor.bed_2_booster_adaptive_boost,1,0
2026-08-13T22:05:00.236579Z,sensor.bed_2_booster_pi_target_speed,5,0
2026-08-13T22:05:00.238356Z,sensor.bed_2_booster_effective_percentage,50,0
2026-08-13T22:05:00.240461Z,sensor.bed_3_booster_adaptive_boost,1,0
2026-08-13T22:05:00.240914Z,sensor.bed_3_booster_pi_target_speed,5,0
2026-08-13T22:05:00.241364Z,sensor.bed_3_booster_effective_percentage,50,0
2026-08-13T22:12:37.971449Z,sensor.bed_3_temp_temperature,77.72,0
2026-08-13T22:12:37.971778Z,sensor.bed_3_temperature_delta,2.2,0
2026-08-13T22:19:48.444979Z,sensor.bed_1_temp_temperature,77.36,0
2026-08-13T22:19:48.445332Z,sensor.bed_1_temperature_delta,1.8,0
2026-08-13T22:23:33.822773Z,sensor.kitchen_temp_temperature,75.92,0
2026-08-13T22:23:33.823050Z,sensor.bed_1_temperature_delta,1.4,0
2026-08-13T22:23:33.823205Z,sensor.bed_2_temperature_delta,1.8,0
2026-08-13T22:23:33.823339Z,sensor.bed_3_temperature_delta,1.8,0
2026-08-13T22:23:33.823617Z,sensor.bed_2_booster_target_speed,2,0
2026-08-13T22:23:33.823767Z,sensor.bed_3_booster_target_speed,2,0
2026-08-13T22:23:33.825196Z,sensor.bed_2_booster_pi_target_speed,3,0
2026-08-13T22:23:33.825571Z,sensor.bed_3_booster_pi_target_speed,3,0
2026-08-13T22:23:33.825783Z,sensor.bed_2_booster_effective_percentage,30,0
2026-08-13T22:23:33.830923Z,sensor.bed_3_booster_effective_percentage,30,0
2026-08-13T22:27:23.874725Z,sensor.bed_2_temp_temperature,77.9,0
2026-08-13T22:27:23.875151Z,sensor.bed_2_temperature_delta,2.0,0
2026-08-13T22:28:44.879647Z,climate.kitchen,cool,0
2026-08-13T22:28:44.881063Z,sensor.bed_1_booster_adaptive_boost,0,0
2026-08-13T22:28:44.882161Z,sensor.bed_2_booster_adaptive_boost,0,0
2026-08-13T22:28:44.883474Z,sensor.bed_3_booster_adaptive_boost,0,0
2026-08-13T22:28:44.897388Z,sensor.bed_1_booster_pi_target_speed,2,0
2026-08-13T22:28:44.898770Z,sensor.bed_2_booster_pi_target_speed,2,0
2026-08-13T22:28:44.899327Z,sensor.bed_3_booster_pi_target_speed,2,0
2026-08-13T22:28:44.899972Z,sensor.bed_1_booster_effective_percentage,20,0
2026-08-13T22:28:44.900696Z,sensor.bed_2_booster_effective_percentage,20,0
2026-08-13T22:28:44.903739Z,sensor.bed_3_booster_effective_percentage,20,0
2026-08-13T22:28:44.904566Z,sensor.kitchen_temperature,76.64,0
2026-08-13T22:34:50.913529Z,sensor.bed_1_temp_temperature,77.54,0
2026-08-13T22:34:50.913743Z,sensor.bed_1_temperature_delta,1.6,0
2026-08-13T22:42:23.918474Z,sensor.bed_2_temp_temperature,78.08,0
2026-08-13T22:42:23.918937Z,sensor.bed_2_temperature_delta,2.2,0
2026-08-13T22:42:23.919293Z,sensor.bed_2_booster_target_speed,4,0
2026-08-13T22:42:23.920507Z,sensor.bed_2_booster_pi_target_speed,4,0
2026-08-13T22:42:23.920979Z,sensor.bed_2_booster_effective_percentage,40,0
2026-08-13T22:42:43.987285Z,sensor.bed_3_temp_temperature,77.9,0
2026-08-13T22:42:43.987508Z,sensor.bed_3_temperature_delta,2.0,0
2026-08-13T22:43:28.517068Z,climate.kitchen,cool,0
2026-08-13T22:44:41.476219Z,climate.kitchen,cool,0
2026-08-13T22:44:41.486324Z,sensor.kitchen_temperature,77.54,0
2026-08-13T22:47:44.267920Z,climate.kitchen,cool,0
2026-08-13T22:47:44.331789Z,climate.kitchen,cool,0
2026-08-13T22:47:44.342798Z,sensor.kitchen_temperature,77.36,0
2026-08-13T22:49:52.574822Z,sensor.bed_1_temp_temperature,77.36,0
2026-08-13T22:49:52.575108Z,sensor.bed_1_temperature_delta,1.4,0
2026-08-13T22:51:29.842927Z,climate.kitchen,cool,0
2026-08-13T22:52:40.695418Z,climate.kitchen,cool,0
2026-08-13T22:53:35.331257Z,sensor.kitchen_temp_temperature,75.38,0
2026-08-13T22:53:35.331753Z,sensor.bed_1_temperature_delta,2.0,0
2026-08-13T22:53:35.332104Z,sensor.bed_2_temperature_delta,2.7,0
2026-08-13T22:53:35.332402Z,sensor.bed_3_temperature_delta,2.5,0
2026-08-13T22:53:35.332998Z,sensor.bed_2_booster_target_speed,6,0
2026-08-13T22:53:35.333326Z,sensor.bed_3_booster_target_speed,6,0
2026-08-13T22:53:35.334907Z,sensor.bed_2_booster_pi_target_speed,6,0
2026-08-13T22:53:35.335738Z,sensor.bed_3_booster_pi_target_speed,6,0
2026-08-13T22:53:35.336247Z,sensor.bed_2_booster_effective_percentage,60,0
2026-08-13T22:53:35.337197Z,sensor.bed_3_booster_effective_percentage,60,0
2026-08-13T22:53:59.822200Z,climate.kitchen,cool,0
2026-08-13T22:53:59.828254Z,sensor.kitchen_temperature,76.46,0
2026-08-13T22:57:23.648586Z,sensor.bed_2_temp_temperature,77.54,0
2026-08-13T22:57:23.648962Z,sensor.bed_2_temperature_delta,2.2,0
2026-08-13T22:57:23.649292Z,sensor.bed_2_booster_target_speed,4,0
2026-08-13T22:57:23.650325Z,sensor.bed_2_booster_pi_target_speed,4,0
2026-08-13T22:57:23.650690Z,sensor.bed_2_booster_effective_percentage,40,0
2026-08-13T23:00:10.903717Z,climate.kitchen,cool,0
2026-08-13T23:00:10.908407Z,sensor.kitchen_temperature,76.82,0
2026-08-13T23:00:11.346217Z,climate.kitchen,cool,0
2026-08-13T23:08:36.084448Z,sensor.kitchen_temp_temperature,75.92,0
2026-08-13T23:08:36.084697Z,sensor.bed_1_temperature_delta,1.4,0
2026-08-13T23:08:36.084870Z,sensor.bed_2_temperature_delta,1.6,0
2026-08-13T23:08:36.084983Z,sensor.bed_3_temperature_delta,2.0,0
2026-08-13T23:08:36.085210Z,sensor.bed_2_booster_target_speed,2,0
2026-08-13T23:08:36.085341Z,sensor.bed_3_booster_target_speed,4,0
2026-08-13T23:08:36.086256Z,sensor.bed_2_booster_pi_target_speed,2,0
2026-08-13T23:08:36.086649Z,sensor.bed_3_booster_pi_target_speed,4,0
2026-08-13T23:08:36.086899Z,sensor.bed_2_booster_effective_percentage,20,0
2026-08-13T23:08:36.088435Z,sensor.bed_3_booster_effective_percentage,40,0
2026-08-13T23:09:12.774012Z,climate.kitchen,cool,0
2026-08-13T23:09:47.348559Z,climate.kitchen,cool,0
2026-08-13T23:09:47.357562Z,sensor.kitchen_temperature,77.54,0
2026-08-13T23:12:05.456943Z,climate.kitchen,cool,0
2026-08-13T23:12:05.469105Z,sensor.kitchen_temperature,77.36,0
2026-08-13T23:12:27.064405Z,sensor.bed_2_temp_temperature,77.72,0
2026-08-13T23:12:27.064911Z,sensor.bed_2_temperature_delta,1.8,0
2026-08-13T23:12:51.235514Z,sensor.bed_3_temp_temperature,77.54,0
2026-08-13T23:12:51.235985Z,sensor.bed_3_temperature_delta,1.6,0
2026-08-13T23:12:51.236338Z,sensor.bed_3_booster_target_speed,2,0
2026-08-13T23:12:51.237741Z,sensor.bed_3_booster_pi_target_speed,2,0
2026-08-13T23:12:51.238321Z,sensor.bed_3_booster_effective_percentage,20,0
2026-08-13T23:14:04.775757Z,climate.kitchen,cool,0
2026-08-13T23:16:39.092650Z,climate.kitchen,cool,0
2026-08-13T23:17:41.757565Z,climate.kitchen,cool,0
2026-08-13T23:17:41.768025Z,sensor.kitchen_temperature,76.46,0
2026-08-13T23:19:59.974400Z,sensor.bed_1_temp_temperature,77.18,0
2026-08-13T23:19:59.974813Z,sensor.bed_1_temperature_delta,1.3,0
2026-08-13T23:19:59.975158Z,sensor.bed_1_booster_target_speed,0,0
2026-08-13T23:19:59.976469Z,sensor.bed_1_booster_pi_target_speed,0,0
2026-08-13T23:19:59.976991Z,sensor.bed_1_booster_effective_percentage,0,0
2026-08-13T23:23:38.055367Z,sensor.kitchen_temp_temperature,75.38,0
2026-08-13T23:23:38.055816Z,sensor.bed_1_temperature_delta,1.8,0
2026-08-13T23:23:38.056126Z,sensor.bed_2_temperature_delta,2.3,0
2026-08-13T23:23:38.056392Z,sensor.bed_3_temperature_delta,2.2,0
2026-08-13T23:23:38.056714Z,sensor.bed_1_booster_target_speed,2,0
2026-08-13T23:23:38.057039Z,sensor.bed_2_booster_target_speed,4,0
2026-08-13T23:23:38.057329Z,sensor.bed_3_booster_target_speed,4,0
2026-08-13T23:23:38.059020Z,sensor.bed_1_booster_pi_target_speed,2,0
2026-08-13T23:23:38.059867Z,sensor.bed_2_booster_pi_target_speed,4,0
2026-08-13T23:23:38.060688Z,sensor.bed_3_booster_pi_target_speed,4,0
2026-08-13T23:23:38.061227Z,sensor.bed_1_booster_effective_percentage,20,0
2026-08-13T23:23:38.062150Z,sensor.bed_2_booster_effective_percentage,40,0
2026-08-13T23:23:38.063023Z,sensor.bed_3_booster_effective_percentage,40,0
2026-08-13T23:27:54.013864Z,sensor.bed_3_temp_temperature,77.72,0
2026-08-13T23:27:54.014286Z,sensor.bed_3_temperature_delta,2.3,0
2026-08-13T23:35:02.306439Z,sensor.bed_1_temp_temperature,77.72,0
2026-08-13T23:35:02.306906Z,sensor.bed_1_temperature_delta,2.3,0
2026-08-13T23:35:02.307266Z,sensor.bed_1_booster_target_speed,4,0
2026-08-13T23:35:02.308695Z,sensor.bed_1_booster_pi_target_speed,4,0
2026-08-13T23:35:02.309267Z,sensor.bed_1_booster_effective_percentage,40,0
2026-08-13T23:38:38.125193Z,sensor.kitchen_temp_temperature,75.74,0
2026-08-13T23:38:38.125555Z,sensor.bed_1_temperature_delta,2.0,0
2026-08-13T23:38:38.125779Z,sensor.bed_2_temperature_delta,2.0,0
2026-08-13T23:38:38.125996Z,sensor.bed_3_temperature_delta,2.0,0
2026-08-13T23:40:00.233211Z,sensor.bed_2_booster_adaptive_boost,1,0
2026-08-13T23:40:00.233733Z,sensor.bed_2_booster_pi_target_speed,5,0
2026-08-13T23:40:00.234413Z,sensor.bed_2_booster_effective_percentage,50,0
2026-08-13T23:40:00.236907Z,sensor.bed_3_booster_adaptive_boost,1,0
2026-08-13T23:40:00.237398Z,sensor.bed_3_booster_pi_target_speed,5,0
2026-08-13T23:40:00.238010Z,sensor.bed_3_booster_effective_percentage,50,0
2026-08-13T23:41:17.334124Z,climate.kitchen,cool,0
2026-08-13T23:41:17.335760Z,sensor.bed_2_booster_adaptive_boost,0,0
2026-08-13T23:41:17.342512Z,sensor.bed_3_booster_adaptive_boost,0,0
2026-08-13T23:41:17.345997Z,sensor.bed_2_booster_pi_target_speed,4,0
2026-08-13T23:41:17.346313Z,sensor.bed_3_booster_pi_target_speed,4,0
2026-08-13T23:41:17.346657Z,sensor.bed_2_booster_effective_percentage,40,0
2026-08-13T23:41:17.347224Z,sensor.bed_3_booster_effective_percentage,40,0
2026-08-13T23:47:44.744250Z,climate.kitchen,cool,0
2026-08-13T23:50:04.675159Z,sensor.bed_1_temp_temperature,77.9,0
2026-08-13T23:50:04.675615Z,sensor.bed_1_temperature_delta,2.2,0
2026-08-13T23:53:37.352611Z,sensor.kitchen_temp_temperature,75.92,0
2026-08-13T23:53:37.353100Z,sensor.bed_1_temperature_delta,2.0,0
2026-08-13T23:53:37.353389Z,sensor.bed_2_temperature_delta,1.8,0
2026-08-13T23:53:37.353654Z,sensor.bed_3_temperature_delta,1.8,0
2026-08-13T23:53:37.354201Z,sensor.bed_2_booster_target_speed,2,0
2026-08-13T23:53:37.354493Z,sensor.bed_3_booster_target_speed,2,0
2026-08-13T23:53:37.356233Z,sensor.bed_2_booster_pi_target_speed,2,0
2026-08-13T23:53:37.357096Z,sensor.bed_3_booster_pi_target_speed,2,0
2026-08-13T23:53:37.357636Z,sensor.bed_2_booster_effective_percentage,20,0
2026-08-13T23:53:37.362934Z,sensor.bed_3_booster_effective_percentage,20,0
2026-08-14T00:05:06.372317Z,sensor.bed_1_temp_temperature,78.08,0
2026-08-14T00:05:06.372820Z,sensor.bed_1_temperature_delta,2.2,0
2026-08-14T00:10:00.227601Z,sensor.bed_1_booster_adaptive_boost,1,0
2026-08-14T00:10:00.227986Z,sensor.bed_1_booster_pi_target_speed,5,0
2026-08-14T00:10:00.228472Z,sensor.bed_1_booster_effective_percentage,50,0
2026-08-14T00:10:00.231825Z,sensor.bed_2_booster_adaptive_boost,1,0
2026-08-14T00:10:00.232233Z,sensor.bed_2_booster_pi_target_speed,3,0
2026-08-14T00:10:00.232696Z,sensor.bed_2_booster_effective_percentage,30,0
2026-08-14T00:10:00.240252Z,sensor.bed_3_booster_adaptive_boost,1,0
2026-08-14T00:10:00.240773Z,sensor.bed_3_booster_pi_target_speed,3,0
2026-08-14T00:10:00.241419Z,sensor.bed_3_booster_effective_percentage,30,0
2026-08-14T00:12:04.120847Z,climate.kitchen,cool,0
2026-08-14T00:12:04.122674Z,sensor.bed_1_booster_adaptive_boost,0,0
2026-08-14T00:12:04.123761Z,sensor.bed_2_booster_adaptive_boost,0,0
2026-08-14T00:12:04.129660Z,sensor.bed_3_booster_adaptive_boost,0,0
2026-08-14T00:12:04.136201Z,sensor.bed_1_booster_pi_target_speed,4,0
2026-08-14T00:12:04.136795Z,sensor.bed_2_booster_pi_target_speed,2,0
2026-08-14T00:12:04.137338Z,sensor.bed_3_booster_pi_target_speed,2,0
2026-08-14T00:12:04.137769Z,sensor.bed_1_booster_effective_percentage,40,0
2026-08-14T00:12:04.138579Z,sensor.bed_2_booster_effective_percentage,20,0
2026-08-14T00:12:04.139290Z,sensor.bed_3_booster_effective_percentage,20,0
2026-08-14T00:12:28.306763Z,sensor.bed_2_temp_temperature,77.9,0
2026-08-14T00:12:28.307263Z,sensor.bed_2_temperature_delta,2.0,0
2026-08-14T00:20:08.604091Z,sensor.bed_1_temp_temperature,78.26,0
2026-08-14T00:20:08.604545Z,sensor.bed_1_temperature_delta,2.3,0
2026-08-14T00:23:37.002222Z,sensor.kitchen_temp_temperature,76.1,0
2026-08-14T00:23:37.002728Z,sensor.bed_1_temperature_delta,2.2,0
2026-08-14T00:23:37.003078Z,sensor.bed_2_temperature_delta,1.8,0
2026-08-14T00:23:37.003374Z,sensor.bed_3_temperature_delta,1.6,0
2026-08-14T00:35:00.228228Z,sensor.bed_1_booster_adaptive_boost,1,0
2026-08-14T00:35:00.228689Z,sensor.bed_1_booster_pi_target_speed,5,0
2026-08-14T00:35:00.229343Z,sensor.bed_1_booster_effective_percentage,50,0
2026-08-14T00:35:00.242661Z,sensor.bed_2_booster_adaptive_boost,1,0
2026-08-14T00:35:00.243172Z,sensor.bed_2_booster_pi_target_speed,3,0
2026-08-14T00:35:00.243777Z,sensor.bed_2_booster_effective_percentage,30,0
2026-08-14T00:35:00.247379Z,sensor.bed_3_booster_adaptive_boost,1,0
2026-08-14T00:35:00.247890Z,sensor.bed_3_booster_pi_target_speed,3,0
2026-08-14T00:35:00.248477Z,sensor.bed_3_booster_effective_percentage,30,0
2026-08-14T00:35:10.776940Z,sensor.bed_1_temp_temperature,78.44,0
2026-08-14T00:35:10.777443Z,sensor.bed_1_temperature_delta,2.3,0
2026-08-14T00:38:36.674481Z,sensor.kitchen_temp_temperature,76.28,0
2026-08-14T00:38:36.675007Z,sensor.bed_1_temperature_delta,2.2,0
2026-08-14T00:38:36.675333Z,sensor.bed_2_temperature_delta,1.6,0
2026-08-14T00:38:36.675623Z,sensor.bed_3_temperature_delta,1.4,0
2026-08-14T00:40:10.643347Z,climate.kitchen,cool,0
2026-08-14T00:40:10.645297Z,sensor.bed_1_booster_adaptive_boost,0,0
2026-08-14T00:40:10.646706Z,sensor.bed_2_booster_adaptive_boost,0,0
2026-08-14T00:40:10.648058Z,sensor.bed_3_booster_adaptive_boost,0,0
2026-08-14T00:40:10.657637Z,sensor.bed_1_booster_pi_target_speed,4,0
2026-08-14T00:40:10.669191Z,sensor.bed_2_booster_pi_target_speed,2,0
2026-08-14T00:40:10.669928Z,sensor.bed_3_booster_pi_target_speed,2,0
2026-08-14T00:40:10.671010Z,sensor.bed_1_booster_effective_percentage,40,0
2026-08-14T00:40:10.672058Z,sensor.bed_2_booster_effective_percentage,20,0
2026-08-14T00:40:10.672950Z,sensor.bed_3_booster_effective_percentage,20,0
2026-08-14T00:45:11.838964Z,climate.kitchen,cool,0
2026-08-14T00:50:11.564748Z,climate.kitchen,cool,0
2026-08-14T00:57:27.671684Z,sensor.bed_2_temp_temperature,77.72,0
2026-08-14T00:57:27.672121Z,sensor.bed_2_temperature_delta,1.4,0
2026-08-14T01:05:15.262895Z,sensor.bed_1_temp_temperature,78.62,0
2026-08-14T01:05:15.263347Z,sensor.bed_1_temperature_delta,2.3,0
2026-08-14T01:15:00.227569Z,sensor.bed_1_booster_adaptive_boost,1,0
2026-08-14T01:15:00.227870Z,sensor.bed_1_booster_pi_target_speed,5,0
2026-08-14T01:15:00.228272Z,sensor.bed_1_booster_effective_percentage,50,0
2026-08-14T01:22:29.383631Z,sensor.bed_1_booster_pi_target_speed,5,0
2026-08-14T01:22:29.383872Z,sensor.bed_2_booster_pi_target_speed,2,0
2026-08-14T01:22:29.384094Z,sensor.bed_3_booster_pi_target_speed,2,0
2026-08-14T01:22:29.386781Z,sensor.bed_1_booster_adaptive_boost,1,0
2026-08-14T01:22:29.387012Z,sensor.bed_2_booster_adaptive_boost,0,0
2026-08-14T01:22:29.387194Z,sensor.bed_3_booster_adaptive_boost,0,0
2026-08-14T01:22:32.642359Z,climate.kitchen,cool,0
2026-08-14T01:23:36.785173Z,sensor.kitchen_temp_temperature,76.46,0
2026-08-14T01:23:36.785522Z,sensor.bed_1_temperature_delta,2.2,0
2026-08-14T01:23:36.785743Z,sensor.bed_2_temperature_delta,1.3,0
2026-08-14T01:23:36.785961Z,sensor.bed_3_temperature_delta,1.3,0
2026-08-14T01:23:36.786357Z,sensor.bed_2_booster_target_speed,0,0
2026-08-14T01:23:36.786574Z,sensor.bed_3_booster_target_speed,0,0
2026-08-14T01:23:36.787859Z,sensor.bed_2_booster_pi_target_speed,0,0
2026-08-14T01:23:36.788505Z,sensor.bed_3_booster_pi_target_speed,0,0
2026-08-14T01:23:36.788926Z,sensor.bed_2_booster_effective_percentage,0,0
2026-08-14T01:23:36.789829Z,sensor.bed_3_booster_effective_percentage,0,0
2026-08-14T01:35:00.432726Z,sensor.bed_1_booster_adaptive_boost,2,0
2026-08-14T01:35:00.433268Z,sensor.bed_1_booster_pi_target_speed,6,0
2026-08-14T01:35:00.433890Z,sensor.bed_1_booster_effective_percentage,60,0
2026-08-14T01:38:36.602563Z,sensor.kitchen_temp_temperature,76.64,0
2026-08-14T01:38:36.603067Z,sensor.bed_1_temperature_delta,2.0,0
2026-08-14T01:38:36.603385Z,sensor.bed_2_temperature_delta,1.1,0
2026-08-14T01:38:36.603715Z,sensor.bed_3_temperature_delta,1.1,0
2026-08-14T01:41:20.378922Z,climate.kitchen,cool,0
2026-08-14T01:41:20.379953Z,sensor.bed_1_booster_adaptive_boost,0,0
2026-08-14T01:41:20.382341Z,sensor.bed_2_booster_effective_percentage,10,0
2026-08-14T01:41:20.382572Z,sensor.bed_3_booster_effective_percentage,10,0
2026-08-14T01:41:20.387882Z,sensor.bed_1_booster_pi_target_speed,4,0
2026-08-14T01:41:20.388399Z,sensor.bed_1_booster_effective_percentage,40,0
2026-08-14T01:41:20.535107Z,climate.kitchen,cool,0
2026-08-14T01:41:20.538943Z,sensor.kitchen_temperature,77.54,0
2026-08-14T01:42:27.058182Z,sensor.bed_2_temp_temperature,78.26,0
2026-08-14T01:42:27.058556Z,sensor.bed_2_temperature_delta,1.6,0
2026-08-14T01:42:27.058868Z,sensor.bed_2_booster_target_speed,2,0
2026-08-14T01:42:27.059876Z,sensor.bed_2_booster_pi_target_speed,2,0
2026-08-14T01:42:27.060252Z,sensor.bed_2_booster_effective_percentage,20,0
2026-08-14T01:43:21.588990Z,sensor.bed_3_temp_temperature,78.08,0
2026-08-14T01:43:21.589191Z,sensor.bed_3_temperature_delta,1.4,0
2026-08-14T01:46:16.900384Z,climate.kitchen,cool,0
2026-08-14T01:46:17.446498Z,climate.kitchen,cool,0
2026-08-14T01:50:22.759956Z,sensor.bed_1_temp_temperature,77.9,0
2026-08-14T01:50:22.760399Z,sensor.bed_1_temperature_delta,1.3,0
2026-08-14T01:50:22.760749Z,sensor.bed_1_booster_target_speed,0,0
2026-08-14T01:50:22.761985Z,sensor.bed_1_booster_pi_target_speed,0,0
2026-08-14T01:50:22.762449Z,sensor.bed_1_booster_effective_percentage,10,0
2026-08-14T01:53:39.214806Z,sensor.kitchen_temp_temperature,76.1,0
2026-08-14T01:53:39.216651Z,sensor.bed_1_temperature_delta,1.8,0
2026-08-14T01:53:39.216901Z,sensor.bed_2_temperature_delta,2.2,0
2026-08-14T01:53:39.217110Z,sensor.bed_3_temperature_delta,2.0,0
2026-08-14T01:53:39.217358Z,sensor.bed_1_booster_target_speed,2,0
2026-08-14T01:53:39.217585Z,sensor.bed_2_booster_target_speed,4,0
2026-08-14T01:53:39.217798Z,sensor.bed_3_booster_target_speed,2,0
2026-08-14T01:53:39.218949Z,sensor.bed_1_booster_pi_target_speed,2,0
2026-08-14T01:53:39.219528Z,sensor.bed_2_booster_pi_target_speed,4,0
2026-08-14T01:53:39.221164Z,sensor.bed_3_booster_pi_target_speed,2,0
2026-08-14T01:53:39.221537Z,sensor.bed_1_booster_effective_percentage,20,0
2026-08-14T01:53:39.222294Z,sensor.bed_2_booster_effective_percentage,40,0
2026-08-14T01:53:39.222977Z,sensor.bed_3_booster_effective_percentage,20,0
2026-08-14T01:54:52.577012Z,climate.kitchen,cool,0
2026-08-14T01:54:54.361895Z,climate.kitchen,cool,0
2026-08-14T01:57:23.943199Z,climate.kitchen,cool,0
2026-08-14T01:57:23.951559Z,sensor.kitchen_temperature,76.28,0
2026-08-14T01:57:29.025890Z,sensor.bed_2_temp_temperature,77.72,0
2026-08-14T01:57:29.026385Z,sensor.bed_2_temperature_delta,1.6,0
2026-08-14T01:57:29.026764Z,sensor.bed_2_booster_target_speed,2,0
2026-08-14T01:57:29.028171Z,sensor.bed_2_booster_pi_target_speed,2,0
2026-08-14T01:57:29.028670Z,sensor.bed_2_booster_effective_percentage,20,0
2026-08-14T02:05:03.322817Z,climate.kitchen,cool,0
2026-08-14T02:05:03.331809Z,sensor.kitchen_temperature,76.64,0
2026-08-14T02:05:27.182541Z,sensor.bed_1_temp_temperature,77.72,0
2026-08-14T02:05:27.183011Z,sensor.bed_1_temperature_delta,1.6,0
2026-08-14T02:08:40.341312Z,sensor.kitchen_temp_temperature,76.46,0
2026-08-14T02:08:40.341794Z,sensor.bed_1_temperature_delta,1.3,0
2026-08-14T02:08:40.342132Z,sensor.bed_2_temperature_delta,1.3,0
2026-08-14T02:08:40.342417Z,sensor.bed_3_temperature_delta,1.6,0
2026-08-14T02:08:40.342766Z,sensor.bed_1_booster_target_speed,0,0
2026-08-14T02:08:40.343108Z,sensor.bed_2_booster_target_speed,0,0
2026-08-14T02:08:40.344833Z,sensor.bed_1_booster_pi_target_speed,0,0
2026-08-14T02:08:40.345591Z,sensor.bed_2_booster_pi_target_speed,0,0
2026-08-14T02:08:40.346037Z,sensor.bed_1_booster_effective_percentage,0,0
2026-08-14T02:08:40.346864Z,sensor.bed_2_booster_effective_percentage,0,0
2026-08-14T02:13:27.798960Z,sensor.bed_3_temp_temperature,77.9,0
2026-08-14T02:13:27.799169Z,sensor.bed_3_temperature_delta,1.4,0
2026-08-14T02:16:00.134398Z,climate.kitchen,cool,0
2026-08-14T02:16:00.138275Z,sensor.bed_1_booster_effective_percentage,10,0
2026-08-14T02:16:00.138495Z,sensor.bed_2_booster_effective_percentage,10,0
2026-08-14T02:20:29.549638Z,sensor.bed_1_temp_temperature,77.54,0
2026-08-14T02:20:29.549868Z,sensor.bed_1_temperature_delta,1.1,0
2026-08-14T02:20:59.917823Z,climate.kitchen,cool,0
2026-08-14T02:23:41.486145Z,sensor.kitchen_temp_temperature,75.74,0
2026-08-14T02:23:41.486640Z,sensor.bed_1_temperature_delta,1.8,0
2026-08-14T02:23:41.486981Z,sensor.bed_2_temperature_delta,2.0,0
2026-08-14T02:23:41.487272Z,sensor.bed_3_temperature_delta,2.2,0
2026-08-14T02:23:41.487628Z,sensor.bed_1_booster_target_speed,2,0
2026-08-14T02:23:41.487967Z,sensor.bed_2_booster_target_speed,2,0
2026-08-14T02:23:41.488281Z,sensor.bed_3_booster_target_speed,4,0
2026-08-14T02:23:41.490243Z,sensor.bed_1_booster_pi_target_speed,2,0
2026-08-14T02:23:41.491188Z,sensor.bed_2_booster_pi_target_speed,2,0
2026-08-14T02:23:41.492111Z,sensor.bed_3_booster_pi_target_speed,4,0
2026-08-14T02:23:41.492697Z,sensor.bed_1_booster_effective_percentage,20,0
2026-08-14T02:23:41.493765Z,sensor.bed_2_booster_effective_percentage,20,0
2026-08-14T02:23:41.496290Z,sensor.bed_3_booster_effective_percentage,40,0
2026-08-14T02:26:05.209496Z,climate.kitchen,cool,0
2026-08-14T02:26:43.884669Z,sensor.bed_2_temp_temperature,76.82,0
2026-08-14T02:26:43.885125Z,sensor.bed_2_temperature_delta,1.1,0
2026-08-14T02:26:43.885474Z,sensor.bed_2_booster_target_speed,0,0
2026-08-14T02:26:43.886698Z,sensor.bed_2_booster_pi_target_speed,0,0
2026-08-14T02:26:43.887175Z,sensor.bed_2_booster_effective_percentage,0,0
2026-08-14T02:28:30.329463Z,sensor.bed_3_temp_temperature,77.54,0
2026-08-14T02:28:30.329959Z,sensor.bed_3_temperature_delta,1.8,0
2026-08-14T02:28:31.529066Z,climate.kitchen,cool,0
2026-08-14T02:28:31.539506Z,sensor.kitchen_temperature,76.46,0
2026-08-14T02:30:29.119042Z,climate.kitchen,cool,0
2026-08-14T02:32:33.282136Z,climate.kitchen,cool,0
2026-08-14T02:32:33.287889Z,sensor.bed_2_booster_effective_percentage,10,0
2026-08-14T02:35:31.845535Z,sensor.bed_1_temp_temperature,77.0,0
2026-08-14T02:35:31.846019Z,sensor.bed_1_temperature_delta,1.3,0
2026-08-14T02:35:31.846377Z,sensor.bed_1_booster_target_speed,0,0
2026-08-14T02:35:31.847613Z,sensor.bed_1_booster_pi_target_speed,0,0
2026-08-14T02:35:31.848114Z,sensor.bed_1_booster_effective_percentage,10,0
2026-08-14T02:38:42.491580Z,sensor.kitchen_temp_temperature,75.02,0
2026-08-14T02:38:42.491977Z,sensor.bed_1_temperature_delta,2.0,0
2026-08-14T02:38:42.492212Z,sensor.bed_2_temperature_delta,1.8,0
2026-08-14T02:38:42.492425Z,sensor.bed_3_temperature_delta,2.5,0
2026-08-14T02:38:42.492688Z,sensor.bed_1_booster_target_speed,2,0
2026-08-14T02:38:42.492944Z,sensor.bed_2_booster_target_speed,2,0
2026-08-14T02:38:42.493180Z,sensor.bed_3_booster_target_speed,6,0
2026-08-14T02:38:42.494311Z,sensor.bed_1_booster_pi_target_speed,2,0
2026-08-14T02:38:42.494913Z,sensor.bed_2_booster_pi_target_speed,2,0
2026-08-14T02:38:42.495466Z,sensor.bed_3_booster_pi_target_speed,6,0
2026-08-14T02:38:42.495802Z,sensor.bed_1_booster_effective_percentage,20,0
2026-08-14T02:38:42.496448Z,sensor.bed_2_booster_effective_percentage,20,0
2026-08-14T02:38:42.497031Z,sensor.bed_3_booster_effective_percentage,60,0
2026-08-14T02:41:46.664050Z,sensor.bed_2_temp_temperature,76.28,0
2026-08-14T02:41:46.664543Z,sensor.bed_2_temperature_delta,1.3,0
2026-08-14T02:41:46.664949Z,sensor.bed_2_booster_target_speed,0,0
2026-08-14T02:41:46.666324Z,sensor.bed_2_booster_pi_target_speed,0,0
2026-08-14T02:41:46.666864Z,sensor.bed_2_booster_effective_percentage,10,0
2026-08-14T02:43:33.157352Z,sensor.bed_3_temp_temperature,77.18,0
2026-08-14T02:43:33.157817Z,sensor.bed_3_temperature_delta,2.2,0
2026-08-14T02:43:33.158190Z,sensor.bed_3_booster_target_speed,4,0
2026-08-14T02:43:33.159473Z,sensor.bed_3_booster_pi_target_speed,4,0
2026-08-14T02:43:33.159977Z,sensor.bed_3_booster_effective_percentage,40,0
2026-08-14T02:48:18.714276Z,sensor.bed_1_temp_temperature,76.1,0
2026-08-14T02:48:18.714766Z,sensor.bed_1_temperature_delta,1.1,0
2026-08-14T02:48:18.715187Z,sensor.bed_1_booster_target_speed,0,0
2026-08-14T02:48:18.716553Z,sensor.bed_1_booster_pi_target_speed,0,0
2026-08-14T02:48:18.717125Z,sensor.bed_1_booster_effective_percentage,10,0
2026-08-14T02:49:14.386249Z,sensor.kitchen_temp_temperature,74.12,0
2026-08-14T02:49:14.386714Z,sensor.bed_1_temperature_delta,2.0,0
2026-08-14T02:49:14.387043Z,sensor.bed_2_temperature_delta,2.2,0
2026-08-14T02:49:14.387317Z,sensor.bed_3_temperature_delta,3.1,0
2026-08-14T02:49:14.387643Z,sensor.bed_1_booster_target_speed,2,0
2026-08-14T02:49:14.387957Z,sensor.bed_2_booster_target_speed,4,0
2026-08-14T02:49:14.388248Z,sensor.bed_3_booster_target_speed,8,0
2026-08-14T02:49:14.389782Z,sensor.bed_1_booster_pi_target_speed,2,0
2026-08-14T02:49:14.390567Z,sensor.bed_2_booster_pi_target_speed,4,0
2026-08-14T02:49:14.391290Z,sensor.bed_3_booster_pi_target_speed,8,0
2026-08-14T02:49:14.391755Z,sensor.bed_1_booster_effective_percentage,20,0
2026-08-14T02:49:14.392663Z,sensor.bed_2_booster_effective_percentage,40,0
2026-08-14T02:49:14.397484Z,sensor.bed_3_booster_effective_percentage,80,0
2026-08-14T02:49:24.726349Z,climate.kitchen,cool,0
2026-08-14T02:49:24.738833Z,sensor.kitchen_temperature,75.2,0
2026-08-14T02:50:10.066883Z,climate.kitchen,cool,0
2026-08-14T02:54:21.958597Z,sensor.bed_2_temp_temperature,75.38,0
2026-08-14T02:54:21.959063Z,sensor.bed_2_temperature_delta,1.3,0
2026-08-14T02:54:21.959412Z,sensor.bed_2_booster_target_speed,0,0
2026-08-14T02:54:21.960613Z,sensor.bed_2_booster_pi_target_speed,0,0
2026-08-14T02:54:21.961106Z,sensor.bed_2_booster_effective_percentage,10,0
2026-08-14T02:58:36.707103Z,sensor.bed_3_temp_temperature,76.82,0
2026-08-14T02:58:36.707606Z,sensor.bed_3_temperature_delta,2.7,0
2026-08-14T02:58:36.708008Z,sensor.bed_3_booster_target_speed,6,0
2026-08-14T02:58:36.709336Z,sensor.bed_3_booster_pi_target_speed,6,0
2026-08-14T02:58:36.709878Z,sensor.bed_3_booster_effective_percentage,60,0
2026-08-14T03:00:04.042787Z,climate.kitchen,cool,0
2026-08-14T03:00:04.053069Z,sensor.kitchen_temperature,77.0,0
2026-08-14T03:01:26.743742Z,sensor.kitchen_temp_temperature,73.22,0
2026-08-14T03:01:26.744263Z,sensor.bed_1_temperature_delta,2.9,0
2026-08-14T03:01:26.744566Z,sensor.bed_2_temperature_delta,2.2,0
2026-08-14T03:01:26.744835Z,sensor.bed_3_temperature_delta,3.6,0
2026-08-14T03:01:26.745258Z,sensor.bed_1_booster_target_speed,6,0
2026-08-14T03:01:26.745560Z,sensor.bed_2_booster_target_speed,4,0
2026-08-14T03:01:26.745888Z,sensor.bed_3_booster_target_speed,10,0
2026-08-14T03:01:26.749480Z,sensor.bed_1_booster_pi_target_speed,6,0
2026-08-14T03:01:26.750318Z,sensor.bed_2_booster_pi_target_speed,4,0
2026-08-14T03:01:26.751045Z,sensor.bed_3_booster_pi_target_speed,10,0
2026-08-14T03:01:26.751474Z,sensor.bed_1_booster_effective_percentage,60,0
2026-08-14T03:01:26.754131Z,sensor.bed_2_booster_effective_percentage,40,0
2026-08-14T03:01:26.755134Z,sensor.bed_3_booster_effective_percentage,100,0
2026-08-14T03:03:13.454190Z,sensor.bed_1_temp_temperature,75.2,0
2026-08-14T03:03:13.454604Z,sensor.bed_1_temperature_delta,2.0,0
2026-08-14T03:03:13.454942Z,sensor.bed_1_booster_target_speed,4,0
2026-08-14T03:03:13.456058Z,sensor.bed_1_booster_pi_target_speed,4,0
2026-08-14T03:03:13.456494Z,sensor.bed_1_booster_effective_percentage,40,0
2026-08-14T03:09:20.972570Z,sensor.bed_2_temp_temperature,74.66,0
2026-08-14T03:09:20.973031Z,sensor.bed_2_temperature_delta,1.4,0
2026-08-14T03:09:20.973376Z,sensor.bed_2_booster_target_speed,2,0
2026-08-14T03:09:20.974586Z,sensor.bed_2_booster_pi_target_speed,2,0
2026-08-14T03:09:20.975078Z,sensor.bed_2_booster_effective_percentage,20,0
2026-08-14T03:10:09.805309Z,climate.kitchen,cool,0
2026-08-14T03:10:09.819998Z,sensor.kitchen_temperature,76.28,0
2026-08-14T03:13:04.347358Z,sensor.bed_3_temp_temperature,75.92,0
2026-08-14T03:13:04.347806Z,sensor.bed_3_temperature_delta,2.7,0
2026-08-14T03:13:04.348175Z,sensor.bed_3_booster_target_speed,6,0
2026-08-14T03:13:04.349406Z,sensor.bed_3_booster_pi_target_speed,6,0
2026-08-14T03:13:04.349887Z,sensor.bed_3_booster_effective_percentage,60,0
2026-08-14T03:16:26.145802Z,sensor.kitchen_temp_temperature,72.5,0
2026-08-14T03:16:26.146308Z,sensor.bed_1_temperature_delta,2.7,0
2026-08-14T03:16:26.146629Z,sensor.bed_2_temperature_delta,2.2,0
2026-08-14T03:16:26.146940Z,sensor.bed_3_temperature_delta,3.4,0
2026-08-14T03:16:26.147290Z,sensor.bed_1_booster_target_speed,6,0
2026-08-14T03:16:26.147612Z,sensor.bed_2_booster_target_speed,4,0
2026-08-14T03:16:26.147946Z,sensor.bed_3_booster_target_speed,8,0
2026-08-14T03:16:26.148709Z,sensor.bed_1_booster_pi_target_speed,6,0
2026-08-14T03:16:26.148982Z,sensor.bed_2_booster_pi_target_speed,4,0
2026-08-14T03:16:26.149246Z,sensor.bed_3_booster_pi_target_speed,8,0
2026-08-14T03:16:26.149407Z,sensor.bed_1_booster_effective_percentage,60,0
2026-08-14T03:16:26.149756Z,sensor.bed_2_booster_effective_percentage,40,0
2026-08-14T03:16:26.150073Z,sensor.bed_3_booster_effective_percentage,80,0
2026-08-14T03:18:14.772307Z,sensor.bed_1_temp_temperature,74.48,0
2026-08-14T03:18:14.772535Z,sensor.bed_1_temperature_delta,2.0,0
2026-08-14T03:18:14.772687Z,sensor.bed_1_booster_target_speed,4,0
2026-08-14T03:18:14.776261Z,sensor.bed_1_booster_pi_target_speed,4,0
2026-08-14T03:18:14.776490Z,sensor.bed_1_booster_effective_percentage,40,0
2026-08-14T03:22:50.030159Z,sensor.bed_2_temp_temperature,73.76,0
2026-08-14T03:22:50.030540Z,sensor.bed_2_temperature_delta,1.3,0
2026-08-14T03:22:50.030824Z,sensor.bed_2_booster_target_speed,0,0
2026-08-14T03:22:50.031865Z,sensor.bed_2_booster_pi_target_speed,0,0
2026-08-14T03:22:50.032254Z,sensor.bed_2_booster_effective_percentage,10,0
2026-08-14T03:28:06.645550Z,sensor.bed_3_temp_temperature,75.56,0
2026-08-14T03:28:06.646055Z,sensor.bed_3_temperature_delta,3.1,0
2026-08-14T03:30:09.864144Z,climate.kitchen,cool,0
2026-08-14T03:30:09.873415Z,sensor.kitchen_temperature,75.38,0
2026-08-14T03:31:24.444767Z,sensor.kitchen_temp_temperature,71.78,0
2026-08-14T03:31:24.445169Z,sensor.bed_1_temperature_delta,2.7,0
2026-08-14T03:31:24.445420Z,sensor.bed_2_temperature_delta,2.0,0
2026-08-14T03:31:24.445643Z,sensor.bed_3_temperature_delta,3.8,0
2026-08-14T03:31:24.445936Z,sensor.bed_1_booster_target_speed,6,0
2026-08-14T03:31:24.446185Z,sensor.bed_2_booster_target_speed,2,0
2026-08-14T03:31:24.446423Z,sensor.bed_3_booster_target_speed,10,0
2026-08-14T03:31:24.447646Z,sensor.bed_1_booster_pi_target_speed,6,0
2026-08-14T03:31:24.448301Z,sensor.bed_2_booster_pi_target_speed,2,0
2026-08-14T03:31:24.448946Z,sensor.bed_3_booster_pi_target_speed,10,0
2026-08-14T03:31:24.449340Z,sensor.bed_1_booster_effective_percentage,60,0
2026-08-14T03:31:24.454960Z,sensor.bed_2_booster_effective_percentage,20,0
2026-08-14T03:31:24.455854Z,sensor.bed_3_booster_effective_percentage,100,0
2026-08-14T03:31:54.021800Z,sensor.bed_1_temp_temperature,73.58,0
2026-08-14T03:31:54.022191Z,sensor.bed_1_temperature_delta,1.8,0
2026-08-14T03:31:54.022464Z,sensor.bed_1_booster_target_speed,2,0
2026-08-14T03:31:54.023424Z,sensor.bed_1_booster_pi_target_speed,2,0
2026-08-14T03:31:54.023783Z,sensor.bed_1_booster_effective_percentage,20,0
2026-08-14T03:43:09.043466Z,sensor.bed_3_temp_temperature,74.84,0
2026-08-14T03:43:09.043875Z,sensor.bed_3_temperature_delta,3.1,0
2026-08-14T03:43:09.044178Z,sensor.bed_3_booster_target_speed,8,0
2026-08-14T03:43:09.045223Z,sensor.bed_3_booster_pi_target_speed,8,0
2026-08-14T03:43:09.045634Z,sensor.bed_3_booster_effective_percentage,80,0
2026-08-14T03:46:23.076432Z,sensor.kitchen_temp_temperature,71.06,0
2026-08-14T03:46:23.076727Z,sensor.bed_1_temperature_delta,2.5,0
2026-08-14T03:46:23.076930Z,sensor.bed_2_temperature_delta,2.7,0
2026-08-14T03:46:23.077091Z,sensor.bed_3_temperature_delta,3.8,0
2026-08-14T03:46:23.077292Z,sensor.bed_1_booster_target_speed,6,0
2026-08-14T03:46:23.077474Z,sensor.bed_2_booster_target_speed,6,0
2026-08-14T03:46:23.077663Z,sensor.bed_3_booster_target_speed,10,0
2026-08-14T03:46:23.078574Z,sensor.bed_1_booster_pi_target_speed,6,0
2026-08-14T03:46:23.079048Z,sensor.bed_2_booster_pi_target_speed,6,0
2026-08-14T03:46:23.079495Z,sensor.bed_3_booster_pi_target_speed,10,0
2026-08-14T03:46:23.079775Z,sensor.bed_1_booster_effective_percentage,60,0
2026-08-14T03:46:23.081525Z,sensor.bed_2_booster_effective_percentage,60,0
2026-08-14T03:46:23.082098Z,sensor.bed_3_booster_effective_percentage,100,0
2026-08-14T03:46:54.904951Z,sensor.bed_1_temp_temperature,73.04,0
2026-08-14T03:46:54.905174Z,sensor.bed_1_temperature_delta,2.0,0
2026-08-14T03:46:54.905328Z,sensor.bed_1_booster_target_speed,4,0
2026-08-14T03:46:54.905880Z,sensor.bed_1_booster_pi_target_speed,4,0
2026-08-14T03:46:54.906081Z,sensor.bed_1_booster_effective_percentage,40,0
2026-08-14T03:52:47.315503Z,sensor.bed_2_temp_temperature,73.22,0
2026-08-14T03:52:47.315786Z,sensor.bed_2_temperature_delta,2.2,0
2026-08-14T03:52:47.316003Z,sensor.bed_2_booster_target_speed,4,0
2026-08-14T03:52:47.316726Z,sensor.bed_2_booster_pi_target_speed,4,0
2026-08-14T03:52:47.317010Z,sensor.bed_2_booster_effective_percentage,40,0
2026-08-14T03:55:00.432704Z,sensor.bed_1_booster_adaptive_boost,1,0
2026-08-14T03:55:00.433180Z,sensor.bed_1_booster_pi_target_speed,5,0
2026-08-14T03:55:00.435227Z,sensor.bed_1_booster_effective_percentage,50,0
2026-08-14T03:55:00.440519Z,sensor.bed_2_booster_adaptive_boost,1,0
2026-08-14T03:55:00.440988Z,sensor.bed_2_booster_pi_target_speed,5,0
2026-08-14T03:55:00.444667Z,sensor.bed_2_booster_effective_percentage,50,0
2026-08-14T03:55:10.378387Z,climate.kitchen,cool,0
2026-08-14T03:55:10.390558Z,sensor.bed_1_booster_adaptive_boost,0,0
2026-08-14T03:55:10.391739Z,sensor.bed_2_booster_adaptive_boost,0,0
2026-08-14T03:55:10.400258Z,sensor.bed_1_booster_pi_target_speed,4,0
2026-08-14T03:55:10.400898Z,sensor.bed_2_booster_pi_target_speed,4,0
2026-08-14T03:55:10.402863Z,sensor.bed_1_booster_effective_percentage,40,0
2026-08-14T03:55:10.403620Z,sensor.bed_2_booster_effective_percentage,40,0
2026-08-14T03:55:10.406720Z,sensor.kitchen_temperature,74.48,0
2026-08-14T03:58:11.068383Z,sensor.bed_3_temp_temperature,74.3,0
2026-08-14T03:58:11.068863Z,sensor.bed_3_temperature_delta,3.2,0
2026-08-14T03:58:11.069227Z,sensor.bed_3_booster_target_speed,8,0
2026-08-14T03:58:11.070475Z,sensor.bed_3_booster_pi_target_speed,8,0
2026-08-14T03:58:11.070966Z,sensor.bed_3_booster_effective_percentage,80,0
2026-08-14T04:01:21.609717Z,sensor.kitchen_temp_temperature,70.52,0
2026-08-14T04:01:21.610097Z,sensor.bed_1_temperature_delta,2.5,0
2026-08-14T04:01:21.610334Z,sensor.bed_2_temperature_delta,2.7,0
2026-08-14T04:01:21.610546Z,sensor.bed_3_temperature_delta,3.8,0
2026-08-14T04:01:21.610801Z,sensor.bed_1_booster_target_speed,6,0
2026-08-14T04:01:21.611053Z,sensor.bed_2_booster_target_speed,6,0
2026-08-14T04:01:21.611277Z,sensor.bed_3_booster_target_speed,10,0
2026-08-14T04:01:21.612416Z,sensor.bed_1_booster_pi_target_speed,6,0
2026-08-14T04:01:21.612980Z,sensor.bed_2_booster_pi_target_speed,6,0
2026-08-14T04:01:21.613529Z,sensor.bed_3_booster_pi_target_speed,10,0
2026-08-14T04:01:21.613885Z,sensor.bed_1_booster_effective_percentage,60,0
2026-08-14T04:01:21.615926Z,sensor.bed_2_booster_effective_percentage,60,0
2026-08-14T04:01:21.616628Z,sensor.bed_3_booster_effective_percentage,100,0
2026-08-14T04:13:02.748058Z,sensor.bed_3_temp_temperature,73.4,0
2026-08-14T04:13:02.748511Z,sensor.bed_3_temperature_delta,2.9,0
2026-08-14T04:13:02.748884Z,sensor.bed_3_booster_target_speed,8,0
2026-08-14T04:13:02.750143Z,sensor.bed_3_booster_pi_target_speed,8,0
2026-08-14T04:13:02.750609Z,sensor.bed_3_booster_effective_percentage,80,0
2026-08-14T04:14:08.871567Z,sensor.bed_2_temp_temperature,72.32,0
2026-08-14T04:14:08.871846Z,sensor.bed_2_temperature_delta,1.8,0
2026-08-14T04:14:08.872049Z,sensor.bed_2_booster_target_speed,2,0
2026-08-14T04:14:08.872757Z,sensor.bed_2_booster_pi_target_speed,2,0
2026-08-14T04:14:08.873038Z,sensor.bed_2_booster_effective_percentage,20,0
2026-08-14T04:14:48.828729Z,sensor.bed_1_temp_temperature,71.6,0
2026-08-14T04:14:48.828954Z,sensor.bed_1_temperature_delta,1.1,0
2026-08-14T04:14:48.829098Z,sensor.bed_1_booster_target_speed,0,0
2026-08-14T04:14:48.829615Z,sensor.bed_1_booster_pi_target_speed,0,0
2026-08-14T04:14:48.829803Z,sensor.bed_1_booster_effective_percentage,10,0
2026-08-14T04:16:19.870157Z,sensor.kitchen_temp_temperature,69.8,0
2026-08-14T04:16:19.870611Z,sensor.bed_1_temperature_delta,1.8,0
2026-08-14T04:16:19.870931Z,sensor.bed_2_temperature_delta,2.5,0
2026-08-14T04:16:19.871204Z,sensor.bed_3_temperature_delta,3.6,0
2026-08-14T04:16:19.871528Z,sensor.bed_1_booster_target_speed,2,0
2026-08-14T04:16:19.871825Z,sensor.bed_2_booster_target_speed,6,0
2026-08-14T04:16:19.872129Z,sensor.bed_3_booster_target_speed,10,0
2026-08-14T04:16:19.873542Z,sensor.bed_1_booster_pi_target_speed,2,0
2026-08-14T04:16:19.874320Z,sensor.bed_2_booster_pi_target_speed,6,0
2026-08-14T04:16:19.875081Z,sensor.bed_3_booster_pi_target_speed,10,0
2026-08-14T04:16:19.875539Z,sensor.bed_1_booster_effective_percentage,20,0
2026-08-14T04:16:19.884896Z,sensor.bed_2_booster_effective_percentage,60,0
2026-08-14T04:16:19.885917Z,sensor.bed_3_booster_effective_percentage,100,0
2026-08-14T04:20:00.434362Z,sensor.bed_2_booster_adaptive_boost,1,0
2026-08-14T04:20:00.434881Z,sensor.bed_2_booster_pi_target_speed,7,0
2026-08-14T04:20:00.435541Z,sensor.bed_2_booster_effective_percentage,70,0
2026-08-14T04:20:09.149196Z,climate.kitchen,cool,0
2026-08-14T04:20:09.152309Z,sensor.bed_2_booster_adaptive_boost,0,0
2026-08-14T04:20:09.163449Z,sensor.bed_2_booster_pi_target_speed,6,0
2026-08-14T04:20:09.165084Z,sensor.bed_2_booster_effective_percentage,60,0
2026-08-14T04:20:09.166066Z,sensor.kitchen_temperature,73.4,0
2026-08-14T04:22:56.271451Z,sensor.bed_1_booster_pi_target_speed,2,0
2026-08-14T04:22:56.271645Z,sensor.bed_2_booster_pi_target_speed,6,0
2026-08-14T04:22:56.271827Z,sensor.bed_3_booster_pi_target_speed,10,0
2026-08-14T04:22:56.274041Z,sensor.bed_1_booster_adaptive_boost,0,0
2026-08-14T04:22:56.274219Z,sensor.bed_2_booster_adaptive_boost,0,0
2026-08-14T04:22:56.274387Z,sensor.bed_3_booster_adaptive_boost,0,0
2026-08-14T04:22:58.950555Z,climate.kitchen,cool,0
2026-08-14T04:28:06.036199Z,sensor.bed_3_temp_temperature,73.04,0
2026-08-14T04:28:06.036389Z,sensor.bed_3_temperature_delta,3.2,0
2026-08-14T04:28:06.036530Z,sensor.bed_3_booster_target_speed,8,0
2026-08-14T04:28:06.037036Z,sensor.bed_3_booster_pi_target_speed,8,0
2026-08-14T04:28:06.037213Z,sensor.bed_3_booster_effective_percentage,80,0
2026-08-14T04:29:07.436345Z,sensor.bed_2_temp_temperature,71.6,0
2026-08-14T04:29:07.436800Z,sensor.bed_2_temperature_delta,1.8,0
2026-08-14T04:29:07.437171Z,sensor.bed_2_booster_target_speed,2,0
2026-08-14T04:29:07.439387Z,sensor.bed_2_booster_pi_target_speed,2,0
2026-08-14T04:29:07.440441Z,sensor.bed_2_booster_effective_percentage,20,0
2026-08-14T04:29:49.613694Z,sensor.bed_1_temp_temperature,71.24,0
2026-08-14T04:29:49.613930Z,sensor.bed_1_temperature_delta,1.4,0
2026-08-14T04:31:17.487201Z,sensor.kitchen_temp_temperature,69.26,0
2026-08-14T04:31:17.487699Z,sensor.bed_1_temperature_delta,2.0,0
2026-08-14T04:31:17.488047Z,sensor.bed_2_temperature_delta,2.3,0
2026-08-14T04:31:17.488341Z,sensor.bed_3_temperature_delta,3.8,0
2026-08-14T04:31:17.488927Z,sensor.bed_2_booster_target_speed,4,0
2026-08-14T04:31:17.489255Z,sensor.bed_3_booster_target_speed,10,0
2026-08-14T04:31:17.490927Z,sensor.bed_2_booster_pi_target_speed,4,0
2026-08-14T04:31:17.491673Z,sensor.bed_3_booster_pi_target_speed,10,0
2026-08-14T04:31:17.492214Z,sensor.bed_2_booster_effective_percentage,40,0
2026-08-14T04:31:17.502127Z,sensor.bed_3_booster_effective_percentage,100,0
2026-08-14T04:37:59.848616Z,sensor.bed_2_temp_temperature,70.7,0
2026-08-14T04:37:59.848835Z,sensor.bed_2_temperature_delta,1.4,0
2026-08-14T04:37:59.849035Z,sensor.bed_2_booster_target_speed,2,0
2026-08-14T04:37:59.849600Z,sensor.bed_2_booster_pi_target_speed,2,0
2026-08-14T04:37:59.849809Z,sensor.bed_2_booster_effective_percentage,20,0
2026-08-14T04:43:06.414593Z,sensor.bed_3_temp_temperature,72.32,0
2026-08-14T04:43:06.415042Z,sensor.bed_3_temperature_delta,3.1,0
2026-08-14T04:43:06.415287Z,sensor.bed_3_booster_target_speed,8,0
2026-08-14T04:43:06.416238Z,sensor.bed_3_booster_pi_target_speed,8,0
2026-08-14T04:43:06.416599Z,sensor.bed_3_booster_effective_percentage,80,0
2026-08-14T04:44:49.651343Z,sensor.bed_1_temp_temperature,70.7,0
2026-08-14T04:44:49.651784Z,sensor.bed_1_temperature_delta,1.4,0
2026-08-14T04:46:15.135828Z,sensor.kitchen_temp_temperature,68.54,0
2026-08-14T04:46:15.136186Z,sensor.bed_1_temperature_delta,2.2,0
2026-08-14T04:46:15.136406Z,sensor.bed_2_temperature_delta,2.2,0
2026-08-14T04:46:15.136604Z,sensor.bed_3_temperature_delta,3.8,0
2026-08-14T04:46:15.136861Z,sensor.bed_1_booster_target_speed,4,0
2026-08-14T04:46:15.137093Z,sensor.bed_2_booster_target_speed,4,0
2026-08-14T04:46:15.137309Z,sensor.bed_3_booster_target_speed,10,0
2026-08-14T04:46:15.138596Z,sensor.bed_1_booster_pi_target_speed,4,0
2026-08-14T04:46:15.139243Z,sensor.bed_2_booster_pi_target_speed,4,0
2026-08-14T04:46:15.139864Z,sensor.bed_3_booster_pi_target_speed,10,0
2026-08-14T04:46:15.140268Z,sensor.bed_1_booster_effective_percentage,40,0
2026-08-14T04:46:15.142409Z,sensor.bed_2_booster_effective_percentage,40,0
2026-08-14T04:46:15.148809Z,sensor.bed_3_booster_effective_percentage,100,0
2026-08-14T04:50:09.730161Z,climate.kitchen,cool,0
2026-08-14T04:50:09.745421Z,sensor.kitchen_temperature,72.14,0
2026-08-14T04:53:00.518139Z,sensor.bed_2_temp_temperature,70.16,0
2026-08-14T04:53:00.518353Z,sensor.bed_2_temperature_delta,1.6,0
2026-08-14T04:53:00.518501Z,sensor.bed_2_booster_target_speed,2,0
2026-08-14T04:53:00.519165Z,sensor.bed_2_booster_pi_target_speed,2,0
2026-08-14T04:53:00.519405Z,sensor.bed_2_booster_effective_percentage,20,0
2026-08-14T04:56:51.311984Z,climate.kitchen,cool,0
2026-08-14T04:56:52.503981Z,climate.kitchen,cool,0
2026-08-14T04:58:09.643137Z,sensor.bed_3_temp_temperature,71.6,0
2026-08-14T04:58:09.643591Z,sensor.bed_3_temperature_delta,3.1,0
2026-08-14T04:58:09.643968Z,sensor.bed_3_booster_target_speed,8,0
2026-08-14T04:58:09.645359Z,sensor.bed_3_booster_pi_target_speed,8,0
2026-08-14T04:58:09.645948Z,sensor.bed_3_booster_effective_percentage,80,0
2026-08-14T04:59:52.774133Z,sensor.bed_1_temp_temperature,70.16,0
2026-08-14T04:59:52.774546Z,sensor.bed_1_temperature_delta,1.6,0
2026-08-14T04:59:52.774889Z,sensor.bed_1_booster_target_speed,2,0
2026-08-14T04:59:52.776015Z,sensor.bed_1_booster_pi_target_speed,2,0
2026-08-14T04:59:52.776456Z,sensor.bed_1_booster_effective_percentage,20,0
2026-08-14T05:01:15.654655Z,sensor.kitchen_temp_temperature,68.18,0
2026-08-14T05:01:15.655131Z,sensor.bed_1_temperature_delta,2.0,0
2026-08-14T05:01:15.655431Z,sensor.bed_2_temperature_delta,2.0,0
2026-08-14T05:01:15.655694Z,sensor.bed_3_temperature_delta,3.4,0
2026-08-14T05:07:59.141231Z,sensor.bed_2_temp_temperature,70.34,0
2026-08-14T05:07:59.141585Z,sensor.bed_2_temperature_delta,2.2,0
2026-08-14T05:07:59.141868Z,sensor.bed_2_booster_target_speed,4,0
2026-08-14T05:07:59.142794Z,sensor.bed_2_booster_pi_target_speed,4,0
2026-08-14T05:07:59.143207Z,sensor.bed_2_booster_effective_percentage,40,0
2026-08-14T05:10:09.151521Z,climate.kitchen,cool,0
2026-08-14T05:10:09.162851Z,sensor.kitchen_temperature,71.42,0
2026-08-14T05:13:11.633467Z,sensor.bed_3_temp_temperature,71.24,0
2026-08-14T05:13:11.633822Z,sensor.bed_3_temperature_delta,3.1,0
2026-08-14T05:14:14.178430Z,sensor.bed_2_temp_temperature,69.44,0
2026-08-14T05:14:14.178775Z,sensor.bed_2_temperature_delta,1.3,0
2026-08-14T05:14:14.179061Z,sensor.bed_2_booster_target_speed,0,0
2026-08-14T05:14:14.180120Z,sensor.bed_2_booster_pi_target_speed,0,0
2026-08-14T05:14:14.180493Z,sensor.bed_2_booster_effective_percentage,10,0
2026-08-14T05:14:52.857709Z,sensor.bed_1_temp_temperature,69.98,0
2026-08-14T05:14:52.858209Z,sensor.bed_1_temperature_delta,1.8,0
2026-08-14T05:16:14.575432Z,sensor.kitchen_temp_temperature,67.64,0
2026-08-14T05:16:14.575860Z,sensor.bed_1_temperature_delta,2.3,0
2026-08-14T05:16:14.576134Z,sensor.bed_2_temperature_delta,1.8,0
2026-08-14T05:16:14.576383Z,sensor.bed_3_temperature_delta,3.6,0
2026-08-14T05:16:14.576683Z,sensor.bed_1_booster_target_speed,4,0
2026-08-14T05:16:14.576972Z,sensor.bed_2_booster_target_speed,2,0
2026-08-14T05:16:14.577242Z,sensor.bed_3_booster_target_speed,10,0
2026-08-14T05:16:14.578565Z,sensor.bed_1_booster_pi_target_speed,4,0
2026-08-14T05:16:14.579285Z,sensor.bed_2_booster_pi_target_speed,2,0
2026-08-14T05:16:14.580040Z,sensor.bed_3_booster_pi_target_speed,10,0
2026-08-14T05:16:14.580506Z,sensor.bed_1_booster_effective_percentage,40,0
2026-08-14T05:16:14.585470Z,sensor.bed_2_booster_effective_percentage,20,0
2026-08-14T05:16:14.586398Z,sensor.bed_3_booster_effective_percentage,100,0
2026-08-14T05:28:12.096065Z,sensor.bed_3_temp_temperature,70.52,0
2026-08-14T05:28:12.096505Z,sensor.bed_3_temperature_delta,2.9,0
2026-08-14T05:28:12.096876Z,sensor.bed_3_booster_target_speed,8,0
2026-08-14T05:28:12.098096Z,sensor.bed_3_booster_pi_target_speed,8,0
2026-08-14T05:28:12.098575Z,sensor.bed_3_booster_effective_percentage,80,0
2026-08-14T05:29:11.554542Z,sensor.bed_2_temp_temperature,69.62,0
2026-08-14T05:29:11.554749Z,sensor.bed_2_temperature_delta,2.0,0
2026-08-14T05:29:55.210936Z,sensor.bed_1_temp_temperature,69.62,0
2026-08-14T05:29:55.211151Z,sensor.bed_1_temperature_delta,2.0,0
2026-08-14T05:31:11.552496Z,sensor.kitchen_temp_temperature,67.1,0
2026-08-14T05:31:11.585268Z,sensor.bed_1_temperature_delta,2.5,0
2026-08-14T05:31:11.585636Z,sensor.bed_2_temperature_delta,2.5,0
2026-08-14T05:31:11.585908Z,sensor.bed_3_temperature_delta,3.4,0
2026-08-14T05:31:11.586178Z,sensor.bed_1_booster_target_speed,6,0
2026-08-14T05:31:11.586417Z,sensor.bed_2_booster_target_speed,6,0
2026-08-14T05:31:11.587727Z,sensor.bed_1_booster_pi_target_speed,6,0
2026-08-14T05:31:11.589787Z,sensor.bed_2_booster_pi_target_speed,6,0
2026-08-14T05:31:11.590236Z,sensor.bed_1_booster_effective_percentage,60,0
2026-08-14T05:31:11.592557Z,sensor.bed_2_booster_effective_percentage,60,0
2026-08-14T05:35:00.343754Z,sensor.bed_1_booster_adaptive_boost,1,0
2026-08-14T05:35:00.344230Z,sensor.bed_1_booster_pi_target_speed,7,0
2026-08-14T05:35:00.344812Z,sensor.bed_1_booster_effective_percentage,70,0
2026-08-14T05:35:00.354693Z,sensor.bed_3_booster_adaptive_boost,1,0
2026-08-14T05:35:00.355191Z,sensor.bed_3_booster_pi_target_speed,9,0
2026-08-14T05:35:00.355726Z,sensor.bed_3_booster_effective_percentage,90,0
2026-08-14T05:40:44.788034Z,climate.kitchen,cool,0
2026-08-14T05:40:44.789945Z,sensor.bed_1_booster_adaptive_boost,0,0
2026-08-14T05:40:44.792920Z,sensor.bed_3_booster_adaptive_boost,0,0
2026-08-14T05:40:44.805665Z,sensor.bed_1_booster_pi_target_speed,6,0
2026-08-14T05:40:44.806917Z,sensor.bed_3_booster_pi_target_speed,8,0
2026-08-14T05:40:44.807742Z,sensor.bed_1_booster_effective_percentage,60,0
2026-08-14T05:40:44.808669Z,sensor.bed_3_booster_effective_percentage,80,0
2026-08-14T05:40:44.809646Z,sensor.kitchen_temperature,70.34,0
2026-08-14T05:41:59.039443Z,sensor.bed_1_temp_temperature,68.72,0
2026-08-14T05:41:59.039657Z,sensor.bed_1_temperature_delta,1.6,0
2026-08-14T05:41:59.039806Z,sensor.bed_1_booster_target_speed,2,0
2026-08-14T05:41:59.040350Z,sensor.bed_1_booster_pi_target_speed,2,0
2026-08-14T05:41:59.040538Z,sensor.bed_1_booster_effective_percentage,20,0
2026-08-14T05:43:12.315888Z,sensor.bed_3_temp_temperature,69.98,0
2026-08-14T05:43:12.316331Z,sensor.bed_3_temperature_delta,2.9,0
2026-08-14T05:44:09.162710Z,sensor.bed_2_temp_temperature,69.26,0
2026-08-14T05:44:09.163211Z,sensor.bed_2_temperature_delta,2.2,0
2026-08-14T05:44:09.163593Z,sensor.bed_2_booster_target_speed,4,0
2026-08-14T05:44:09.164907Z,sensor.bed_2_booster_pi_target_speed,4,0
2026-08-14T05:44:09.165408Z,sensor.bed_2_booster_effective_percentage,40,0
2026-08-14T05:46:08.547220Z,sensor.kitchen_temp_temperature,66.74,0
2026-08-14T05:46:08.547417Z,sensor.bed_1_temperature_delta,2.0,0
2026-08-14T05:46:08.547531Z,sensor.bed_2_temperature_delta,2.5,0
2026-08-14T05:46:08.547633Z,sensor.bed_3_temperature_delta,3.2,0
2026-08-14T05:46:08.547830Z,sensor.bed_2_booster_target_speed,6,0
2026-08-14T05:46:08.548519Z,sensor.bed_2_booster_pi_target_speed,6,0
2026-08-14T05:46:08.548695Z,sensor.bed_2_booster_effective_percentage,60,0
2026-08-14T05:58:16.386431Z,sensor.bed_3_temp_temperature,69.62,0
2026-08-14T05:58:16.386623Z,sensor.bed_3_temperature_delta,2.9,0
2026-08-14T05:59:06.485289Z,sensor.bed_2_temp_temperature,68.72,0
2026-08-14T05:59:06.485767Z,sensor.bed_2_temperature_delta,2.0,0
2026-08-14T05:59:06.486172Z,sensor.bed_2_booster_target_speed,4,0
2026-08-14T05:59:06.487480Z,sensor.bed_2_booster_pi_target_speed,4,0
2026-08-14T05:59:06.488022Z,sensor.bed_2_booster_effective_percentage,40,0
2026-08-14T05:59:16.772288Z,climate.kitchen,cool,0
2026-08-14T06:00:00Z,climate.kitchen,cool,1
2026-08-14T06:00:00Z,sensor.bed_1_booster_adaptive_boost,0,1
2026-08-14T06:00:00Z,sensor.bed_1_booster_effective_percentage,20,1
2026-08-14T06:00:00Z,sensor.bed_1_booster_pi_target_speed,2,1
2026-08-14T06:00:00Z,sensor.bed_1_booster_target_speed,2,1
2026-08-14T06:00:00Z,sensor.bed_1_temp_temperature,68.72,1
2026-08-14T06:00:00Z,sensor.bed_1_temperature_delta,2.0,1
2026-08-14T06:00:00Z,sensor.bed_2_booster_adaptive_boost,0,1
2026-08-14T06:00:00Z,sensor.bed_2_booster_effective_percentage,40,1
2026-08-14T06:00:00Z,sensor.bed_2_booster_pi_target_speed,4,1
2026-08-14T06:00:00Z,sensor.bed_2_booster_target_speed,4,1
2026-08-14T06:00:00Z,sensor.bed_2_temp_temperature,68.72,1
2026-08-14T06:00:00Z,sensor.bed_2_temperature_delta,2.0,1
2026-08-14T06:00:00Z,sensor.bed_3_booster_adaptive_boost,0,1
2026-08-14T06:00:00Z,sensor.bed_3_booster_effective_percentage,80,1
2026-08-14T06:00:00Z,sensor.bed_3_booster_pi_target_speed,8,1
2026-08-14T06:00:00Z,sensor.bed_3_booster_target_speed,8,1
2026-08-14T06:00:00Z,sensor.bed_3_temp_temperature,69.62,1
2026-08-14T06:00:00Z,sensor.bed_3_temperature_delta,2.9,1
2026-08-14T06:00:00Z,sensor.kitchen_temp_temperature,66.74,1
2026-08-14T06:00:00Z,sensor.kitchen_temperature,70.34,1
2026-08-14T06:01:05.434516Z,sensor.kitchen_temp_temperature,66.38,0
2026-08-14T06:01:05.434974Z,sensor.bed_1_temperature_delta,2.3,0
2026-08-14T06:01:05.435274Z,sensor.bed_2_temperature_delta,2.3,0
2026-08-14T06:01:05.435547Z,sensor.bed_3_temperature_delta,3.2,0
2026-08-14T06:01:05.435886Z,sensor.bed_1_booster_target_speed,4,0
2026-08-14T06:01:05.437683Z,sensor.bed_1_booster_pi_target_speed,4,0
2026-08-14T06:01:05.438174Z,sensor.bed_1_booster_effective_percentage,40,0
2026-08-14T06:12:02.974885Z,sensor.bed_1_temp_temperature,68.18,0
2026-08-14T06:12:02.975087Z,sensor.bed_1_temperature_delta,1.8,0
2026-08-14T06:13:16.575181Z,sensor.bed_3_temp_temperature,69.26,0
2026-08-14T06:13:16.575399Z,sensor.bed_3_temperature_delta,2.9,0
2026-08-14T06:14:03.460903Z,sensor.bed_2_temp_temperature,68.18,0
2026-08-14T06:14:03.461134Z,sensor.bed_2_temperature_delta,1.8,0
2026-08-14T06:16:02.302190Z,sensor.kitchen_temp_temperature,66.02,0
2026-08-14T06:16:02.302568Z,sensor.bed_1_temperature_delta,2.2,0
2026-08-14T06:16:02.302819Z,sensor.bed_2_temperature_delta,2.2,0
2026-08-14T06:16:02.303062Z,sensor.bed_3_temperature_delta,3.2,0
2026-08-14T06:16:19.692811Z,climate.kitchen,cool,0
2026-08-14T06:16:19.711430Z,sensor.kitchen_temperature,69.44,0
2026-08-14T06:27:03.747391Z,sensor.bed_1_temp_temperature,67.64,0
2026-08-14T06:27:03.747591Z,sensor.bed_1_temperature_delta,1.6,0
2026-08-14T06:27:03.747734Z,sensor.bed_1_booster_target_speed,2,0
2026-08-14T06:27:03.750320Z,sensor.bed_1_booster_pi_target_speed,2,0
2026-08-14T06:27:03.750533Z,sensor.bed_1_booster_effective_percentage,20,0
2026-08-14T06:28:17.045904Z,sensor.bed_3_temp_temperature,68.72,0
2026-08-14T06:28:17.046343Z,sensor.bed_3_temperature_delta,2.7,0
2026-08-14T06:28:17.046686Z,sensor.bed_3_booster_target_speed,6,0
2026-08-14T06:28:17.048084Z,sensor.bed_3_booster_pi_target_speed,6,0
2026-08-14T06:28:17.048536Z,sensor.bed_3_booster_effective_percentage,60,0
2026-08-14T06:29:00.369908Z,sensor.bed_2_temp_temperature,67.64,0
2026-08-14T06:29:00.370298Z,sensor.bed_2_temperature_delta,1.6,0
2026-08-14T06:29:00.370648Z,sensor.bed_2_booster_target_speed,2,0
2026-08-14T06:29:00.371762Z,sensor.bed_2_booster_pi_target_speed,2,0
2026-08-14T06:29:00.372234Z,sensor.bed_2_booster_effective_percentage,20,0
2026-08-14T06:30:59.115988Z,sensor.kitchen_temp_temperature,65.66,0
2026-08-14T06:30:59.116189Z,sensor.bed_1_temperature_delta,2.0,0
2026-08-14T06:30:59.116305Z,sensor.bed_2_temperature_delta,2.0,0
2026-08-14T06:30:59.116423Z,sensor.bed_3_temperature_delta,3.1,0
2026-08-14T06:30:59.116699Z,sensor.bed_3_booster_target_speed,8,0
2026-08-14T06:30:59.117322Z,sensor.bed_3_booster_pi_target_speed,8,0
2026-08-14T06:30:59.117505Z,sensor.bed_3_booster_effective_percentage,80,0
2026-08-14T06:40:00.348406Z,sensor.bed_1_booster_adaptive_boost,1,0
2026-08-14T06:40:00.349062Z,sensor.bed_1_booster_pi_target_speed,3,0
2026-08-14T06:40:00.350267Z,sensor.bed_1_booster_effective_percentage,30,0
2026-08-14T06:40:00.366181Z,sensor.bed_2_booster_adaptive_boost,1,0
2026-08-14T06:40:00.366687Z,sensor.bed_2_booster_pi_target_speed,3,0
2026-08-14T06:40:00.367226Z,sensor.bed_2_booster_effective_percentage,30,0
2026-08-14T06:40:00.374775Z,sensor.bed_3_booster_adaptive_boost,1,0
2026-08-14T06:40:00.375266Z,sensor.bed_3_booster_pi_target_speed,9,0
2026-08-14T06:40:00.375779Z,sensor.bed_3_booster_effective_percentage,90,0
2026-08-14T06:42:04.556131Z,sensor.bed_1_temp_temperature,67.28,0
2026-08-14T06:42:04.556553Z,sensor.bed_1_temperature_delta,1.6,0
2026-08-14T06:43:17.491042Z,sensor.bed_3_temp_temperature,68.36,0
2026-08-14T06:43:17.491237Z,sensor.bed_3_temperature_delta,2.7,0
2026-08-14T06:43:17.491375Z,sensor.bed_3_booster_target_speed,6,0
2026-08-14T06:43:17.491905Z,sensor.bed_3_booster_pi_target_speed,7,0
2026-08-14T06:43:17.492088Z,sensor.bed_3_booster_effective_percentage,70,0
2026-08-14T06:45:55.985818Z,sensor.kitchen_temp_temperature,65.12,0
2026-08-14T06:45:55.986062Z,sensor.bed_1_temperature_delta,2.2,0
2026-08-14T06:45:55.986186Z,sensor.bed_2_temperature_delta,2.5,0
2026-08-14T06:45:55.986289Z,sensor.bed_3_temperature_delta,3.2,0
2026-08-14T06:45:55.986422Z,sensor.bed_1_booster_target_speed,4,0
2026-08-14T06:45:55.986542Z,sensor.bed_2_booster_target_speed,6,0
2026-08-14T06:45:55.986651Z,sensor.bed_3_booster_target_speed,8,0
2026-08-14T06:45:55.987469Z,sensor.bed_1_booster_pi_target_speed,5,0
2026-08-14T06:45:55.987797Z,sensor.bed_2_booster_pi_target_speed,7,0
2026-08-14T06:45:55.988140Z,sensor.bed_3_booster_pi_target_speed,9,0
2026-08-14T06:45:55.988326Z,sensor.bed_1_booster_effective_percentage,50,0
2026-08-14T06:45:55.988768Z,sensor.bed_2_booster_effective_percentage,70,0
2026-08-14T06:45:55.989114Z,sensor.bed_3_booster_effective_percentage,90,0
2026-08-14T06:55:54.108667Z,climate.kitchen,cool,0
2026-08-14T06:55:54.110214Z,sensor.bed_1_booster_adaptive_boost,0,0
2026-08-14T06:55:54.111367Z,sensor.bed_2_booster_adaptive_boost,0,0
2026-08-14T06:55:54.112492Z,sensor.bed_3_booster_adaptive_boost,0,0
2026-08-14T06:55:54.123184Z,sensor.bed_1_booster_pi_target_speed,4,0
2026-08-14T06:55:54.123792Z,sensor.bed_2_booster_pi_target_speed,6,0
2026-08-14T06:55:54.124352Z,sensor.bed_3_booster_pi_target_speed,8,0
2026-08-14T06:55:54.125083Z,sensor.bed_1_booster_effective_percentage,40,0
2026-08-14T06:55:54.126028Z,sensor.bed_2_booster_effective_percentage,60,0
2026-08-14T06:55:54.126768Z,sensor.bed_3_booster_effective_percentage,80,0
2026-08-14T06:55:54.127679Z,sensor.kitchen_temperature,68.18,0
2026-08-14T06:55:54.130722Z,climate.kitchen,cool,0
2026-08-14T06:56:10.224732Z,sensor.bed_1_temp_temperature,66.38,0
2026-08-14T06:56:10.224936Z,sensor.bed_1_temperature_delta,1.3,0
2026-08-14T06:56:10.225073Z,sensor.bed_1_booster_target_speed,0,0
2026-08-14T06:56:10.225554Z,sensor.bed_1_booster_pi_target_speed,0,0
2026-08-14T06:56:10.225728Z,sensor.bed_1_booster_effective_percentage,0,0
2026-08-14T06:58:17.513453Z,sensor.bed_3_temp_temperature,67.82,0
2026-08-14T06:58:17.513830Z,sensor.bed_3_temperature_delta,2.7,0
2026-08-14T06:58:17.514385Z,sensor.bed_3_booster_target_speed,6,0
2026-08-14T06:58:17.515431Z,sensor.bed_3_booster_pi_target_speed,6,0
2026-08-14T06:58:17.515792Z,sensor.bed_3_booster_effective_percentage,60,0
2026-08-14T06:58:20.397003Z,sensor.bed_2_temp_temperature,66.74,0
2026-08-14T06:58:20.397190Z,sensor.bed_2_temperature_delta,1.6,0
2026-08-14T06:58:20.397341Z,sensor.bed_2_booster_target_speed,2,0
2026-08-14T06:58:20.397821Z,sensor.bed_2_booster_pi_target_speed,2,0
2026-08-14T06:58:20.398025Z,sensor.bed_2_booster_effective_percentage,20,0
2026-08-14T07:03:14.829455Z,climate.kitchen,cool,0
2026-08-14T07:03:16.158579Z,climate.kitchen,cool,0
2026-08-14T07:05:53.205525Z,climate.kitchen,cool,0
2026-08-14T07:08:28.228358Z,sensor.bed_3_temp_temperature,66.92,0
2026-08-14T07:08:28.228712Z,sensor.bed_3_temperature_delta,1.8,0
2026-08-14T07:08:28.230141Z,sensor.bed_3_booster_target_speed,2,0
2026-08-14T07:08:28.231237Z,sensor.bed_3_booster_pi_target_speed,2,0
2026-08-14T07:08:28.231616Z,sensor.bed_3_booster_effective_percentage,20,0
2026-08-14T07:11:09.211803Z,sensor.bed_1_temp_temperature,66.74,0
2026-08-14T07:11:09.212092Z,sensor.bed_1_temperature_delta,1.6,0
2026-08-14T07:11:09.212249Z,sensor.bed_1_booster_target_speed,2,0
2026-08-14T07:11:09.212885Z,sensor.bed_1_booster_pi_target_speed,2,0
2026-08-14T07:11:09.213084Z,sensor.bed_1_booster_effective_percentage,20,0
2026-08-14T07:12:05.923923Z,climate.kitchen,cool,0
2026-08-14T07:15:49.318178Z,sensor.kitchen_temp_temperature,65.66,0
2026-08-14T07:15:49.318671Z,sensor.bed_1_temperature_delta,1.1,0
2026-08-14T07:15:49.319026Z,sensor.bed_2_temperature_delta,1.1,0
2026-08-14T07:15:49.319319Z,sensor.bed_3_temperature_delta,1.3,0
2026-08-14T07:15:49.319673Z,sensor.bed_1_booster_target_speed,0,0
2026-08-14T07:15:49.320021Z,sensor.bed_2_booster_target_speed,0,0
2026-08-14T07:15:49.320342Z,sensor.bed_3_booster_target_speed,0,0
2026-08-14T07:15:49.321906Z,sensor.bed_1_booster_pi_target_speed,0,0
2026-08-14T07:15:49.322722Z,sensor.bed_2_booster_pi_target_speed,0,0
2026-08-14T07:15:49.323539Z,sensor.bed_3_booster_pi_target_speed,0,0
2026-08-14T07:15:49.324036Z,sensor.bed_1_booster_effective_percentage,0,0
2026-08-14T07:15:49.324876Z,sensor.bed_2_booster_effective_percentage,0,0
2026-08-14T07:15:49.325633Z,sensor.bed_3_booster_effective_percentage,0,0
2026-08-14T07:20:51.233217Z,climate.kitchen,cool,0
2026-08-14T07:20:52.912225Z,climate.kitchen,cool,0
2026-08-14T07:25:56.105541Z,climate.kitchen,cool,0
2026-08-14T07:26:07.982867Z,sensor.bed_1_temp_temperature,66.92,0
2026-08-14T07:26:07.983346Z,sensor.bed_1_temperature_delta,1.3,0
2026-08-14T07:28:13.679988Z,sensor.bed_2_temp_temperature,67.1,0
2026-08-14T07:28:13.680476Z,sensor.bed_2_temperature_delta,1.4,0
2026-08-14T07:30:45.578912Z,sensor.kitchen_temp_temperature,66.2,0
2026-08-14T07:30:45.579393Z,sensor.bed_1_temperature_delta,0.7,0
2026-08-14T07:30:45.579715Z,sensor.bed_2_temperature_delta,0.9,0
2026-08-14T07:30:45.580030Z,sensor.bed_3_temperature_delta,0.7,0
2026-08-14T07:30:59.632991Z,climate.kitchen,cool,0
2026-08-14T07:36:02.399922Z,climate.kitchen,cool,0
2026-08-14T07:41:06.939143Z,sensor.bed_1_temp_temperature,67.28,0
2026-08-14T07:41:06.939351Z,sensor.bed_1_temperature_delta,1.1,0
2026-08-14T07:43:09.967964Z,sensor.bed_2_temp_temperature,67.64,0
2026-08-14T07:43:09.968405Z,sensor.bed_2_temperature_delta,1.4,0
2026-08-14T07:45:43.023694Z,sensor.kitchen_temp_temperature,66.56,0
2026-08-14T07:45:43.024192Z,sensor.bed_1_temperature_delta,0.7,0
2026-08-14T07:45:43.024511Z,sensor.bed_2_temperature_delta,1.1,0
2026-08-14T07:45:43.024802Z,sensor.bed_3_temperature_delta,0.4,0
2026-08-14T07:53:30.422732Z,sensor.bed_3_temp_temperature,67.1,0
2026-08-14T07:53:30.422972Z,sensor.bed_3_temperature_delta,0.5,0
2026-08-14T07:56:07.404156Z,sensor.bed_1_temp_temperature,67.46,0
2026-08-14T07:56:07.404457Z,sensor.bed_1_temperature_delta,0.9,0
2026-08-14T07:58:06.760635Z,sensor.bed_2_temp_temperature,67.82,0
2026-08-14T07:58:06.761144Z,sensor.bed_2_temperature_delta,1.3,0
2026-08-14T08:00:39.630711Z,sensor.kitchen_temp_temperature,66.92,0
2026-08-14T08:00:39.631173Z,sensor.bed_1_temperature_delta,0.5,0
2026-08-14T08:00:39.631471Z,sensor.bed_2_temperature_delta,0.9,0
2026-08-14T08:00:39.631740Z,sensor.bed_3_temperature_delta,0.2,0
2026-08-14T08:00:53.180059Z,climate.kitchen,cool,0
2026-08-14T08:11:08.533010Z,sensor.bed_1_temp_temperature,67.64,0
2026-08-14T08:11:08.533360Z,sensor.bed_1_temperature_delta,0.7,0
2026-08-14T08:13:03.671473Z,sensor.bed_2_temp_temperature,68.0,0
2026-08-14T08:13:03.671951Z,sensor.bed_2_temperature_delta,1.1,0
2026-08-14T08:15:36.845923Z,sensor.kitchen_temp_temperature,67.1,0
2026-08-14T08:15:36.846108Z,sensor.bed_1_temperature_delta,0.5,0
2026-08-14T08:15:36.846215Z,sensor.bed_2_temperature_delta,0.9,0
2026-08-14T08:15:36.846314Z,sensor.bed_3_temperature_delta,0.0,0
2026-08-14T08:23:30.064966Z,sensor.bed_3_temp_temperature,67.28,0
2026-08-14T08:23:30.065363Z,sensor.bed_3_temperature_delta,0.2,0
2026-08-14T08:26:08.871457Z,sensor.bed_1_temp_temperature,67.82,0
2026-08-14T08:26:08.871795Z,sensor.bed_1_temperature_delta,0.7,0
2026-08-14T08:28:00.968357Z,sensor.bed_2_temp_temperature,68.18,0
2026-08-14T08:28:00.968857Z,sensor.bed_2_temperature_delta,1.1,0
2026-08-14T08:30:33.873624Z,sensor.kitchen_temp_temperature,67.28,0
2026-08-14T08:30:33.882758Z,sensor.bed_1_temperature_delta,0.5,0
2026-08-14T08:30:33.883103Z,sensor.bed_2_temperature_delta,0.9,0
2026-08-14T08:30:33.883337Z,sensor.bed_3_temperature_delta,0.0,0
2026-08-14T08:41:07.449669Z,sensor.bed_1_temp_temperature,68.0,0
2026-08-14T08:41:07.450062Z,sensor.bed_1_temperature_delta,0.7,0
2026-08-14T08:56:06.875128Z,sensor.bed_1_temp_temperature,68.18,0
2026-08-14T08:56:06.875340Z,sensor.bed_1_temperature_delta,0.9,0
2026-08-14T09:00:28.419483Z,sensor.kitchen_temp_temperature,67.46,0
2026-08-14T09:00:28.419913Z,sensor.bed_1_temperature_delta,0.7,0
2026-08-14T09:00:28.420187Z,sensor.bed_2_temperature_delta,0.7,0
2026-08-14T09:00:28.420432Z,sensor.bed_3_temperature_delta,-0.2,0
2026-08-14T09:05:04.545319Z,climate.kitchen,cool,0
2026-08-14T09:08:29.472575Z,sensor.bed_3_temp_temperature,67.46,0
2026-08-14T09:08:29.472803Z,sensor.bed_3_temperature_delta,0.0,0
2026-08-14T09:11:06.075728Z,sensor.bed_1_temp_temperature,68.36,0
2026-08-14T09:11:06.076126Z,sensor.bed_1_temperature_delta,0.9,0
2026-08-14T09:12:51.722104Z,sensor.bed_2_temp_temperature,68.36,0
2026-08-14T09:12:51.722638Z,sensor.bed_2_temperature_delta,0.9,0
2026-08-14T09:15:25.476039Z,sensor.kitchen_temp_temperature,67.64,0
2026-08-14T09:15:25.476483Z,sensor.bed_1_temperature_delta,0.7,0
2026-08-14T09:15:25.476764Z,sensor.bed_2_temperature_delta,0.7,0
2026-08-14T09:15:25.477038Z,sensor.bed_3_temperature_delta,-0.2,0
2026-08-14T09:23:29.058051Z,sensor.bed_3_temp_temperature,67.64,0
2026-08-14T09:23:29.058337Z,sensor.bed_3_temperature_delta,0.0,0
2026-08-14T09:41:05.267018Z,sensor.bed_1_temp_temperature,68.54,0
2026-08-14T09:41:05.267365Z,sensor.bed_1_temperature_delta,0.9,0
2026-08-14T09:45:20.095513Z,sensor.kitchen_temp_temperature,67.82,0
2026-08-14T09:45:20.096017Z,sensor.bed_1_temperature_delta,0.7,0
2026-08-14T09:45:20.096388Z,sensor.bed_2_temperature_delta,0.5,0
2026-08-14T09:45:20.096706Z,sensor.bed_3_temperature_delta,-0.2,0
2026-08-14T09:56:12.549644Z,climate.kitchen,cool,0
2026-08-14T09:56:12.564556Z,sensor.kitchen_temperature,68.54,0
2026-08-14T09:57:42.670133Z,sensor.bed_2_temp_temperature,68.54,0
2026-08-14T09:57:42.670485Z,sensor.bed_2_temperature_delta,0.7,0
2026-08-14T10:11:04.033254Z,sensor.bed_1_temp_temperature,68.72,0
2026-08-14T10:11:04.033610Z,sensor.bed_1_temperature_delta,0.9,0
2026-08-14T10:23:28.598200Z,sensor.bed_3_temp_temperature,67.82,0
2026-08-14T10:23:28.598636Z,sensor.bed_3_temperature_delta,0.0,0
2026-08-14T10:30:11.670055Z,sensor.kitchen_temp_temperature,68.0,0
2026-08-14T10:30:11.670464Z,sensor.bed_1_temperature_delta,0.7,0
2026-08-14T10:30:11.670735Z,sensor.bed_2_temperature_delta,0.5,0
2026-08-14T10:30:11.671006Z,sensor.bed_3_temperature_delta,-0.2,0
2026-08-14T10:56:03.168769Z,sensor.bed_1_temp_temperature,68.9,0
2026-08-14T10:56:03.169279Z,sensor.bed_1_temperature_delta,0.9,0
2026-08-14T11:00:09.914424Z,sensor.kitchen_temp_temperature,68.18,0
2026-08-14T11:00:09.914936Z,sensor.bed_1_temperature_delta,0.7,0
2026-08-14T11:00:09.915243Z,sensor.bed_2_temperature_delta,0.4,0
2026-08-14T11:00:09.915521Z,sensor.bed_3_temperature_delta,-0.4,0
2026-08-14T11:38:33.463210Z,sensor.bed_3_temp_temperature,68.0,0
2026-08-14T11:38:33.463655Z,sensor.bed_3_temperature_delta,-0.2,0
2026-08-14T11:56:04.889009Z,sensor.bed_1_temp_temperature,69.08,0
2026-08-14T11:56:04.889478Z,sensor.bed_1_temperature_delta,0.9,0
2026-08-14T11:59:59.354919Z,sensor.kitchen_temp_temperature,68.36,0
2026-08-14T11:59:59.355433Z,sensor.bed_1_temperature_delta,0.7,0
2026-08-14T11:59:59.355767Z,sensor.bed_2_temperature_delta,0.2,0
2026-08-14T11:59:59.356087Z,sensor.bed_3_temperature_delta,-0.4,0
2026-08-14T12:00:53.797720Z,climate.kitchen,cool,0
2026-08-14T12:42:14.339730Z,sensor.bed_2_temp_temperature,68.72,0
2026-08-14T12:42:14.340102Z,sensor.bed_2_temperature_delta,0.4,0
2026-08-14T12:53:32.776626Z,sensor.bed_3_temp_temperature,68.18,0
2026-08-14T12:53:32.776836Z,sensor.bed_3_temperature_delta,-0.2,0
2026-08-14T12:56:03.129386Z,sensor.bed_1_temp_temperature,69.26,0
2026-08-14T12:56:03.129819Z,sensor.bed_1_temperature_delta,0.9,0
2026-08-14T12:59:49.042426Z,sensor.kitchen_temp_temperature,68.54,0
2026-08-14T12:59:49.042926Z,sensor.bed_1_temperature_delta,0.7,0
2026-08-14T12:59:49.043234Z,sensor.bed_2_temperature_delta,0.2,0
2026-08-14T12:59:49.043495Z,sensor.bed_3_temperature_delta,-0.4,0
2026-08-14T13:12:08.401551Z,sensor.bed_2_temp_temperature,68.9,0
2026-08-14T13:12:08.401969Z,sensor.bed_2_temperature_delta,0.4,0
2026-08-14T13:26:02.488427Z,sensor.bed_1_temp_temperature,69.44,0
2026-08-14T13:26:02.488776Z,sensor.bed_1_temperature_delta,0.9,0
2026-08-14T13:38:23.840652Z,climate.kitchen,cool,0
2026-08-14T13:38:23.845171Z,sensor.kitchen_temperature,69.44,0
2026-08-14T13:38:35.861331Z,sensor.bed_3_temp_temperature,68.36,0
2026-08-14T13:38:35.861582Z,sensor.bed_3_temperature_delta,-0.2,0
2026-08-14T13:40:18.192159Z,climate.kitchen,cool,0
2026-08-14T13:43:24.561174Z,climate.kitchen,cool,0
2026-08-14T13:43:24.566973Z,sensor.kitchen_temperature,69.62,0
2026-08-14T13:44:44.152794Z,sensor.kitchen_temp_temperature,68.72,0
2026-08-14T13:44:44.153297Z,sensor.bed_1_temperature_delta,0.7,0
2026-08-14T13:44:44.153624Z,sensor.bed_2_temperature_delta,0.2,0
2026-08-14T13:44:44.153942Z,sensor.bed_3_temperature_delta,-0.4,0
2026-08-14T13:48:23.239455Z,climate.kitchen,cool,0
2026-08-14T13:53:35.916313Z,sensor.bed_3_temp_temperature,68.54,0
2026-08-14T13:53:35.916757Z,sensor.bed_3_temperature_delta,-0.2,0
2026-08-14T13:56:01.666459Z,sensor.bed_1_temp_temperature,69.62,0
2026-08-14T13:56:01.666907Z,sensor.bed_1_temperature_delta,0.9,0
2026-08-14T13:59:41.350164Z,sensor.kitchen_temp_temperature,69.08,0
2026-08-14T13:59:41.350579Z,sensor.bed_1_temperature_delta,0.5,0
2026-08-14T13:59:41.350865Z,sensor.bed_2_temperature_delta,-0.2,0
2026-08-14T13:59:41.351115Z,sensor.bed_3_temperature_delta,-0.5,0
2026-08-14T14:00:48.765951Z,climate.kitchen,cool,0
2026-08-14T14:00:48.774405Z,sensor.kitchen_temperature,70.52,0
2026-08-14T14:08:38.382952Z,sensor.bed_3_temp_temperature,68.9,0
2026-08-14T14:08:38.383429Z,sensor.bed_3_temperature_delta,-0.2,0
2026-08-14T14:11:05.454031Z,sensor.bed_1_temp_temperature,69.8,0
2026-08-14T14:11:05.454479Z,sensor.bed_1_temperature_delta,0.7,0
2026-08-14T14:12:00.238884Z,sensor.bed_2_temp_temperature,69.08,0
2026-08-14T14:12:00.239358Z,sensor.bed_2_temperature_delta,0.0,0
2026-08-14T14:23:38.605544Z,sensor.bed_3_temp_temperature,69.08,0
2026-08-14T14:23:38.605763Z,sensor.bed_3_temperature_delta,0.0,0
2026-08-14T14:23:45.519729Z,climate.kitchen,cool,0
2026-08-14T14:26:58.801157Z,sensor.bed_2_temp_temperature,69.26,0
2026-08-14T14:26:58.801669Z,sensor.bed_2_temperature_delta,0.2,0
2026-08-14T14:29:39.292399Z,sensor.kitchen_temp_temperature,69.44,0
2026-08-14T14:29:39.292749Z,sensor.bed_1_temperature_delta,0.4,0
2026-08-14T14:29:39.292990Z,sensor.bed_2_temperature_delta,-0.2,0
2026-08-14T14:29:39.293197Z,sensor.bed_3_temperature_delta,-0.4,0
2026-08-14T14:38:38.195488Z,sensor.bed_3_temp_temperature,69.62,0
2026-08-14T14:38:38.196002Z,sensor.bed_3_temperature_delta,0.2,0
2026-08-14T14:41:07.554344Z,sensor.bed_1_temp_temperature,70.34,0
2026-08-14T14:41:07.554729Z,sensor.bed_1_temperature_delta,0.9,0
2026-08-14T14:41:55.962323Z,sensor.bed_2_temp_temperature,69.44,0
2026-08-14T14:41:55.962691Z,sensor.bed_2_temperature_delta,0.0,0
2026-08-14T14:44:36.467595Z,sensor.kitchen_temp_temperature,69.62,0
2026-08-14T14:44:36.467948Z,sensor.bed_1_temperature_delta,0.7,0
2026-08-14T14:44:36.468170Z,sensor.bed_2_temperature_delta,-0.2,0
2026-08-14T14:44:36.468366Z,sensor.bed_3_temperature_delta,0.0,0
2026-08-14T14:53:39.478965Z,sensor.bed_3_temp_temperature,69.98,0
2026-08-14T14:53:39.479451Z,sensor.bed_3_temperature_delta,0.4,0
2026-08-14T14:56:09.313017Z,sensor.bed_1_temp_temperature,70.7,0
2026-08-14T14:56:09.313469Z,sensor.bed_1_temperature_delta,1.1,0
2026-08-14T14:56:53.071763Z,sensor.bed_2_temp_temperature,69.8,0
2026-08-14T14:56:53.072280Z,sensor.bed_2_temperature_delta,0.2,0
2026-08-14T14:59:34.465943Z,sensor.kitchen_temp_temperature,69.8,0
2026-08-14T14:59:34.466208Z,sensor.bed_1_temperature_delta,0.9,0
2026-08-14T14:59:34.466344Z,sensor.bed_2_temperature_delta,0.0,0
2026-08-14T14:59:34.466734Z,sensor.bed_3_temperature_delta,0.2,0
2026-08-14T15:05:03.998246Z,climate.kitchen,cool,0
2026-08-14T15:08:39.953828Z,sensor.bed_3_temp_temperature,70.34,0
2026-08-14T15:08:39.954230Z,sensor.bed_3_temperature_delta,0.5,0
2026-08-14T15:11:09.646449Z,sensor.bed_1_temp_temperature,71.24,0
2026-08-14T15:11:09.646964Z,sensor.bed_1_temperature_delta,1.4,0
2026-08-14T15:14:32.595046Z,sensor.kitchen_temp_temperature,69.98,0
2026-08-14T15:14:32.595548Z,sensor.bed_1_temperature_delta,1.3,0
2026-08-14T15:14:32.595896Z,sensor.bed_2_temperature_delta,-0.2,0
2026-08-14T15:14:32.596199Z,sensor.bed_3_temperature_delta,0.4,0
2026-08-14T15:23:40.049406Z,sensor.bed_3_temp_temperature,70.7,0
2026-08-14T15:23:40.049911Z,sensor.bed_3_temperature_delta,0.7,0
2026-08-14T15:26:09.928958Z,sensor.bed_1_temp_temperature,71.96,0
2026-08-14T15:26:09.929446Z,sensor.bed_1_temperature_delta,2.0,0
2026-08-14T15:26:09.929836Z,sensor.bed_1_booster_target_speed,2,0
2026-08-14T15:26:09.931453Z,sensor.bed_1_booster_pi_target_speed,2,0
2026-08-14T15:26:09.932033Z,sensor.bed_1_booster_effective_percentage,20,0
2026-08-14T15:26:47.895918Z,sensor.bed_2_temp_temperature,70.7,0
2026-08-14T15:26:47.896403Z,sensor.bed_2_temperature_delta,0.7,0
2026-08-14T15:29:30.640793Z,sensor.kitchen_temp_temperature,70.16,0
2026-08-14T15:29:30.641177Z,sensor.bed_1_temperature_delta,1.8,0
2026-08-14T15:29:30.641419Z,sensor.bed_2_temperature_delta,0.5,0
2026-08-14T15:29:30.641623Z,sensor.bed_3_temperature_delta,0.5,0
2026-08-14T15:31:27.675063Z,climate.kitchen,cool,0
2026-08-14T15:38:40.887259Z,sensor.bed_3_temp_temperature,71.06,0
2026-08-14T15:38:40.887695Z,sensor.bed_3_temperature_delta,0.9,0
2026-08-14T15:41:10.535545Z,sensor.bed_1_temp_temperature,72.68,0
2026-08-14T15:41:10.536053Z,sensor.bed_1_temperature_delta,2.5,0
2026-08-14T15:41:10.536450Z,sensor.bed_1_booster_target_speed,6,0
2026-08-14T15:41:10.537833Z,sensor.bed_1_booster_pi_target_speed,6,0
2026-08-14T15:41:10.538373Z,sensor.bed_1_booster_effective_percentage,60,0
2026-08-14T15:41:45.721393Z,sensor.bed_2_temp_temperature,71.24,0
2026-08-14T15:41:45.721889Z,sensor.bed_2_temperature_delta,1.1,0
2026-08-14T15:44:28.811078Z,sensor.kitchen_temp_temperature,70.34,0
2026-08-14T15:44:28.811427Z,sensor.bed_1_temperature_delta,2.3,0
2026-08-14T15:44:28.811652Z,sensor.bed_2_temperature_delta,0.9,0
2026-08-14T15:44:28.811865Z,sensor.bed_3_temperature_delta,0.7,0
2026-08-14T15:53:41.678114Z,sensor.bed_3_temp_temperature,71.42,0
2026-08-14T15:53:41.678321Z,sensor.bed_3_temperature_delta,1.1,0
2026-08-14T15:55:00.343952Z,sensor.bed_1_booster_adaptive_boost,1,0
2026-08-14T15:55:00.344339Z,sensor.bed_1_booster_pi_target_speed,7,0
2026-08-14T15:55:00.344796Z,sensor.bed_1_booster_effective_percentage,70,0
2026-08-14T15:56:11.108474Z,sensor.bed_1_temp_temperature,73.22,0
2026-08-14T15:56:11.108731Z,sensor.bed_1_temperature_delta,2.9,0
2026-08-14T15:56:43.543634Z,sensor.bed_2_temp_temperature,71.78,0
2026-08-14T15:56:43.544107Z,sensor.bed_2_temperature_delta,1.4,0
2026-08-14T15:59:26.714526Z,sensor.kitchen_temp_temperature,70.7,0
2026-08-14T15:59:26.714992Z,sensor.bed_1_temperature_delta,2.5,0
2026-08-14T15:59:26.715294Z,sensor.bed_2_temperature_delta,1.1,0
2026-08-14T15:59:26.715571Z,sensor.bed_3_temperature_delta,0.7,0
2026-08-14T16:08:43.058877Z,sensor.bed_3_temp_temperature,71.78,0
2026-08-14T16:08:43.059161Z,sensor.bed_3_temperature_delta,1.1,0
2026-08-14T16:11:11.824658Z,sensor.bed_1_temp_temperature,73.58,0
2026-08-14T16:11:11.825448Z,sensor.bed_1_temperature_delta,2.9,0
2026-08-14T16:11:41.528169Z,sensor.bed_2_temp_temperature,72.32,0
2026-08-14T16:11:41.528554Z,sensor.bed_2_temperature_delta,1.6,0
2026-08-14T16:11:41.528872Z,sensor.bed_2_booster_target_speed,2,0
2026-08-14T16:11:41.530207Z,sensor.bed_2_booster_pi_target_speed,2,0
2026-08-14T16:11:41.530723Z,sensor.bed_2_booster_effective_percentage,20,0
2026-08-14T16:14:24.705686Z,sensor.kitchen_temp_temperature,70.88,0
2026-08-14T16:14:24.706041Z,sensor.bed_1_temperature_delta,2.7,0
2026-08-14T16:14:24.706261Z,sensor.bed_2_temperature_delta,1.4,0
2026-08-14T16:14:24.706466Z,sensor.bed_3_temperature_delta,0.9,0
2026-08-14T16:16:49.711408Z,climate.kitchen,cool,0
2026-08-14T16:16:49.713098Z,sensor.bed_1_booster_adaptive_boost,0,0
2026-08-14T16:16:49.719281Z,sensor.bed_1_booster_pi_target_speed,6,0
2026-08-14T16:16:49.719733Z,sensor.bed_1_booster_effective_percentage,60,0
2026-08-14T16:23:44.981979Z,sensor.bed_3_temp_temperature,72.14,0
2026-08-14T16:23:44.982428Z,sensor.bed_3_temperature_delta,1.3,0
2026-08-14T16:26:12.986770Z,sensor.bed_1_temp_temperature,73.94,0
2026-08-14T16:26:12.987280Z,sensor.bed_1_temperature_delta,3.1,0
2026-08-14T16:26:12.987673Z,sensor.bed_1_booster_target_speed,8,0
2026-08-14T16:26:12.989024Z,sensor.bed_1_booster_pi_target_speed,8,0
2026-08-14T16:26:12.989537Z,sensor.bed_1_booster_effective_percentage,80,0
2026-08-14T16:26:40.384627Z,sensor.bed_2_temp_temperature,72.86,0
2026-08-14T16:26:40.385052Z,sensor.bed_2_temperature_delta,2.0,0
2026-08-14T16:28:25.222201Z,climate.kitchen,cool,0
2026-08-14T16:28:25.308591Z,climate.kitchen,cool,0
2026-08-14T16:28:25.321610Z,sensor.kitchen_temperature,71.42,0
2026-08-14T16:28:25.327303Z,climate.kitchen,cool,0
2026-08-14T16:29:23.302249Z,sensor.kitchen_temp_temperature,71.06,0
2026-08-14T16:29:23.302479Z,sensor.bed_1_temperature_delta,2.9,0
2026-08-14T16:29:23.302597Z,sensor.bed_2_temperature_delta,1.8,0
2026-08-14T16:29:23.302702Z,sensor.bed_3_temperature_delta,1.1,0
2026-08-14T16:34:37.389596Z,climate.kitchen,cool,0
2026-08-14T16:34:37.752140Z,climate.kitchen,cool,0
2026-08-14T16:38:49.484017Z,sensor.bed_3_temp_temperature,72.32,0
2026-08-14T16:38:49.484506Z,sensor.bed_3_temperature_delta,1.3,0
2026-08-14T16:41:13.892175Z,sensor.bed_1_temp_temperature,74.12,0
2026-08-14T16:41:13.892563Z,sensor.bed_1_temperature_delta,3.1,0
2026-08-14T16:41:38.286707Z,sensor.bed_2_temp_temperature,73.4,0
2026-08-14T16:41:38.287088Z,sensor.bed_2_temperature_delta,2.3,0
2026-08-14T16:41:38.287376Z,sensor.bed_2_booster_target_speed,4,0
2026-08-14T16:41:38.323396Z,sensor.bed_2_booster_pi_target_speed,4,0
2026-08-14T16:41:38.323963Z,sensor.bed_2_booster_effective_percentage,40,0
2026-08-14T16:41:46.284950Z,climate.kitchen,cool,0
2026-08-14T16:44:23.873708Z,sensor.kitchen_temp_temperature,71.42,0
2026-08-14T16:44:23.874170Z,sensor.bed_1_temperature_delta,2.7,0
2026-08-14T16:44:23.874465Z,sensor.bed_2_temperature_delta,2.0,0
2026-08-14T16:44:23.874735Z,sensor.bed_3_temperature_delta,0.9,0
2026-08-14T16:44:23.875081Z,sensor.bed_1_booster_target_speed,6,0
2026-08-14T16:44:23.876895Z,sensor.bed_1_booster_pi_target_speed,6,0
2026-08-14T16:44:23.877360Z,sensor.bed_1_booster_effective_percentage,60,0
2026-08-14T16:48:22.897070Z,climate.kitchen,cool,0
2026-08-14T16:48:22.906752Z,sensor.kitchen_temperature,71.6,0
2026-08-14T16:53:29.279668Z,climate.kitchen,cool,0
2026-08-14T16:53:51.276150Z,sensor.bed_3_temp_temperature,72.68,0
2026-08-14T16:53:51.276644Z,sensor.bed_3_temperature_delta,1.3,0
2026-08-14T16:56:17.154001Z,sensor.bed_1_temp_temperature,74.48,0
2026-08-14T16:56:17.154428Z,sensor.bed_1_temperature_delta,3.1,0
2026-08-14T16:56:17.154769Z,sensor.bed_1_booster_target_speed,8,0
2026-08-14T16:56:17.155990Z,sensor.bed_1_booster_pi_target_speed,8,0
2026-08-14T16:56:17.156422Z,sensor.bed_1_booster_effective_percentage,80,0
2026-08-14T16:56:27.127755Z,climate.kitchen,cool,0
2026-08-14T16:56:37.972742Z,sensor.bed_2_temp_temperature,73.94,0
2026-08-14T16:56:37.973032Z,sensor.bed_2_temperature_delta,2.5,0
2026-08-14T16:56:37.973228Z,sensor.bed_2_booster_target_speed,6,0
2026-08-14T16:56:37.980418Z,sensor.bed_2_booster_pi_target_speed,6,0
2026-08-14T16:56:37.980825Z,sensor.bed_2_booster_effective_percentage,60,0
2026-08-14T16:59:22.084126Z,sensor.kitchen_temp_temperature,71.78,0
2026-08-14T16:59:22.084399Z,sensor.bed_1_temperature_delta,2.7,0
2026-08-14T16:59:22.084555Z,sensor.bed_2_temperature_delta,2.2,0
2026-08-14T16:59:22.084710Z,sensor.bed_3_temperature_delta,0.9,0
2026-08-14T16:59:22.084895Z,sensor.bed_1_booster_target_speed,6,0
2026-08-14T16:59:22.085055Z,sensor.bed_2_booster_target_speed,4,0
2026-08-14T16:59:22.085956Z,sensor.bed_1_booster_pi_target_speed,6,0
2026-08-14T16:59:22.086352Z,sensor.bed_2_booster_pi_target_speed,4,0
2026-08-14T16:59:22.086596Z,sensor.bed_1_booster_effective_percentage,60,0
2026-08-14T16:59:22.088032Z,sensor.bed_2_booster_effective_percentage,40,0
2026-08-14T17:05:07.066586Z,climate.kitchen,cool,0
2026-08-14T17:08:53.020551Z,sensor.bed_3_temp_temperature,73.04,0
2026-08-14T17:08:53.020982Z,sensor.bed_3_temperature_delta,1.3,0
2026-08-14T17:11:19.026919Z,sensor.bed_1_temp_temperature,74.84,0
2026-08-14T17:11:19.027265Z,sensor.bed_1_temperature_delta,3.1,0
2026-08-14T17:11:19.027530Z,sensor.bed_1_booster_target_speed,8,0
2026-08-14T17:11:19.028471Z,sensor.bed_1_booster_pi_target_speed,8,0
2026-08-14T17:11:19.028807Z,sensor.bed_1_booster_effective_percentage,80,0
2026-08-14T17:11:40.749454Z,sensor.bed_2_temp_temperature,74.3,0
2026-08-14T17:11:40.749940Z,sensor.bed_2_temperature_delta,2.5,0
2026-08-14T17:11:40.750299Z,sensor.bed_2_booster_target_speed,6,0
2026-08-14T17:11:40.751658Z,sensor.bed_2_booster_pi_target_speed,6,0
2026-08-14T17:11:40.752140Z,sensor.bed_2_booster_effective_percentage,60,0
2026-08-14T17:12:04.116656Z,climate.kitchen,cool,0
2026-08-14T17:14:21.639058Z,sensor.kitchen_temp_temperature,72.14,0
2026-08-14T17:14:21.639458Z,sensor.bed_1_temperature_delta,2.7,0
2026-08-14T17:14:21.639713Z,sensor.bed_2_temperature_delta,2.2,0
2026-08-14T17:14:21.642030Z,sensor.bed_3_temperature_delta,0.9,0
2026-08-14T17:14:21.642355Z,sensor.bed_1_booster_target_speed,6,0
2026-08-14T17:14:21.642633Z,sensor.bed_2_booster_target_speed,4,0
2026-08-14T17:14:21.644083Z,sensor.bed_1_booster_pi_target_speed,6,0
2026-08-14T17:14:21.644772Z,sensor.bed_2_booster_pi_target_speed,4,0
2026-08-14T17:14:21.645195Z,sensor.bed_1_booster_effective_percentage,60,0
2026-08-14T17:14:21.647585Z,sensor.bed_2_booster_effective_percentage,40,0
2026-08-14T17:19:28.101836Z,climate.kitchen,cool,0
2026-08-14T17:23:55.275292Z,sensor.bed_3_temp_temperature,73.4,0
2026-08-14T17:23:55.275775Z,sensor.bed_3_temperature_delta,1.3,0
2026-08-14T17:24:26.011479Z,sensor.kitchen_temperature,72.5,0
2026-08-14T17:26:20.947748Z,sensor.bed_1_temp_temperature,75.38,0
2026-08-14T17:26:20.948097Z,sensor.bed_1_temperature_delta,3.2,0
2026-08-14T17:26:20.948363Z,sensor.bed_1_booster_target_speed,8,0
2026-08-14T17:26:20.949335Z,sensor.bed_1_booster_pi_target_speed,8,0
2026-08-14T17:26:20.949715Z,sensor.bed_1_booster_effective_percentage,80,0
2026-08-14T17:26:39.503207Z,sensor.bed_2_temp_temperature,74.84,0
2026-08-14T17:26:39.503428Z,sensor.bed_2_temperature_delta,2.7,0
2026-08-14T17:26:39.503577Z,sensor.bed_2_booster_target_speed,6,0
2026-08-14T17:26:39.504136Z,sensor.bed_2_booster_pi_target_speed,6,0
2026-08-14T17:26:39.504315Z,sensor.bed_2_booster_effective_percentage,60,0
2026-08-14T17:27:03.408651Z,climate.kitchen,cool,0
2026-08-14T17:29:22.111073Z,sensor.kitchen_temp_temperature,72.68,0
2026-08-14T17:29:22.111327Z,sensor.bed_1_temperature_delta,2.7,0
2026-08-14T17:29:22.111479Z,sensor.bed_2_temperature_delta,2.2,0
2026-08-14T17:29:22.111614Z,sensor.bed_3_temperature_delta,0.7,0
2026-08-14T17:29:22.111782Z,sensor.bed_1_booster_target_speed,6,0
2026-08-14T17:29:22.111947Z,sensor.bed_2_booster_target_speed,4,0
2026-08-14T17:29:22.112830Z,sensor.bed_1_booster_pi_target_speed,6,0
2026-08-14T17:29:22.113225Z,sensor.bed_2_booster_pi_target_speed,4,0
2026-08-14T17:29:22.113451Z,sensor.bed_1_booster_effective_percentage,60,0
2026-08-14T17:29:22.114922Z,sensor.bed_2_booster_effective_percentage,40,0
2026-08-14T17:32:40.104875Z,climate.kitchen,cool,0
2026-08-14T17:32:40.114727Z,sensor.kitchen_temperature,73.58,0
2026-08-14T17:37:46.511060Z,climate.kitchen,cool,0
2026-08-14T17:38:56.836007Z,sensor.bed_3_temp_temperature,73.76,0
2026-08-14T17:38:56.836450Z,sensor.bed_3_temperature_delta,1.1,0
2026-08-14T17:41:23.026992Z,sensor.bed_1_temp_temperature,75.56,0
2026-08-14T17:41:23.027442Z,sensor.bed_1_temperature_delta,2.9,0
2026-08-14T17:41:42.024108Z,sensor.bed_2_temp_temperature,75.38,0
2026-08-14T17:41:42.024601Z,sensor.bed_2_temperature_delta,2.7,0
2026-08-14T17:41:42.025013Z,sensor.bed_2_booster_target_speed,6,0
2026-08-14T17:41:42.026369Z,sensor.bed_2_booster_pi_target_speed,6,0
2026-08-14T17:41:42.026891Z,sensor.bed_2_booster_effective_percentage,60,0
2026-08-14T17:44:20.207441Z,sensor.kitchen_temp_temperature,73.04,0
2026-08-14T17:44:20.207910Z,sensor.bed_1_temperature_delta,2.5,0
2026-08-14T17:44:20.208210Z,sensor.bed_2_temperature_delta,2.3,0
2026-08-14T17:44:20.208481Z,sensor.bed_3_temperature_delta,0.7,0
2026-08-14T17:53:23.397261Z,climate.kitchen,cool,0
2026-08-14T17:53:23.405114Z,sensor.kitchen_temperature,74.48,0
2026-08-14T17:53:59.608882Z,sensor.bed_3_temp_temperature,74.12,0
2026-08-14T17:53:59.609323Z,sensor.bed_3_temperature_delta,1.1,0
2026-08-14T17:56:25.021138Z,sensor.bed_1_temp_temperature,76.28,0
2026-08-14T17:56:25.021329Z,sensor.bed_1_temperature_delta,3.2,0
2026-08-14T17:56:25.021467Z,sensor.bed_1_booster_target_speed,8,0
2026-08-14T17:56:25.022012Z,sensor.bed_1_booster_pi_target_speed,8,0
2026-08-14T17:56:25.022178Z,sensor.bed_1_booster_effective_percentage,80,0
2026-08-14T17:56:48.614683Z,climate.kitchen,cool,0
2026-08-14T17:59:19.376122Z,sensor.kitchen_temp_temperature,73.22,0
2026-08-14T17:59:19.376611Z,sensor.bed_1_temperature_delta,3.1,0
2026-08-14T17:59:19.376956Z,sensor.bed_2_temperature_delta,2.2,0
2026-08-14T17:59:19.377257Z,sensor.bed_3_temperature_delta,0.9,0
2026-08-14T17:59:19.377819Z,sensor.bed_2_booster_target_speed,4,0
2026-08-14T17:59:19.379453Z,sensor.bed_2_booster_pi_target_speed,4,0
2026-08-14T17:59:19.379929Z,sensor.bed_2_booster_effective_percentage,40,0
2026-08-14T18:04:07.363028Z,climate.kitchen,cool,0
2026-08-14T18:09:01.382814Z,sensor.bed_3_temp_temperature,74.48,0
2026-08-14T18:09:01.383264Z,sensor.bed_3_temperature_delta,1.3,0
2026-08-14T18:11:26.732562Z,sensor.bed_1_temp_temperature,76.46,0
2026-08-14T18:11:26.732774Z,sensor.bed_1_temperature_delta,3.2,0
2026-08-14T18:11:40.509676Z,sensor.bed_2_temp_temperature,76.28,0
2026-08-14T18:11:40.510144Z,sensor.bed_2_temperature_delta,3.1,0
2026-08-14T18:11:40.510502Z,sensor.bed_2_booster_target_speed,8,0
2026-08-14T18:11:40.511955Z,sensor.bed_2_booster_pi_target_speed,8,0
2026-08-14T18:11:40.512512Z,sensor.bed_2_booster_effective_percentage,80,0
2026-08-14T18:14:18.453744Z,sensor.kitchen_temp_temperature,73.76,0
2026-08-14T18:14:18.454118Z,sensor.bed_1_temperature_delta,2.7,0
2026-08-14T18:14:18.454350Z,sensor.bed_2_temperature_delta,2.5,0
2026-08-14T18:14:18.454550Z,sensor.bed_3_temperature_delta,0.7,0
2026-08-14T18:14:18.454793Z,sensor.bed_1_booster_target_speed,6,0
2026-08-14T18:14:18.455037Z,sensor.bed_2_booster_target_speed,6,0
2026-08-14T18:14:18.456587Z,sensor.bed_1_booster_pi_target_speed,6,0
2026-08-14T18:14:18.457263Z,sensor.bed_2_booster_pi_target_speed,6,0
2026-08-14T18:14:18.457683Z,sensor.bed_1_booster_effective_percentage,60,0
2026-08-14T18:14:18.460131Z,sensor.bed_2_booster_effective_percentage,60,0
2026-08-14T18:18:23.535261Z,climate.kitchen,cool,0
2026-08-14T18:18:23.550926Z,sensor.kitchen_temperature,75.56,0
2026-08-14T18:23:29.901774Z,climate.kitchen,cool,0
2026-08-14T18:23:32.084601Z,climate.kitchen,cool,0
2026-08-14T18:24:04.102638Z,sensor.bed_3_temp_temperature,75.02,0
2026-08-14T18:24:04.103157Z,sensor.bed_3_temperature_delta,1.3,0
2026-08-14T18:26:28.339030Z,sensor.bed_1_temp_temperature,76.64,0
2026-08-14T18:26:28.339546Z,sensor.bed_1_temperature_delta,2.9,0
2026-08-14T18:26:39.456144Z,sensor.bed_2_temp_temperature,76.82,0
2026-08-14T18:26:39.456498Z,sensor.bed_2_temperature_delta,3.1,0
2026-08-14T18:26:39.456783Z,sensor.bed_2_booster_target_speed,8,0
2026-08-14T18:26:39.458004Z,sensor.bed_2_booster_pi_target_speed,8,0
2026-08-14T18:26:39.458510Z,sensor.bed_2_booster_effective_percentage,80,0
2026-08-14T18:27:39.382387Z,climate.kitchen,cool,0
2026-08-14T18:28:36.517407Z,sensor.kitchen_temp_temperature,74.66,0
2026-08-14T18:28:36.517910Z,sensor.bed_1_temperature_delta,2.0,0
2026-08-14T18:28:36.518243Z,sensor.bed_2_temperature_delta,2.2,0
2026-08-14T18:28:36.518539Z,sensor.bed_3_temperature_delta,0.4,0
2026-08-14T18:28:36.518915Z,sensor.bed_1_booster_target_speed,4,0
2026-08-14T18:28:36.519244Z,sensor.bed_2_booster_target_speed,4,0
2026-08-14T18:28:36.521444Z,sensor.bed_1_booster_pi_target_speed,4,0
2026-08-14T18:28:36.522410Z,sensor.bed_2_booster_pi_target_speed,4,0
2026-08-14T18:28:36.523019Z,sensor.bed_1_booster_effective_percentage,40,0
2026-08-14T18:28:36.529634Z,sensor.bed_2_booster_effective_percentage,40,0
2026-08-14T18:30:20.951359Z,climate.kitchen,cool,0
2026-08-14T18:30:20.961303Z,sensor.kitchen_temperature,76.46,0
2026-08-14T18:35:39.596731Z,climate.kitchen,cool,0
2026-08-14T18:39:06.075569Z,sensor.bed_3_temp_temperature,75.74,0
2026-08-14T18:39:06.076055Z,sensor.bed_3_temperature_delta,1.1,0
2026-08-14T18:41:30.172290Z,sensor.bed_1_temp_temperature,77.18,0
2026-08-14T18:41:30.172776Z,sensor.bed_1_temperature_delta,2.5,0
2026-08-14T18:41:30.173184Z,sensor.bed_1_booster_target_speed,6,0
2026-08-14T18:41:30.174521Z,sensor.bed_1_booster_pi_target_speed,6,0
2026-08-14T18:41:30.175035Z,sensor.bed_1_booster_effective_percentage,60,0
2026-08-14T18:41:39.264234Z,sensor.bed_2_temp_temperature,77.36,0
2026-08-14T18:41:39.264760Z,sensor.bed_2_temperature_delta,2.7,0
2026-08-14T18:41:39.265191Z,sensor.bed_2_booster_target_speed,6,0
2026-08-14T18:41:39.266525Z,sensor.bed_2_booster_pi_target_speed,6,0
2026-08-14T18:41:39.267044Z,sensor.bed_2_booster_effective_percentage,60,0
2026-08-14T18:43:36.778444Z,sensor.kitchen_temp_temperature,75.2,0
2026-08-14T18:43:36.778639Z,sensor.bed_1_temperature_delta,2.0,0
2026-08-14T18:43:36.778756Z,sensor.bed_2_temperature_delta,2.2,0
2026-08-14T18:43:36.778869Z,sensor.bed_3_temperature_delta,0.5,0
2026-08-14T18:43:36.778999Z,sensor.bed_1_booster_target_speed,4,0
2026-08-14T18:43:36.779115Z,sensor.bed_2_booster_target_speed,4,0
2026-08-14T18:43:36.779777Z,sensor.bed_1_booster_pi_target_speed,4,0
2026-08-14T18:43:36.780081Z,sensor.bed_2_booster_pi_target_speed,4,0
2026-08-14T18:43:36.780253Z,sensor.bed_1_booster_effective_percentage,40,0
2026-08-14T18:43:36.780597Z,sensor.bed_2_booster_effective_percentage,40,0
2026-08-14T18:48:23.277962Z,climate.kitchen,cool,0
2026-08-14T18:54:08.659292Z,sensor.bed_3_temp_temperature,76.28,0
2026-08-14T18:54:08.659768Z,sensor.bed_3_temperature_delta,1.1,0
2026-08-14T18:56:31.893354Z,sensor.bed_1_temp_temperature,77.72,0
2026-08-14T18:56:31.893799Z,sensor.bed_1_temperature_delta,2.5,0
2026-08-14T18:56:31.894170Z,sensor.bed_1_booster_target_speed,6,0
2026-08-14T18:56:31.895390Z,sensor.bed_1_booster_pi_target_speed,6,0
2026-08-14T18:56:31.895854Z,sensor.bed_1_booster_effective_percentage,60,0
2026-08-14T18:56:39.076966Z,sensor.bed_2_temp_temperature,77.9,0
2026-08-14T18:56:39.077410Z,sensor.bed_2_temperature_delta,2.7,0
2026-08-14T18:56:39.077768Z,sensor.bed_2_booster_target_speed,6,0
2026-08-14T18:56:39.079016Z,sensor.bed_2_booster_pi_target_speed,6,0
2026-08-14T18:56:39.079474Z,sensor.bed_2_booster_effective_percentage,60,0
2026-08-14T18:58:35.693636Z,sensor.kitchen_temp_temperature,75.56,0
2026-08-14T18:58:35.693869Z,sensor.bed_1_temperature_delta,2.2,0
2026-08-14T18:58:35.694016Z,sensor.bed_2_temperature_delta,2.3,0
2026-08-14T18:58:35.694122Z,sensor.bed_3_temperature_delta,0.7,0
2026-08-14T18:58:35.694253Z,sensor.bed_1_booster_target_speed,4,0
2026-08-14T18:58:35.696170Z,sensor.bed_1_booster_pi_target_speed,4,0
2026-08-14T18:58:35.696401Z,sensor.bed_1_booster_effective_percentage,40,0
2026-08-14T19:07:00.072972Z,climate.kitchen,cool,0
2026-08-14T19:07:00.082676Z,sensor.kitchen_temperature,77.54,0
2026-08-14T19:07:55.820065Z,climate.kitchen,cool,0
2026-08-14T19:07:55.825796Z,sensor.bed_3_booster_effective_percentage,10,0
2026-08-14T19:09:11.382217Z,sensor.bed_3_temp_temperature,76.82,0
2026-08-14T19:09:11.382653Z,sensor.bed_3_temperature_delta,1.3,0
2026-08-14T19:11:27.094066Z,climate.kitchen,cool,0
2026-08-14T19:11:34.393297Z,sensor.bed_1_temp_temperature,78.08,0
2026-08-14T19:11:34.393712Z,sensor.bed_1_temperature_delta,2.5,0
2026-08-14T19:11:34.394060Z,sensor.bed_1_booster_target_speed,6,0
2026-08-14T19:11:34.395210Z,sensor.bed_1_booster_pi_target_speed,6,0
2026-08-14T19:11:34.395652Z,sensor.bed_1_booster_effective_percentage,60,0
2026-08-14T19:11:40.466920Z,sensor.bed_2_temp_temperature,78.26,0
2026-08-14T19:11:40.467397Z,sensor.bed_2_temperature_delta,2.7,0
2026-08-14T19:14:57.892603Z,climate.kitchen,cool,0
2026-08-14T19:16:51.999876Z,sensor.bed_1_booster_pi_target_speed,6,0
2026-08-14T19:16:52.000058Z,sensor.bed_2_booster_pi_target_speed,6,0
2026-08-14T19:16:52.000225Z,sensor.bed_3_booster_pi_target_speed,0,0
2026-08-14T19:16:52.020367Z,sensor.bed_1_booster_adaptive_boost,0,0
2026-08-14T19:16:52.020528Z,sensor.bed_2_booster_adaptive_boost,0,0
2026-08-14T19:16:52.020672Z,sensor.bed_3_booster_adaptive_boost,0,0
2026-08-14T19:16:54.464063Z,climate.kitchen,cool,0
2026-08-14T19:18:22.690149Z,climate.kitchen,cool,0
2026-08-14T19:18:22.696106Z,sensor.kitchen_temperature,77.36,0
2026-08-14T19:18:23.240285Z,climate.kitchen,cool,0
2026-08-14T19:21:29.426324Z,climate.kitchen,cool,0
2026-08-14T19:21:29.429227Z,sensor.bed_3_booster_effective_percentage,0,0
2026-08-14T19:23:22.975786Z,climate.kitchen,cool,0
2026-08-14T19:23:22.985237Z,sensor.kitchen_temperature,76.28,0
2026-08-14T19:24:14.876561Z,sensor.bed_3_temp_temperature,77.18,0
2026-08-14T19:24:14.876772Z,sensor.bed_3_temperature_delta,1.6,0
2026-08-14T19:24:14.876965Z,sensor.bed_3_booster_target_speed,2,0
2026-08-14T19:24:14.877453Z,sensor.bed_3_booster_pi_target_speed,2,0
2026-08-14T19:24:14.877631Z,sensor.bed_3_booster_effective_percentage,20,0
2026-08-14T19:26:36.652755Z,sensor.bed_1_temp_temperature,77.54,0
2026-08-14T19:26:36.666310Z,sensor.bed_1_temperature_delta,2.0,0
2026-08-14T19:26:36.666602Z,sensor.bed_1_booster_target_speed,4,0
2026-08-14T19:26:36.667559Z,sensor.bed_1_booster_pi_target_speed,4,0
2026-08-14T19:26:36.667924Z,sensor.bed_1_booster_effective_percentage,40,0
2026-08-14T19:26:51.890522Z,climate.kitchen,cool,0
2026-08-14T19:26:51.896509Z,sensor.kitchen_temperature,76.46,0
2026-08-14T19:28:35.274668Z,sensor.kitchen_temp_temperature,75.38,0
2026-08-14T19:28:35.275057Z,sensor.bed_1_temperature_delta,2.2,0
2026-08-14T19:28:35.275271Z,sensor.bed_2_temperature_delta,2.9,0
2026-08-14T19:28:35.275460Z,sensor.bed_3_temperature_delta,1.8,0
2026-08-14T19:30:31.194013Z,climate.kitchen,cool,0
2026-08-14T19:35:04.881017Z,climate.kitchen,cool,0
2026-08-14T19:35:04.890985Z,sensor.kitchen_temperature,77.54,0
2026-08-14T19:35:04.892522Z,climate.kitchen,cool,0
2026-08-14T19:39:17.968162Z,sensor.bed_3_temp_temperature,77.9,0
2026-08-14T19:39:17.968607Z,sensor.bed_3_temperature_delta,2.5,0
2026-08-14T19:39:17.968974Z,sensor.bed_3_booster_target_speed,6,0
2026-08-14T19:39:17.970191Z,sensor.bed_3_booster_pi_target_speed,6,0
2026-08-14T19:39:17.970654Z,sensor.bed_3_booster_effective_percentage,60,0
2026-08-14T19:39:33.860631Z,climate.kitchen,cool,0
2026-08-14T19:41:39.249291Z,sensor.bed_1_temp_temperature,77.9,0
2026-08-14T19:41:39.249680Z,sensor.bed_1_temperature_delta,2.5,0
2026-08-14T19:41:39.250017Z,sensor.bed_1_booster_target_speed,6,0
2026-08-14T19:41:39.251139Z,sensor.bed_1_booster_pi_target_speed,6,0
2026-08-14T19:41:39.251566Z,sensor.bed_1_booster_effective_percentage,60,0
2026-08-14T19:43:52.587817Z,climate.kitchen,cool,0
2026-08-14T19:44:37.078749Z,climate.kitchen,cool,0
2026-08-14T19:47:07.795569Z,climate.kitchen,cool,0
2026-08-14T19:47:07.804423Z,sensor.kitchen_temperature,76.46,0
2026-08-14T19:50:50.922210Z,climate.kitchen,cool,0
2026-08-14T19:50:50.932763Z,sensor.kitchen_temperature,76.82,0
2026-08-14T19:50:51.514721Z,climate.kitchen,cool,0
2026-08-14T19:52:38.980069Z,climate.kitchen,cool,0
2026-08-14T19:54:20.712400Z,sensor.bed_3_temp_temperature,78.44,0
2026-08-14T19:54:20.712592Z,sensor.bed_3_temperature_delta,3.1,0
2026-08-14T19:54:20.712730Z,sensor.bed_3_booster_target_speed,8,0
2026-08-14T19:54:20.713279Z,sensor.bed_3_booster_pi_target_speed,8,0
2026-08-14T19:54:20.713449Z,sensor.bed_3_booster_effective_percentage,80,0
2026-08-14T19:55:26.982989Z,climate.kitchen,cool,0
2026-08-14T19:56:41.701814Z,sensor.bed_1_temp_temperature,78.44,0
2026-08-14T19:56:41.702157Z,sensor.bed_1_temperature_delta,3.1,0
2026-08-14T19:56:41.702425Z,sensor.bed_1_booster_target_speed,8,0
2026-08-14T19:56:41.703371Z,sensor.bed_1_booster_pi_target_speed,8,0
2026-08-14T19:56:41.703708Z,sensor.bed_1_booster_effective_percentage,80,0
2026-08-14T19:56:41.837854Z,sensor.bed_2_temp_temperature,79.52,0
2026-08-14T19:56:41.838204Z,sensor.bed_2_temperature_delta,4.1,0
2026-08-14T19:56:41.838478Z,sensor.bed_2_booster_target_speed,10,0
2026-08-14T19:56:41.839438Z,sensor.bed_2_booster_pi_target_speed,10,0
2026-08-14T19:56:41.839833Z,sensor.bed_2_booster_effective_percentage,100,0
2026-08-14T19:57:10.444704Z,climate.kitchen,cool,0
2026-08-14T19:57:10.459283Z,sensor.kitchen_temperature,77.54,0
2026-08-14T19:57:39.122422Z,climate.kitchen,cool,0
2026-08-14T19:58:36.030718Z,sensor.kitchen_temp_temperature,76.1,0
2026-08-14T19:58:36.031185Z,sensor.bed_1_temperature_delta,2.3,0
2026-08-14T19:58:36.031471Z,sensor.bed_2_temperature_delta,3.4,0
2026-08-14T19:58:36.031726Z,sensor.bed_3_temperature_delta,2.3,0
2026-08-14T19:58:36.032050Z,sensor.bed_1_booster_target_speed,6,0
2026-08-14T19:58:36.032533Z,sensor.bed_3_booster_target_speed,6,0
2026-08-14T19:58:36.033904Z,sensor.bed_1_booster_pi_target_speed,6,0
2026-08-14T19:58:36.034651Z,sensor.bed_3_booster_pi_target_speed,6,0
2026-08-14T19:58:36.035100Z,sensor.bed_1_booster_effective_percentage,60,0
2026-08-14T19:58:36.037721Z,sensor.bed_3_booster_effective_percentage,60,0
2026-08-14T19:59:11.247646Z,climate.kitchen,cool,0
2026-08-14T20:00:41.739533Z,climate.kitchen,cool,0
2026-08-14T20:01:11.567515Z,climate.kitchen,cool,0
2026-08-14T20:01:11.580633Z,sensor.kitchen_temperature,77.36,0
2026-08-14T20:04:22.058007Z,sensor.bed_2_temp_temperature,78.62,0
2026-08-14T20:04:22.058370Z,sensor.bed_2_temperature_delta,2.5,0
2026-08-14T20:04:22.058646Z,sensor.bed_2_booster_target_speed,6,0
2026-08-14T20:04:22.059617Z,sensor.bed_2_booster_pi_target_speed,6,0
2026-08-14T20:04:22.060044Z,sensor.bed_2_booster_effective_percentage,60,0
2026-08-14T20:05:26.434992Z,climate.kitchen,cool,0
2026-08-14T20:07:12.515376Z,climate.kitchen,cool,0
2026-08-14T20:07:44.054857Z,climate.kitchen,cool,0
2026-08-14T20:11:14.372208Z,climate.kitchen,cool,0
2026-08-14T20:11:14.382594Z,sensor.kitchen_temperature,76.46,0
2026-08-14T20:11:44.010406Z,sensor.bed_1_temp_temperature,78.08,0
2026-08-14T20:11:44.010930Z,sensor.bed_1_temperature_delta,2.0,0
2026-08-14T20:11:44.011314Z,sensor.bed_1_booster_target_speed,4,0
2026-08-14T20:11:44.012540Z,sensor.bed_1_booster_pi_target_speed,4,0
2026-08-14T20:11:44.013007Z,sensor.bed_1_booster_effective_percentage,40,0
2026-08-14T20:12:21.608993Z,climate.kitchen,cool,0
2026-08-14T20:13:36.723835Z,sensor.kitchen_temp_temperature,75.74,0
2026-08-14T20:13:36.724245Z,sensor.bed_1_temperature_delta,2.3,0
2026-08-14T20:13:36.724470Z,sensor.bed_2_temperature_delta,2.9,0
2026-08-14T20:13:36.724665Z,sensor.bed_3_temperature_delta,2.7,0
2026-08-14T20:14:26.210912Z,climate.kitchen,cool,0
2026-08-14T20:17:15.961160Z,climate.kitchen,cool,0
2026-08-14T20:19:23.923331Z,sensor.bed_2_temp_temperature,79.16,0
2026-08-14T20:19:23.923685Z,sensor.bed_2_temperature_delta,3.4,0
2026-08-14T20:19:23.923988Z,sensor.bed_2_booster_target_speed,8,0
2026-08-14T20:19:23.925018Z,sensor.bed_2_booster_pi_target_speed,8,0
2026-08-14T20:19:23.925379Z,sensor.bed_2_booster_effective_percentage,80,0
2026-08-14T20:21:18.777124Z,climate.kitchen,cool,0
2026-08-14T20:24:27.051007Z,sensor.bed_3_temp_temperature,78.8,0
2026-08-14T20:24:27.051388Z,sensor.bed_3_temperature_delta,3.1,0
2026-08-14T20:24:27.051698Z,sensor.bed_3_booster_target_speed,8,0
2026-08-14T20:24:27.052873Z,sensor.bed_3_booster_pi_target_speed,8,0
2026-08-14T20:24:27.053301Z,sensor.bed_3_booster_effective_percentage,80,0
2026-08-14T20:25:18.582621Z,climate.kitchen,cool,0
2026-08-14T20:25:19.323430Z,climate.kitchen,cool,0
2026-08-14T20:25:19.328145Z,sensor.kitchen_temperature,77.54,0
2026-08-14T20:26:46.094396Z,sensor.bed_1_temp_temperature,78.26,0
2026-08-14T20:26:46.094901Z,sensor.bed_1_temperature_delta,2.5,0
2026-08-14T20:26:46.095287Z,sensor.bed_1_booster_target_speed,6,0
2026-08-14T20:26:46.096639Z,sensor.bed_1_booster_pi_target_speed,6,0
2026-08-14T20:26:46.097195Z,sensor.bed_1_booster_effective_percentage,60,0
2026-08-14T20:26:52.336766Z,climate.kitchen,cool,0
2026-08-14T20:28:38.249045Z,sensor.kitchen_temp_temperature,76.28,0
2026-08-14T20:28:38.249258Z,sensor.bed_1_temperature_delta,2.0,0
2026-08-14T20:28:38.249374Z,sensor.bed_2_temperature_delta,2.9,0
2026-08-14T20:28:38.249476Z,sensor.bed_3_temperature_delta,2.5,0
2026-08-14T20:28:38.249603Z,sensor.bed_1_booster_target_speed,4,0
2026-08-14T20:28:38.249790Z,sensor.bed_3_booster_target_speed,6,0
2026-08-14T20:28:38.250424Z,sensor.bed_1_booster_pi_target_speed,4,0
2026-08-14T20:28:38.250724Z,sensor.bed_3_booster_pi_target_speed,6,0
2026-08-14T20:28:38.401872Z,sensor.bed_1_booster_effective_percentage,40,0
2026-08-14T20:28:38.403198Z,sensor.bed_3_booster_effective_percentage,60,0
2026-08-14T20:29:47.712185Z,climate.kitchen,cool,0
2026-08-14T20:31:48.740186Z,climate.kitchen,cool,0
2026-08-14T20:33:23.296319Z,climate.kitchen,cool,0
2026-08-14T20:33:49.327302Z,climate.kitchen,cool,0
2026-08-14T20:34:24.135537Z,sensor.bed_2_temp_temperature,79.34,0
2026-08-14T20:34:24.135900Z,sensor.bed_2_temperature_delta,3.1,0
2026-08-14T20:36:20.573363Z,climate.kitchen,cool,0
2026-08-14T20:39:30.391618Z,sensor.bed_3_temp_temperature,78.98,0
2026-08-14T20:39:30.392164Z,sensor.bed_3_temperature_delta,2.7,0
2026-08-14T20:40:20.867269Z,climate.kitchen,cool,0
2026-08-14T20:41:51.124959Z,sensor.bed_1_temp_temperature,78.08,0
2026-08-14T20:41:51.125450Z,sensor.bed_1_temperature_delta,1.8,0
2026-08-14T20:41:51.125865Z,sensor.bed_1_booster_target_speed,2,0
2026-08-14T20:41:51.127174Z,sensor.bed_1_booster_pi_target_speed,2,0
2026-08-14T20:41:51.127639Z,sensor.bed_1_booster_effective_percentage,20,0
2026-08-14T20:43:37.624528Z,sensor.kitchen_temp_temperature,75.92,0
2026-08-14T20:43:37.624991Z,sensor.bed_1_temperature_delta,2.2,0
2026-08-14T20:43:37.625278Z,sensor.bed_2_temperature_delta,3.4,0
2026-08-14T20:43:37.625536Z,sensor.bed_3_temperature_delta,3.1,0
2026-08-14T20:43:37.625863Z,sensor.bed_1_booster_target_speed,4,0
2026-08-14T20:43:37.626337Z,sensor.bed_3_booster_target_speed,8,0
2026-08-14T20:43:37.627744Z,sensor.bed_1_booster_pi_target_speed,4,0
2026-08-14T20:43:37.628503Z,sensor.bed_3_booster_pi_target_speed,8,0
2026-08-14T20:43:37.628975Z,sensor.bed_1_booster_effective_percentage,40,0
2026-08-14T20:43:37.631696Z,sensor.bed_3_booster_effective_percentage,80,0
2026-08-14T20:45:15.058565Z,sensor.bed_2_temp_temperature,78.44,0
2026-08-14T20:45:15.058805Z,sensor.bed_2_temperature_delta,2.5,0
2026-08-14T20:45:15.058964Z,sensor.bed_2_booster_target_speed,6,0
2026-08-14T20:45:15.059535Z,sensor.bed_2_booster_pi_target_speed,6,0
2026-08-14T20:45:15.059736Z,sensor.bed_2_booster_effective_percentage,60,0
2026-08-14T20:45:27.160016Z,climate.kitchen,cool,0
2026-08-14T20:53:02.862638Z,climate.kitchen,cool,0
2026-08-14T20:56:53.616520Z,sensor.bed_1_temp_temperature,77.9,0
2026-08-14T20:56:53.616986Z,sensor.bed_1_temperature_delta,2.0,0
2026-08-14T20:57:05.918494Z,climate.kitchen,cool,0
2026-08-14T20:58:40.638292Z,sensor.kitchen_temp_temperature,76.28,0
2026-08-14T20:58:40.638697Z,sensor.bed_1_temperature_delta,1.6,0
2026-08-14T20:58:40.638980Z,sensor.bed_2_temperature_delta,2.2,0
2026-08-14T20:58:40.639216Z,sensor.bed_3_temperature_delta,2.7,0
2026-08-14T20:58:40.639507Z,sensor.bed_1_booster_target_speed,2,0
2026-08-14T20:58:40.639777Z,sensor.bed_2_booster_target_speed,4,0
2026-08-14T20:58:40.640047Z,sensor.bed_3_booster_target_speed,6,0
2026-08-14T20:58:40.641215Z,sensor.bed_1_booster_pi_target_speed,2,0
2026-08-14T20:58:40.641490Z,sensor.bed_2_booster_pi_target_speed,4,0
2026-08-14T20:58:40.641761Z,sensor.bed_3_booster_pi_target_speed,6,0
2026-08-14T20:58:40.641932Z,sensor.bed_1_booster_effective_percentage,20,0
2026-08-14T20:58:40.642984Z,sensor.bed_2_booster_effective_percentage,40,0
2026-08-14T20:58:40.643297Z,sensor.bed_3_booster_effective_percentage,60,0
2026-08-14T20:59:54.171617Z,climate.kitchen,cool,0
2026-08-14T20:59:58.156177Z,climate.kitchen,cool,0
2026-08-14T21:00:15.696093Z,sensor.bed_2_temp_temperature,78.8,0
2026-08-14T21:00:15.696450Z,sensor.bed_2_temperature_delta,2.5,0
2026-08-14T21:00:15.696724Z,sensor.bed_2_booster_target_speed,6,0
2026-08-14T21:00:15.698608Z,sensor.bed_2_booster_pi_target_speed,6,0
2026-08-14T21:00:15.699370Z,sensor.bed_2_booster_effective_percentage,60,0
2026-08-14T21:03:23.929568Z,climate.kitchen,cool,0
2026-08-14T21:08:32.753126Z,climate.kitchen,cool,0
2026-08-14T21:08:33.833735Z,climate.kitchen,cool,0
2026-08-14T21:08:33.951852Z,climate.kitchen,cool,0
2026-08-14T21:08:33.959867Z,sensor.kitchen_temperature,77.36,0
2026-08-14T21:09:37.248044Z,sensor.bed_3_temp_temperature,79.52,0
2026-08-14T21:09:37.248383Z,sensor.bed_3_temperature_delta,3.2,0
2026-08-14T21:09:37.248643Z,sensor.bed_3_booster_target_speed,8,0
2026-08-14T21:09:37.249694Z,sensor.bed_3_booster_pi_target_speed,8,0
2026-08-14T21:09:37.250123Z,sensor.bed_3_booster_effective_percentage,80,0
2026-08-14T21:10:39.245816Z,climate.kitchen,cool,0
2026-08-14T21:11:55.529096Z,sensor.bed_1_temp_temperature,77.36,0
2026-08-14T21:11:55.529509Z,sensor.bed_1_temperature_delta,1.1,0
2026-08-14T21:11:55.529832Z,sensor.bed_1_booster_target_speed,0,0
2026-08-14T21:11:55.531250Z,sensor.bed_1_booster_pi_target_speed,0,0
2026-08-14T21:11:55.531804Z,sensor.bed_1_booster_effective_percentage,10,0
2026-08-14T21:13:40.328732Z,sensor.kitchen_temp_temperature,75.74,0
2026-08-14T21:13:40.329196Z,sensor.bed_1_temperature_delta,1.6,0
2026-08-14T21:13:40.329487Z,sensor.bed_2_temperature_delta,3.1,0
2026-08-14T21:13:40.329745Z,sensor.bed_3_temperature_delta,3.8,0
2026-08-14T21:13:40.330081Z,sensor.bed_1_booster_target_speed,2,0
2026-08-14T21:13:40.330378Z,sensor.bed_2_booster_target_speed,8,0
2026-08-14T21:13:40.330664Z,sensor.bed_3_booster_target_speed,10,0
2026-08-14T21:13:40.332128Z,sensor.bed_1_booster_pi_target_speed,2,0
2026-08-14T21:13:40.332437Z,sensor.bed_2_booster_pi_target_speed,8,0
2026-08-14T21:13:40.332738Z,sensor.bed_3_booster_pi_target_speed,10,0
2026-08-14T21:13:40.332950Z,sensor.bed_1_booster_effective_percentage,20,0
2026-08-14T21:13:40.334030Z,sensor.bed_2_booster_effective_percentage,80,0
2026-08-14T21:13:40.334394Z,sensor.bed_3_booster_effective_percentage,100,0
2026-08-14T21:20:05.290131Z,climate.kitchen,cool,0
2026-08-14T21:22:55.879035Z,climate.kitchen,cool,0
2026-08-14T21:23:04.715662Z,climate.kitchen,cool,0
2026-08-14T21:23:04.730604Z,sensor.kitchen_temperature,76.46,0
2026-08-14T21:24:40.641159Z,sensor.bed_3_temp_temperature,78.98,0
2026-08-14T21:24:40.641669Z,sensor.bed_3_temperature_delta,3.2,0
2026-08-14T21:24:40.642057Z,sensor.bed_3_booster_target_speed,8,0
2026-08-14T21:24:40.643613Z,sensor.bed_3_booster_pi_target_speed,8,0
2026-08-14T21:24:40.644206Z,sensor.bed_3_booster_effective_percentage,80,0
2026-08-14T21:26:58.319054Z,sensor.bed_1_temp_temperature,77.0,0
2026-08-14T21:26:58.319280Z,sensor.bed_1_temperature_delta,1.3,0
2026-08-14T21:26:58.319427Z,sensor.bed_1_booster_target_speed,0,0
2026-08-14T21:26:58.320054Z,sensor.bed_1_booster_pi_target_speed,0,0
2026-08-14T21:26:58.320241Z,sensor.bed_1_booster_effective_percentage,0,0
2026-08-14T21:28:35.027908Z,climate.kitchen,cool,0
2026-08-14T21:28:40.504924Z,sensor.kitchen_temp_temperature,75.56,0
2026-08-14T21:28:40.505285Z,sensor.bed_1_temperature_delta,1.4,0
2026-08-14T21:28:40.505507Z,sensor.bed_2_temperature_delta,3.2,0
2026-08-14T21:28:40.505715Z,sensor.bed_3_temperature_delta,3.4,0
2026-08-14T21:35:14.192248Z,sensor.bed_1_booster_pi_target_speed,0,0
2026-08-14T21:35:14.192449Z,sensor.bed_2_booster_pi_target_speed,8,0
2026-08-14T21:35:14.192637Z,sensor.bed_3_booster_pi_target_speed,8,0
2026-08-14T21:35:14.200527Z,sensor.bed_1_booster_adaptive_boost,0,0
2026-08-14T21:35:14.200713Z,sensor.bed_2_booster_adaptive_boost,0,0
2026-08-14T21:35:14.200894Z,sensor.bed_3_booster_adaptive_boost,0,0
2026-08-14T21:35:16.115895Z,climate.kitchen,cool,0
2026-08-14T21:35:19.719939Z,climate.kitchen,cool,0
2026-08-14T21:41:56.813414Z,sensor.bed_1_booster_pi_target_speed,0,0
2026-08-14T21:41:56.813584Z,sensor.bed_2_booster_pi_target_speed,8,0
2026-08-14T21:41:56.813759Z,sensor.bed_3_booster_pi_target_speed,8,0
2026-08-14T21:41:56.816686Z,sensor.bed_1_booster_adaptive_boost,0,0
2026-08-14T21:41:56.816850Z,sensor.bed_2_booster_adaptive_boost,0,0
2026-08-14T21:41:56.817046Z,sensor.bed_3_booster_adaptive_boost,0,0
2026-08-14T21:41:58.717239Z,climate.kitchen,cool,0
2026-08-14T21:42:39.366168Z,climate.kitchen,cool,0
2026-08-14T21:43:39.982879Z,sensor.kitchen_temp_temperature,75.92,0
2026-08-14T21:43:39.983240Z,sensor.bed_1_temperature_delta,1.1,0
2026-08-14T21:43:39.983475Z,sensor.bed_2_temperature_delta,2.9,0
2026-08-14T21:43:39.983685Z,sensor.bed_3_temperature_delta,3.1,0
2026-08-14T21:45:16.087137Z,sensor.bed_2_temp_temperature,78.44,0
2026-08-14T21:45:16.087546Z,sensor.bed_2_temperature_delta,2.5,0
2026-08-14T21:45:16.087893Z,sensor.bed_2_booster_target_speed,6,0
2026-08-14T21:45:16.089021Z,sensor.bed_2_booster_pi_target_speed,6,0
2026-08-14T21:45:16.089466Z,sensor.bed_2_booster_effective_percentage,60,0
2026-08-14T21:53:11.961095Z,sensor.bed_3_temp_temperature,78.08,0
2026-08-14T21:53:11.961501Z,sensor.bed_3_temperature_delta,2.2,0
2026-08-14T21:53:11.961877Z,sensor.bed_3_booster_target_speed,4,0
2026-08-14T21:53:11.963283Z,sensor.bed_3_booster_pi_target_speed,4,0
2026-08-14T21:53:11.963808Z,sensor.bed_3_booster_effective_percentage,40,0
2026-08-14T21:57:02.483588Z,sensor.bed_1_temp_temperature,77.36,0
2026-08-14T21:57:02.483824Z,sensor.bed_1_temperature_delta,1.4,0
2026-08-14T21:58:21.421951Z,climate.kitchen,cool,0
2026-08-14T21:58:21.471748Z,climate.kitchen,cool,0
2026-08-14T21:58:39.895558Z,sensor.kitchen_temp_temperature,76.28,0
2026-08-14T21:58:39.895915Z,sensor.bed_1_temperature_delta,1.1,0
2026-08-14T21:58:39.896137Z,sensor.bed_2_temperature_delta,2.2,0
2026-08-14T21:58:39.896336Z,sensor.bed_3_temperature_delta,1.8,0
2026-08-14T21:58:39.896724Z,sensor.bed_2_booster_target_speed,4,0
2026-08-14T21:58:39.896956Z,sensor.bed_3_booster_target_speed,2,0
2026-08-14T21:58:39.898274Z,sensor.bed_2_booster_pi_target_speed,4,0
2026-08-14T21:58:39.898916Z,sensor.bed_3_booster_pi_target_speed,2,0
2026-08-14T21:58:39.899311Z,sensor.bed_2_booster_effective_percentage,40,0
2026-08-14T21:58:39.900074Z,sensor.bed_3_booster_effective_percentage,20,0
2026-08-14T22:00:16.626351Z,sensor.bed_2_temp_temperature,78.8,0
2026-08-14T22:00:16.626789Z,sensor.bed_2_temperature_delta,2.5,0
2026-08-14T22:00:16.627177Z,sensor.bed_2_booster_target_speed,6,0
2026-08-14T22:00:16.628616Z,sensor.bed_2_booster_pi_target_speed,6,0
2026-08-14T22:00:16.629128Z,sensor.bed_2_booster_effective_percentage,60,0
2026-08-14T22:03:35.213308Z,sensor.bed_1_booster_pi_target_speed,0,0
2026-08-14T22:03:35.213498Z,sensor.bed_2_booster_pi_target_speed,6,0
2026-08-14T22:03:35.213665Z,sensor.bed_3_booster_pi_target_speed,2,0
2026-08-14T22:03:35.216283Z,sensor.bed_1_booster_adaptive_boost,0,0
2026-08-14T22:03:35.216450Z,sensor.bed_2_booster_adaptive_boost,0,0
2026-08-14T22:03:35.216626Z,sensor.bed_3_booster_adaptive_boost,0,0
2026-08-14T22:03:37.637208Z,climate.kitchen,cool,0
2026-08-14T22:08:15.160502Z,sensor.bed_3_temp_temperature,78.44,0
2026-08-14T22:08:15.160991Z,sensor.bed_3_temperature_delta,2.2,0
2026-08-14T22:08:15.161381Z,sensor.bed_3_booster_target_speed,4,0
2026-08-14T22:08:15.162935Z,sensor.bed_3_booster_pi_target_speed,4,0
2026-08-14T22:08:15.163567Z,sensor.bed_3_booster_effective_percentage,40,0
2026-08-14T22:12:04.314466Z,sensor.bed_1_temp_temperature,77.72,0
2026-08-14T22:12:04.314921Z,sensor.bed_1_temperature_delta,1.4,0
2026-08-14T22:13:11.865291Z,climate.kitchen,cool,0
2026-08-14T22:13:39.806864Z,sensor.kitchen_temp_temperature,76.64,0
2026-08-14T22:13:39.807350Z,sensor.bed_1_temperature_delta,1.1,0
2026-08-14T22:13:39.807671Z,sensor.bed_2_temperature_delta,2.2,0
2026-08-14T22:13:39.807982Z,sensor.bed_3_temperature_delta,1.8,0
2026-08-14T22:13:39.808549Z,sensor.bed_2_booster_target_speed,4,0
2026-08-14T22:13:39.808881Z,sensor.bed_3_booster_target_speed,2,0
2026-08-14T22:13:39.810770Z,sensor.bed_2_booster_pi_target_speed,4,0
2026-08-14T22:13:39.811689Z,sensor.bed_3_booster_pi_target_speed,2,0
2026-08-14T22:13:39.812274Z,sensor.bed_2_booster_effective_percentage,40,0
2026-08-14T22:13:39.813275Z,sensor.bed_3_booster_effective_percentage,20,0
2026-08-14T22:15:16.534968Z,sensor.bed_2_temp_temperature,78.98,0
2026-08-14T22:15:16.535213Z,sensor.bed_2_temperature_delta,2.3,0
2026-08-14T22:17:00.608685Z,climate.kitchen,cool,0
2026-08-14T22:17:00.617415Z,sensor.kitchen_temperature,77.54,0
2026-08-14T22:17:20.953774Z,climate.kitchen,cool,0
2026-08-14T22:17:20.957855Z,sensor.bed_1_booster_effective_percentage,10,0
2026-08-14T22:21:51.707155Z,climate.kitchen,cool,0
2026-08-14T22:23:18.389266Z,sensor.bed_3_temp_temperature,78.62,0
2026-08-14T22:23:18.389663Z,sensor.bed_3_temperature_delta,2.0,0
2026-08-14T22:25:55.876442Z,climate.kitchen,cool,0
2026-08-14T22:25:55.887534Z,climate.kitchen,cool,0
2026-08-14T22:27:06.571379Z,sensor.bed_1_temp_temperature,77.36,0
2026-08-14T22:27:06.571751Z,sensor.bed_1_temperature_delta,0.7,0
2026-08-14T22:28:42.093272Z,sensor.kitchen_temp_temperature,75.92,0
2026-08-14T22:28:42.093482Z,sensor.bed_1_temperature_delta,1.4,0
2026-08-14T22:28:42.093599Z,sensor.bed_2_temperature_delta,3.1,0
2026-08-14T22:28:42.093698Z,sensor.bed_3_temperature_delta,2.7,0
2026-08-14T22:28:42.093943Z,sensor.bed_2_booster_target_speed,8,0
2026-08-14T22:28:42.094056Z,sensor.bed_3_booster_target_speed,6,0
2026-08-14T22:28:42.094718Z,sensor.bed_2_booster_pi_target_speed,8,0
2026-08-14T22:28:42.095059Z,sensor.bed_3_booster_pi_target_speed,6,0
2026-08-14T22:28:42.095256Z,sensor.bed_2_booster_effective_percentage,80,0
2026-08-14T22:28:42.095607Z,sensor.bed_3_booster_effective_percentage,60,0
2026-08-14T22:30:16.647528Z,sensor.bed_2_temp_temperature,78.26,0
2026-08-14T22:30:16.647749Z,sensor.bed_2_temperature_delta,2.3,0
2026-08-14T22:30:16.647921Z,sensor.bed_2_booster_target_speed,6,0
2026-08-14T22:30:16.648460Z,sensor.bed_2_booster_pi_target_speed,6,0
2026-08-14T22:30:16.648657Z,sensor.bed_2_booster_effective_percentage,60,0
2026-08-14T22:33:21.283773Z,climate.kitchen,cool,0
2026-08-14T22:35:56.980889Z,climate.kitchen,cool,0
2026-08-14T22:35:56.987002Z,sensor.bed_1_booster_effective_percentage,0,0
2026-08-14T22:38:23.217028Z,sensor.bed_3_temp_temperature,78.08,0
2026-08-14T22:38:23.217518Z,sensor.bed_3_temperature_delta,2.2,0
2026-08-14T22:38:23.217933Z,sensor.bed_3_booster_target_speed,4,0
2026-08-14T22:38:23.219270Z,sensor.bed_3_booster_pi_target_speed,4,0
2026-08-14T22:38:23.219761Z,sensor.bed_3_booster_effective_percentage,40,0
2026-08-14T22:41:57.385667Z,climate.kitchen,cool,0
2026-08-14T22:41:57.394892Z,sensor.kitchen_temperature,76.46,0
2026-08-14T22:42:08.439573Z,sensor.bed_1_temp_temperature,76.64,0
2026-08-14T22:42:08.440036Z,sensor.bed_1_temperature_delta,0.7,0
2026-08-14T22:43:43.648122Z,sensor.kitchen_temp_temperature,75.38,0
2026-08-14T22:43:43.648497Z,sensor.bed_1_temperature_delta,1.3,0
2026-08-14T22:43:43.648721Z,sensor.bed_2_temperature_delta,2.9,0
2026-08-14T22:43:43.648951Z,sensor.bed_3_temperature_delta,2.7,0
2026-08-14T22:43:43.649490Z,sensor.bed_3_booster_target_speed,6,0
2026-08-14T22:43:43.651518Z,sensor.bed_3_booster_pi_target_speed,6,0
2026-08-14T22:43:43.651940Z,sensor.bed_3_booster_effective_percentage,60,0
2026-08-14T22:45:16.941060Z,sensor.bed_2_temp_temperature,77.9,0
2026-08-14T22:45:16.941427Z,sensor.bed_2_temperature_delta,2.5,0
2026-08-14T22:48:50.432100Z,climate.kitchen,cool,0
2026-08-14T22:53:27.025796Z,sensor.bed_3_temp_temperature,77.9,0
2026-08-14T22:53:27.026265Z,sensor.bed_3_temperature_delta,2.5,0
2026-08-14T22:53:58.432916Z,climate.kitchen,cool,0
2026-08-14T22:57:07.646563Z,climate.kitchen,cool,0
2026-08-14T22:57:07.656331Z,sensor.kitchen_temperature,76.64,0
2026-08-14T22:57:12.114781Z,sensor.bed_1_temp_temperature,76.82,0
2026-08-14T22:57:12.115299Z,sensor.bed_1_temperature_delta,1.4,0
2026-08-14T22:58:44.207589Z,sensor.kitchen_temp_temperature,75.74,0
2026-08-14T22:58:44.208081Z,sensor.bed_1_temperature_delta,1.1,0
2026-08-14T22:58:44.208388Z,sensor.bed_2_temperature_delta,2.2,0
2026-08-14T22:58:44.208662Z,sensor.bed_3_temperature_delta,2.2,0
2026-08-14T22:58:44.209211Z,sensor.bed_2_booster_target_speed,4,0
2026-08-14T22:58:44.209512Z,sensor.bed_3_booster_target_speed,4,0
2026-08-14T22:58:44.210982Z,sensor.bed_2_booster_pi_target_speed,4,0
2026-08-14T22:58:44.211761Z,sensor.bed_3_booster_pi_target_speed,4,0
2026-08-14T22:58:44.212247Z,sensor.bed_2_booster_effective_percentage,40,0
2026-08-14T22:58:44.213134Z,sensor.bed_3_booster_effective_percentage,40,0
2026-08-14T23:00:16.903461Z,sensor.bed_2_temp_temperature,78.44,0
2026-08-14T23:00:16.903829Z,sensor.bed_2_temperature_delta,2.7,0
2026-08-14T23:00:16.904128Z,sensor.bed_2_booster_target_speed,6,0
2026-08-14T23:00:16.905135Z,sensor.bed_2_booster_pi_target_speed,6,0
2026-08-14T23:00:16.905538Z,sensor.bed_2_booster_effective_percentage,60,0
2026-08-14T23:12:14.351460Z,sensor.bed_1_temp_temperature,77.18,0
2026-08-14T23:12:14.352138Z,sensor.bed_1_temperature_delta,1.4,0
2026-08-14T23:13:45.860738Z,sensor.kitchen_temp_temperature,76.1,0
2026-08-14T23:13:45.861257Z,sensor.bed_1_temperature_delta,1.1,0
2026-08-14T23:13:45.861565Z,sensor.bed_2_temperature_delta,2.3,0
2026-08-14T23:13:45.861834Z,sensor.bed_3_temperature_delta,1.8,0
2026-08-14T23:15:19.462607Z,sensor.bed_2_temp_temperature,78.62,0
2026-08-14T23:15:19.463042Z,sensor.bed_2_temperature_delta,2.5,0
2026-08-14T23:20:00.401817Z,sensor.bed_2_booster_adaptive_boost,1,0
2026-08-14T23:20:00.402349Z,sensor.bed_2_booster_pi_target_speed,7,0
2026-08-14T23:20:00.403102Z,sensor.bed_2_booster_effective_percentage,70,0
2026-08-14T23:27:16.573771Z,sensor.bed_1_temp_temperature,77.36,0
2026-08-14T23:27:16.574286Z,sensor.bed_1_temperature_delta,1.3,0
2026-08-14T23:28:46.291476Z,sensor.kitchen_temp_temperature,76.28,0
2026-08-14T23:28:46.291951Z,sensor.bed_1_temperature_delta,1.1,0
2026-08-14T23:28:46.292248Z,sensor.bed_2_temperature_delta,2.3,0
2026-08-14T23:28:46.292521Z,sensor.bed_3_temperature_delta,1.6,0
2026-08-14T23:28:46.293242Z,sensor.bed_3_booster_target_speed,2,0
2026-08-14T23:28:46.295040Z,sensor.bed_3_booster_pi_target_speed,2,0
2026-08-14T23:28:46.295602Z,sensor.bed_3_booster_effective_percentage,20,0
2026-08-14T23:30:19.257927Z,sensor.bed_2_temp_temperature,78.44,0
2026-08-14T23:30:19.258355Z,sensor.bed_2_temperature_delta,2.2,0
2026-08-14T23:30:19.258683Z,sensor.bed_2_booster_target_speed,4,0
2026-08-14T23:30:19.262785Z,sensor.bed_2_booster_pi_target_speed,5,0
2026-08-14T23:30:19.263380Z,sensor.bed_2_booster_effective_percentage,50,0
2026-08-14T23:30:44.757778Z,climate.kitchen,cool,0
2026-08-14T23:30:44.760675Z,sensor.bed_2_booster_adaptive_boost,0,0
2026-08-14T23:30:44.767011Z,sensor.bed_2_booster_pi_target_speed,4,0
2026-08-14T23:30:44.768255Z,sensor.bed_2_booster_effective_percentage,40,0
2026-08-14T23:30:47.656480Z,climate.kitchen,cool,0
2026-08-14T23:30:47.661195Z,sensor.bed_1_booster_effective_percentage,10,0
2026-08-14T23:30:50.500385Z,climate.kitchen,cool,0
2026-08-14T23:35:50.649186Z,sensor.bed_1_booster_pi_target_speed,0,0
2026-08-14T23:35:50.649367Z,sensor.bed_2_booster_pi_target_speed,4,0
2026-08-14T23:35:50.649543Z,sensor.bed_3_booster_pi_target_speed,2,0
2026-08-14T23:35:50.651947Z,sensor.bed_1_booster_adaptive_boost,0,0
2026-08-14T23:35:50.652111Z,sensor.bed_2_booster_adaptive_boost,0,0
2026-08-14T23:35:50.652259Z,sensor.bed_3_booster_adaptive_boost,0,0
2026-08-14T23:35:52.283077Z,climate.kitchen,cool,0
2026-08-14T23:38:22.603863Z,climate.kitchen,cool,0
2026-08-14T23:38:23.093977Z,climate.kitchen,cool,0
2026-08-14T23:38:23.097904Z,sensor.kitchen_temperature,76.46,0
2026-08-14T23:38:36.570354Z,sensor.bed_3_temp_temperature,77.72,0
2026-08-14T23:38:36.570794Z,sensor.bed_3_temperature_delta,1.4,0
2026-08-14T23:38:58.262385Z,sensor.bed_2_temp_temperature,77.54,0
2026-08-14T23:38:58.262774Z,sensor.bed_2_temperature_delta,1.3,0
2026-08-14T23:38:58.263098Z,sensor.bed_2_booster_target_speed,0,0
2026-08-14T23:38:58.264309Z,sensor.bed_2_booster_pi_target_speed,0,0
2026-08-14T23:38:58.264797Z,sensor.bed_2_booster_effective_percentage,10,0
2026-08-14T23:42:18.949100Z,sensor.bed_1_temp_temperature,77.0,0
2026-08-14T23:42:18.949541Z,sensor.bed_1_temperature_delta,0.7,0
2026-08-14T23:43:46.144819Z,sensor.kitchen_temp_temperature,75.56,0
2026-08-14T23:43:46.145066Z,sensor.bed_1_temperature_delta,1.4,0
2026-08-14T23:43:46.145196Z,sensor.bed_2_temperature_delta,2.0,0
2026-08-14T23:43:46.145305Z,sensor.bed_3_temperature_delta,2.2,0
2026-08-14T23:43:46.145532Z,sensor.bed_2_booster_target_speed,2,0
2026-08-14T23:43:46.145652Z,sensor.bed_3_booster_target_speed,4,0
2026-08-14T23:43:46.146490Z,sensor.bed_2_booster_pi_target_speed,2,0
2026-08-14T23:43:46.146859Z,sensor.bed_3_booster_pi_target_speed,4,0
2026-08-14T23:43:46.147093Z,sensor.bed_2_booster_effective_percentage,20,0
2026-08-14T23:43:46.147529Z,sensor.bed_3_booster_effective_percentage,40,0
2026-08-14T23:44:42.468252Z,sensor.bed_2_temp_temperature,77.36,0
2026-08-14T23:44:42.468605Z,sensor.bed_2_temperature_delta,1.8,0
2026-08-14T23:45:44.437716Z,climate.kitchen,cool,0
2026-08-14T23:50:54.729228Z,climate.kitchen,cool,0
2026-08-14T23:50:54.749278Z,climate.kitchen,cool,0
2026-08-14T23:50:54.764380Z,sensor.kitchen_temperature,75.2,0
2026-08-14T23:53:39.605185Z,sensor.bed_3_temp_temperature,77.18,0
2026-08-14T23:53:39.605619Z,sensor.bed_3_temperature_delta,1.6,0
2026-08-14T23:53:39.605985Z,sensor.bed_3_booster_target_speed,2,0
2026-08-14T23:53:39.607388Z,sensor.bed_3_booster_pi_target_speed,2,0
2026-08-14T23:53:39.607967Z,sensor.bed_3_booster_effective_percentage,20,0
2026-08-14T23:53:58.544920Z,sensor.bed_2_temp_temperature,76.82,0
2026-08-14T23:53:58.545297Z,sensor.bed_2_temperature_delta,1.3,0
2026-08-14T23:53:58.545597Z,sensor.bed_2_booster_target_speed,0,0
2026-08-14T23:53:58.546930Z,sensor.bed_2_booster_pi_target_speed,0,0
2026-08-14T23:53:58.547408Z,sensor.bed_2_booster_effective_percentage,10,0
2026-08-14T23:57:15.840060Z,sensor.kitchen_temp_temperature,74.66,0
2026-08-14T23:57:15.840487Z,sensor.bed_1_temperature_delta,2.3,0
2026-08-14T23:57:15.840785Z,sensor.bed_2_temperature_delta,2.2,0
2026-08-14T23:57:15.841076Z,sensor.bed_3_temperature_delta,2.5,0
2026-08-14T23:57:15.841407Z,sensor.bed_1_booster_target_speed,4,0
2026-08-14T23:57:15.841710Z,sensor.bed_2_booster_target_speed,4,0
2026-08-14T23:57:15.842021Z,sensor.bed_3_booster_target_speed,6,0
2026-08-14T23:57:15.843747Z,sensor.bed_1_booster_pi_target_speed,4,0
2026-08-14T23:57:15.844612Z,sensor.bed_2_booster_pi_target_speed,4,0
2026-08-14T23:57:15.845528Z,sensor.bed_3_booster_pi_target_speed,6,0
2026-08-14T23:57:15.846101Z,sensor.bed_1_booster_effective_percentage,40,0
2026-08-14T23:57:15.847178Z,sensor.bed_2_booster_effective_percentage,40,0
2026-08-14T23:57:15.850437Z,sensor.bed_3_booster_effective_percentage,60,0
2026-08-14T23:57:20.929499Z,sensor.bed_1_temp_temperature,76.46,0
2026-08-14T23:57:20.930012Z,sensor.bed_1_temperature_delta,1.8,0
2026-08-14T23:57:20.930410Z,sensor.bed_1_booster_target_speed,2,0
2026-08-14T23:57:20.932005Z,sensor.bed_1_booster_pi_target_speed,2,0
2026-08-14T23:57:20.932631Z,sensor.bed_1_booster_effective_percentage,20,0
2026-08-15T00:04:40.855818Z,sensor.bed_2_temp_temperature,75.92,0
2026-08-15T00:04:40.856285Z,sensor.bed_2_temperature_delta,1.3,0
2026-08-15T00:04:40.856640Z,sensor.bed_2_booster_target_speed,0,0
2026-08-15T00:04:40.858214Z,sensor.bed_2_booster_pi_target_speed,0,0
2026-08-15T00:04:40.858872Z,sensor.bed_2_booster_effective_percentage,10,0
2026-08-15T00:08:42.575406Z,sensor.bed_3_temp_temperature,76.64,0
2026-08-15T00:08:42.575804Z,sensor.bed_3_temperature_delta,2.0,0
2026-08-15T00:08:42.576128Z,sensor.bed_3_booster_target_speed,4,0
2026-08-15T00:08:42.577514Z,sensor.bed_3_booster_pi_target_speed,4,0
2026-08-15T00:08:42.578370Z,sensor.bed_3_booster_effective_percentage,40,0
2026-08-15T00:12:15.980510Z,sensor.kitchen_temp_temperature,73.94,0
2026-08-15T00:12:15.980875Z,sensor.bed_1_temperature_delta,2.5,0
2026-08-15T00:12:15.981096Z,sensor.bed_2_temperature_delta,2.0,0
2026-08-15T00:12:15.981298Z,sensor.bed_3_temperature_delta,2.7,0
2026-08-15T00:12:15.981547Z,sensor.bed_1_booster_target_speed,6,0
2026-08-15T00:12:15.981771Z,sensor.bed_2_booster_target_speed,2,0
2026-08-15T00:12:15.981999Z,sensor.bed_3_booster_target_speed,6,0
2026-08-15T00:12:15.983325Z,sensor.bed_1_booster_pi_target_speed,6,0
2026-08-15T00:12:15.983977Z,sensor.bed_2_booster_pi_target_speed,2,0
2026-08-15T00:12:15.984598Z,sensor.bed_3_booster_pi_target_speed,6,0
2026-08-15T00:12:15.985021Z,sensor.bed_1_booster_effective_percentage,60,0
2026-08-15T00:12:15.985786Z,sensor.bed_2_booster_effective_percentage,20,0
2026-08-15T00:12:15.986517Z,sensor.bed_3_booster_effective_percentage,60,0
2026-08-15T00:12:22.615610Z,sensor.bed_1_temp_temperature,75.92,0
2026-08-15T00:12:22.616014Z,sensor.bed_1_temperature_delta,2.0,0
2026-08-15T00:12:22.616307Z,sensor.bed_1_booster_target_speed,4,0
2026-08-15T00:12:22.617504Z,sensor.bed_1_booster_pi_target_speed,4,0
2026-08-15T00:12:22.618078Z,sensor.bed_1_booster_effective_percentage,40,0
2026-08-15T00:13:21.706938Z,climate.kitchen,cool,0
2026-08-15T00:13:23.186806Z,climate.kitchen,cool,0
2026-08-15T00:13:23.198023Z,sensor.kitchen_temperature,74.48,0
2026-08-15T00:19:40.340831Z,sensor.bed_2_temp_temperature,75.74,0
2026-08-15T00:19:40.341190Z,sensor.bed_2_temperature_delta,1.8,0
2026-08-15T00:23:45.207151Z,sensor.bed_3_temp_temperature,76.1,0
2026-08-15T00:23:45.207639Z,sensor.bed_3_temperature_delta,2.2,0
2026-08-15T00:23:45.208047Z,sensor.bed_3_booster_target_speed,4,0
2026-08-15T00:23:45.209619Z,sensor.bed_3_booster_pi_target_speed,4,0
2026-08-15T00:23:45.210272Z,sensor.bed_3_booster_effective_percentage,40,0
2026-08-15T00:27:14.673940Z,sensor.kitchen_temp_temperature,73.22,0
2026-08-15T00:27:14.674288Z,sensor.bed_1_temperature_delta,2.7,0
2026-08-15T00:27:14.674501Z,sensor.bed_2_temperature_delta,2.5,0
2026-08-15T00:27:14.674695Z,sensor.bed_3_temperature_delta,2.9,0
2026-08-15T00:27:14.674946Z,sensor.bed_1_booster_target_speed,6,0
2026-08-15T00:27:14.675170Z,sensor.bed_2_booster_target_speed,6,0
2026-08-15T00:27:14.675384Z,sensor.bed_3_booster_target_speed,6,0
2026-08-15T00:27:14.676707Z,sensor.bed_1_booster_pi_target_speed,6,0
2026-08-15T00:27:14.677415Z,sensor.bed_2_booster_pi_target_speed,6,0
2026-08-15T00:27:14.678089Z,sensor.bed_3_booster_pi_target_speed,6,0
2026-08-15T00:27:14.678498Z,sensor.bed_1_booster_effective_percentage,60,0
2026-08-15T00:27:14.679285Z,sensor.bed_2_booster_effective_percentage,60,0
2026-08-15T00:27:14.680042Z,sensor.bed_3_booster_effective_percentage,60,0
2026-08-15T00:27:24.299623Z,sensor.bed_1_temp_temperature,75.2,0
2026-08-15T00:27:24.300017Z,sensor.bed_1_temperature_delta,2.0,0
2026-08-15T00:27:24.300303Z,sensor.bed_1_booster_target_speed,4,0
2026-08-15T00:27:24.301569Z,sensor.bed_1_booster_pi_target_speed,4,0
2026-08-15T00:27:24.302058Z,sensor.bed_1_booster_effective_percentage,40,0
2026-08-15T00:32:37.740723Z,climate.kitchen,cool,0
2026-08-15T00:34:39.469956Z,sensor.bed_2_temp_temperature,75.2,0
2026-08-15T00:34:39.470414Z,sensor.bed_2_temperature_delta,2.0,0
2026-08-15T00:34:39.470782Z,sensor.bed_2_booster_target_speed,4,0
2026-08-15T00:34:39.472281Z,sensor.bed_2_booster_pi_target_speed,4,0
2026-08-15T00:34:39.472885Z,sensor.bed_2_booster_effective_percentage,40,0
2026-08-15T00:36:36.810089Z,climate.kitchen,cool,0
2026-08-15T00:36:36.855516Z,climate.kitchen,cool,0
2026-08-15T00:36:36.896053Z,sensor.kitchen_temperature,73.4,0
2026-08-15T00:38:47.324430Z,sensor.bed_3_temp_temperature,75.38,0
2026-08-15T00:38:47.324873Z,sensor.bed_3_temperature_delta,2.2,0
2026-08-15T00:38:47.325205Z,sensor.bed_3_booster_target_speed,4,0
2026-08-15T00:38:47.326553Z,sensor.bed_3_booster_pi_target_speed,4,0
2026-08-15T00:38:47.327084Z,sensor.bed_3_booster_effective_percentage,40,0
2026-08-15T00:42:27.293258Z,sensor.bed_1_temp_temperature,74.84,0
2026-08-15T00:42:27.293835Z,sensor.bed_1_temperature_delta,1.6,0
2026-08-15T00:42:27.294266Z,sensor.bed_1_booster_target_speed,2,0
2026-08-15T00:42:27.295928Z,sensor.bed_1_booster_pi_target_speed,2,0
2026-08-15T00:42:27.296494Z,sensor.bed_1_booster_effective_percentage,20,0
2026-08-15T00:43:23.329500Z,climate.kitchen,cool,0
2026-08-15T00:43:23.340953Z,sensor.kitchen_temperature,73.58,0
2026-08-15T00:48:23.894148Z,climate.kitchen,cool,0
2026-08-15T00:53:49.605066Z,sensor.bed_3_temp_temperature,75.02,0
2026-08-15T00:53:49.605522Z,sensor.bed_3_temperature_delta,1.8,0
2026-08-15T00:53:49.605892Z,sensor.bed_3_booster_target_speed,2,0
2026-08-15T00:53:49.607305Z,sensor.bed_3_booster_pi_target_speed,2,0
2026-08-15T00:53:49.607872Z,sensor.bed_3_booster_effective_percentage,20,0
2026-08-15T00:57:12.690898Z,sensor.kitchen_temp_temperature,73.94,0
2026-08-15T00:57:12.691364Z,sensor.bed_1_temperature_delta,0.9,0
2026-08-15T00:57:12.691657Z,sensor.bed_2_temperature_delta,1.3,0
2026-08-15T00:57:12.691948Z,sensor.bed_3_temperature_delta,1.1,0
2026-08-15T00:57:12.692276Z,sensor.bed_1_booster_target_speed,0,0
2026-08-15T00:57:12.692570Z,sensor.bed_2_booster_target_speed,0,0
2026-08-15T00:57:12.692883Z,sensor.bed_3_booster_target_speed,0,0
2026-08-15T00:57:12.694766Z,sensor.bed_1_booster_pi_target_speed,0,0
2026-08-15T00:57:12.695653Z,sensor.bed_2_booster_pi_target_speed,0,0
2026-08-15T00:57:12.696519Z,sensor.bed_3_booster_pi_target_speed,0,0
2026-08-15T00:57:12.697070Z,sensor.bed_1_booster_effective_percentage,0,0
2026-08-15T00:57:12.698146Z,sensor.bed_2_booster_effective_percentage,0,0
2026-08-15T00:57:12.700554Z,sensor.bed_3_booster_effective_percentage,0,0
2026-08-15T00:57:28.724392Z,sensor.bed_1_temp_temperature,75.2,0
2026-08-15T00:57:28.724903Z,sensor.bed_1_temperature_delta,1.3,0
2026-08-15T00:58:07.445811Z,climate.kitchen,cool,0
2026-08-15T00:58:07.453369Z,sensor.kitchen_temperature,74.48,0
2026-08-15T00:58:08.204657Z,climate.kitchen,cool,0
2026-08-15T00:58:08.207394Z,sensor.bed_1_booster_effective_percentage,10,0
2026-08-15T00:58:08.207564Z,sensor.bed_2_booster_effective_percentage,10,0
2026-08-15T00:58:08.207726Z,sensor.bed_3_booster_effective_percentage,10,0
2026-08-15T01:02:38.084142Z,climate.kitchen,cool,0
2026-08-15T01:04:37.903257Z,sensor.bed_2_temp_temperature,74.84,0
2026-08-15T01:04:37.903487Z,sensor.bed_2_temperature_delta,0.9,0
2026-08-15T01:06:35.914140Z,climate.kitchen,cool,0
2026-08-15T01:08:41.601012Z,sensor.bed_1_temp_temperature,74.3,0
2026-08-15T01:08:41.601475Z,sensor.bed_1_temperature_delta,0.4,0
2026-08-15T01:08:51.749330Z,sensor.bed_3_temp_temperature,74.66,0
2026-08-15T01:08:51.749528Z,sensor.bed_3_temperature_delta,0.7,0
2026-08-15T01:11:41.289200Z,climate.kitchen,cool,0
2026-08-15T01:11:41.291576Z,sensor.bed_1_booster_effective_percentage,0,0
2026-08-15T01:11:41.291710Z,sensor.bed_2_booster_effective_percentage,0,0
2026-08-15T01:11:41.291835Z,sensor.bed_3_booster_effective_percentage,0,0
2026-08-15T01:11:41.857488Z,climate.kitchen,cool,0
2026-08-15T01:12:11.679712Z,sensor.kitchen_temp_temperature,73.22,0
2026-08-15T01:12:11.680088Z,sensor.bed_1_temperature_delta,1.1,0
2026-08-15T01:12:11.680308Z,sensor.bed_2_temperature_delta,1.6,0
2026-08-15T01:12:11.680515Z,sensor.bed_3_temperature_delta,1.4,0
2026-08-15T01:12:11.680917Z,sensor.bed_2_booster_target_speed,2,0
2026-08-15T01:12:11.682445Z,sensor.bed_2_booster_pi_target_speed,2,0
2026-08-15T01:12:11.682886Z,sensor.bed_2_booster_effective_percentage,20,0
2026-08-15T01:15:41.892700Z,climate.kitchen,cool,0
2026-08-15T01:17:11.762357Z,climate.kitchen,cool,0
2026-08-15T01:19:36.670611Z,sensor.bed_2_temp_temperature,74.3,0
2026-08-15T01:19:36.671082Z,sensor.bed_2_temperature_delta,1.1,0
2026-08-15T01:19:36.671436Z,sensor.bed_2_booster_target_speed,0,0
2026-08-15T01:19:36.672919Z,sensor.bed_2_booster_pi_target_speed,0,0
2026-08-15T01:19:36.673468Z,sensor.bed_2_booster_effective_percentage,0,0
2026-08-15T01:23:42.370433Z,sensor.bed_1_temp_temperature,74.12,0
2026-08-15T01:23:42.371023Z,sensor.bed_1_temperature_delta,0.9,0
2026-08-15T01:23:54.059832Z,sensor.bed_3_temp_temperature,74.3,0
2026-08-15T01:23:54.060086Z,sensor.bed_3_temperature_delta,1.1,0
2026-08-15T01:24:13.432586Z,climate.kitchen,cool,0
2026-08-15T01:24:13.438120Z,sensor.bed_1_booster_effective_percentage,10,0
2026-08-15T01:24:13.438439Z,sensor.bed_2_booster_effective_percentage,10,0
2026-08-15T01:24:13.438737Z,sensor.bed_3_booster_effective_percentage,10,0
2026-08-15T01:24:13.786463Z,climate.kitchen,cool,0
2026-08-15T01:27:11.059713Z,sensor.kitchen_temp_temperature,73.58,0
2026-08-15T01:27:11.060142Z,sensor.bed_1_temperature_delta,0.5,0
2026-08-15T01:27:11.060400Z,sensor.bed_2_temperature_delta,0.7,0
2026-08-15T01:27:11.060632Z,sensor.bed_3_temperature_delta,0.7,0
2026-08-15T01:34:35.575547Z,sensor.bed_2_temp_temperature,73.94,0
2026-08-15T01:34:35.576079Z,sensor.bed_2_temperature_delta,0.4,0
2026-08-15T01:35:20.442297Z,climate.kitchen,cool,0
2026-08-15T01:35:21.761148Z,climate.kitchen,cool,0
2026-08-15T01:35:21.766300Z,sensor.kitchen_temperature,74.3,0
2026-08-15T01:37:33.380822Z,sensor.bed_1_temp_temperature,73.22,0
2026-08-15T01:37:33.381351Z,sensor.bed_1_temperature_delta,-0.4,0
2026-08-15T01:38:57.617400Z,sensor.bed_3_temp_temperature,73.94,0
2026-08-15T01:38:57.617656Z,sensor.bed_3_temperature_delta,0.4,0
2026-08-15T01:42:10.197900Z,sensor.kitchen_temp_temperature,73.04,0
2026-08-15T01:42:10.198121Z,sensor.bed_1_temperature_delta,0.2,0
2026-08-15T01:42:10.198250Z,sensor.bed_2_temperature_delta,0.9,0
2026-08-15T01:42:10.198364Z,sensor.bed_3_temperature_delta,0.9,0
2026-08-15T01:42:20.504675Z,climate.kitchen,cool,0
2026-08-15T01:42:20.506607Z,sensor.bed_1_booster_effective_percentage,0,0
2026-08-15T01:42:20.506708Z,sensor.bed_2_booster_effective_percentage,0,0
2026-08-15T01:42:20.506803Z,sensor.bed_3_booster_effective_percentage,0,0
2026-08-15T01:43:23.587435Z,climate.kitchen,cool,0
2026-08-15T01:47:11.872746Z,climate.kitchen,cool,0
2026-08-15T01:47:50.488636Z,climate.kitchen,cool,0
2026-08-15T01:47:50.497945Z,sensor.kitchen_temperature,73.4,0
2026-08-15T01:48:50.616538Z,climate.kitchen,cool,0
2026-08-15T01:48:51.286454Z,climate.kitchen,cool,0
2026-08-15T01:48:51.304399Z,sensor.kitchen_temperature,73.58,0
2026-08-15T01:49:36.869945Z,sensor.bed_2_temp_temperature,73.58,0
2026-08-15T01:49:36.870388Z,sensor.bed_2_temperature_delta,0.5,0
2026-08-15T01:52:34.412834Z,sensor.bed_1_temp_temperature,73.04,0
2026-08-15T01:52:34.413315Z,sensor.bed_1_temperature_delta,0.0,0
2026-08-15T01:53:59.824733Z,sensor.bed_3_temp_temperature,73.58,0
2026-08-15T01:53:59.825197Z,sensor.bed_3_temperature_delta,0.5,0
2026-08-15T01:56:23.945928Z,climate.kitchen,cool,0
2026-08-15T01:56:23.948469Z,sensor.bed_1_booster_effective_percentage,10,0
2026-08-15T01:56:23.948615Z,sensor.bed_2_booster_effective_percentage,10,0
2026-08-15T01:56:23.948733Z,sensor.bed_3_booster_effective_percentage,10,0
2026-08-15T01:56:23.956787Z,climate.kitchen,cool,0
2026-08-15T01:56:23.960608Z,sensor.kitchen_temperature,74.48,0
2026-08-15T01:57:09.438881Z,sensor.kitchen_temp_temperature,73.76,0
2026-08-15T01:57:09.439252Z,sensor.bed_1_temperature_delta,-0.7,0
2026-08-15T01:57:09.439528Z,sensor.bed_2_temperature_delta,-0.2,0
2026-08-15T01:57:09.439740Z,sensor.bed_3_temperature_delta,-0.2,0
2026-08-15T02:04:35.219312Z,sensor.bed_2_temp_temperature,73.4,0
2026-08-15T02:04:35.219867Z,sensor.bed_2_temperature_delta,-0.4,0
2026-08-15T02:05:10.540321Z,climate.kitchen,cool,0
2026-08-15T02:07:35.644596Z,sensor.bed_1_temp_temperature,72.5,0
2026-08-15T02:07:35.645071Z,sensor.bed_1_temperature_delta,-1.3,0
2026-08-15T02:09:02.025958Z,sensor.bed_3_temp_temperature,73.22,0
2026-08-15T02:09:02.026412Z,sensor.bed_3_temperature_delta,-0.5,0
2026-08-15T02:12:10.627006Z,sensor.kitchen_temp_temperature,73.22,0
2026-08-15T02:12:10.627455Z,sensor.bed_1_temperature_delta,-0.7,0
2026-08-15T02:12:10.627753Z,sensor.bed_2_temperature_delta,0.2,0
2026-08-15T02:12:10.628042Z,sensor.bed_3_temperature_delta,0.0,0
2026-08-15T02:19:34.048985Z,sensor.bed_2_temp_temperature,72.86,0
2026-08-15T02:19:34.049199Z,sensor.bed_2_temperature_delta,-0.4,0
2026-08-15T02:22:38.565928Z,sensor.bed_1_temp_temperature,71.78,0
2026-08-15T02:22:38.566093Z,sensor.bed_1_temperature_delta,-1.4,0
2026-08-15T02:24:03.939758Z,sensor.bed_3_temp_temperature,72.86,0
2026-08-15T02:24:03.940086Z,sensor.bed_3_temperature_delta,-0.4,0
2026-08-15T02:25:01.091505Z,climate.kitchen,cool,0
2026-08-15T02:34:34.424029Z,sensor.bed_2_temp_temperature,72.32,0
2026-08-15T02:34:34.424334Z,sensor.bed_2_temperature_delta,-0.9,0
2026-08-15T02:37:38.737540Z,sensor.bed_1_temp_temperature,71.24,0
2026-08-15T02:37:38.737782Z,sensor.bed_1_temperature_delta,-2.0,0
2026-08-15T02:39:05.448729Z,sensor.bed_3_temp_temperature,72.32,0
2026-08-15T02:39:05.449203Z,sensor.bed_3_temperature_delta,-0.9,0
2026-08-15T02:41:50.124011Z,climate.kitchen,cool,0
2026-08-15T02:42:09.117518Z,sensor.kitchen_temp_temperature,72.86,0
2026-08-15T02:42:09.118034Z,sensor.bed_1_temperature_delta,-1.6,0
2026-08-15T02:42:09.118363Z,sensor.bed_2_temperature_delta,-0.5,0
2026-08-15T02:42:09.118660Z,sensor.bed_3_temperature_delta,-0.5,0
2026-08-15T02:49:32.720232Z,sensor.bed_2_temp_temperature,71.96,0
2026-08-15T02:49:32.720632Z,sensor.bed_2_temperature_delta,-0.9,0
2026-08-15T02:52:41.221771Z,sensor.bed_1_temp_temperature,70.52,0
2026-08-15T02:52:41.222086Z,sensor.bed_1_temperature_delta,-2.3,0
2026-08-15T02:54:06.421507Z,sensor.bed_3_temp_temperature,71.96,0
2026-08-15T02:54:06.421792Z,sensor.bed_3_temperature_delta,-0.9,0
2026-08-15T02:56:10.020889Z,climate.kitchen,cool,0
2026-08-15T02:57:08.045146Z,sensor.kitchen_temp_temperature,73.04,0
2026-08-15T02:57:08.045659Z,sensor.bed_1_temperature_delta,-2.5,0
2026-08-15T02:57:08.046008Z,sensor.bed_2_temperature_delta,-1.1,0
2026-08-15T02:57:08.046301Z,sensor.bed_3_temperature_delta,-1.1,0
2026-08-15T03:00:14.180974Z,climate.kitchen,cool,0
2026-08-15T03:00:14.190406Z,sensor.kitchen_temperature,71.78,0
2026-08-15T03:00:14.198488Z,climate.kitchen,cool,0
2026-08-15T03:00:14.231082Z,sensor.bed_1_booster_effective_percentage,0,0
2026-08-15T03:00:14.231340Z,sensor.bed_2_booster_effective_percentage,0,0
2026-08-15T03:00:14.231575Z,sensor.bed_3_booster_effective_percentage,0,0
2026-08-15T03:04:30.905653Z,sensor.bed_2_temp_temperature,71.6,0
2026-08-15T03:04:30.906010Z,sensor.bed_2_temperature_delta,-1.4,0
2026-08-15T03:05:11.074058Z,climate.kitchen,cool,0
2026-08-15T03:06:41.235564Z,climate.kitchen,cool,0
2026-08-15T03:07:40.604272Z,sensor.bed_1_temp_temperature,71.06,0
2026-08-15T03:07:40.604697Z,sensor.bed_1_temperature_delta,-2.0,0
2026-08-15T03:07:57.420039Z,sensor.kitchen_temp_temperature,73.94,0
2026-08-15T03:07:57.420552Z,sensor.bed_1_temperature_delta,-2.9,0
2026-08-15T03:07:57.420887Z,sensor.bed_2_temperature_delta,-2.3,0
2026-08-15T03:07:57.421179Z,sensor.bed_3_temperature_delta,-2.0,0
2026-08-15T03:09:07.717604Z,sensor.bed_3_temp_temperature,71.6,0
2026-08-15T03:09:07.717998Z,sensor.bed_3_temperature_delta,-2.3,0
2026-08-15T03:13:01.823431Z,climate.kitchen,cool,0
2026-08-15T03:13:03.888585Z,climate.kitchen,cool,0
2026-08-15T03:13:03.892915Z,sensor.bed_1_booster_effective_percentage,10,0
2026-08-15T03:13:03.893020Z,sensor.bed_2_booster_effective_percentage,10,0
2026-08-15T03:13:03.893117Z,sensor.bed_3_booster_effective_percentage,10,0
2026-08-15T03:13:03.895074Z,climate.kitchen,cool,0
2026-08-15T03:13:13.123912Z,climate.kitchen,cool,0
2026-08-15T03:13:13.126907Z,sensor.bed_1_booster_effective_percentage,0,0
2026-08-15T03:13:13.127026Z,sensor.bed_2_booster_effective_percentage,0,0
2026-08-15T03:13:13.127127Z,sensor.bed_3_booster_effective_percentage,0,0
2026-08-15T03:13:14.059023Z,climate.kitchen,cool,0
2026-08-15T03:13:21.051644Z,sensor.kitchen_temperature,72.5,0
2026-08-15T03:19:28.932519Z,sensor.bed_2_temp_temperature,71.78,0
2026-08-15T03:19:28.933057Z,sensor.bed_2_temperature_delta,-2.2,0
2026-08-15T03:21:16.824614Z,sensor.bed_1_temp_temperature,71.96,0
2026-08-15T03:21:16.824832Z,sensor.bed_1_temperature_delta,-2.0,0
2026-08-15T03:22:56.693457Z,sensor.kitchen_temp_temperature,74.66,0
2026-08-15T03:22:56.693891Z,sensor.bed_1_temperature_delta,-2.7,0
2026-08-15T03:22:56.694160Z,sensor.bed_2_temperature_delta,-2.9,0
2026-08-15T03:22:56.694405Z,sensor.bed_3_temperature_delta,-3.1,0
2026-08-15T03:24:08.692285Z,sensor.bed_3_temp_temperature,71.42,0
2026-08-15T03:24:08.692482Z,sensor.bed_3_temperature_delta,-3.2,0
2026-08-15T03:30:32.677229Z,climate.kitchen,cool,0
2026-08-15T03:30:32.682008Z,sensor.bed_1_booster_effective_percentage,10,0
2026-08-15T03:30:32.682306Z,sensor.bed_2_booster_effective_percentage,10,0
2026-08-15T03:30:32.682559Z,sensor.bed_3_booster_effective_percentage,10,0
2026-08-15T03:30:32.742101Z,climate.kitchen,cool,0
2026-08-15T03:33:33.153543Z,climate.kitchen,cool,0
2026-08-15T03:34:26.921456Z,sensor.bed_2_temp_temperature,71.6,0
2026-08-15T03:34:26.923920Z,sensor.bed_2_temperature_delta,-3.1,0
2026-08-15T03:36:17.433617Z,sensor.bed_1_temp_temperature,72.14,0
2026-08-15T03:36:17.434123Z,sensor.bed_1_temperature_delta,-2.5,0
2026-08-15T03:36:48.753004Z,climate.kitchen,cool,0
2026-08-15T03:37:56.781456Z,sensor.kitchen_temp_temperature,74.3,0
2026-08-15T03:37:56.781973Z,sensor.bed_1_temperature_delta,-2.2,0
2026-08-15T03:37:56.782298Z,sensor.bed_2_temperature_delta,-2.7,0
2026-08-15T03:37:56.782590Z,sensor.bed_3_temperature_delta,-2.9,0
2026-08-15T03:39:09.619078Z,sensor.bed_3_temp_temperature,71.06,0
2026-08-15T03:39:09.619306Z,sensor.bed_3_temperature_delta,-3.2,0
2026-08-15T03:49:25.333930Z,sensor.bed_2_temp_temperature,70.88,0
2026-08-15T03:49:25.334158Z,sensor.bed_2_temperature_delta,-3.4,0
2026-08-15T03:50:39.714656Z,sensor.kitchen_temp_temperature,73.4,0
2026-08-15T03:50:39.715062Z,sensor.bed_1_temperature_delta,-1.3,0
2026-08-15T03:50:39.715290Z,sensor.bed_2_temperature_delta,-2.5,0
2026-08-15T03:50:39.715493Z,sensor.bed_3_temperature_delta,-2.3,0
2026-08-15T03:51:18.509318Z,sensor.bed_1_temp_temperature,71.96,0
2026-08-15T03:51:18.509771Z,sensor.bed_1_temperature_delta,-1.4,0
2026-08-15T03:54:11.043072Z,sensor.bed_3_temp_temperature,70.88,0
2026-08-15T03:54:11.043559Z,sensor.bed_3_temperature_delta,-2.5,0
2026-08-15T04:04:23.224510Z,sensor.bed_2_temp_temperature,70.34,0
2026-08-15T04:04:23.225044Z,sensor.bed_2_temperature_delta,-3.1,0
2026-08-15T04:05:39.198898Z,sensor.kitchen_temp_temperature,72.68,0
2026-08-15T04:05:39.199344Z,sensor.bed_1_temperature_delta,-0.7,0
2026-08-15T04:05:39.199638Z,sensor.bed_2_temperature_delta,-2.3,0
2026-08-15T04:05:39.199923Z,sensor.bed_3_temperature_delta,-1.8,0
2026-08-15T04:06:18.176245Z,sensor.bed_1_temp_temperature,71.6,0
2026-08-15T04:06:18.176727Z,sensor.bed_1_temperature_delta,-1.1,0
2026-08-15T04:09:11.680454Z,sensor.bed_3_temp_temperature,70.52,0
2026-08-15T04:09:11.680651Z,sensor.bed_3_temperature_delta,-2.2,0
2026-08-15T04:18:21.524154Z,sensor.kitchen_temperature,72.32,0
2026-08-15T04:18:50.670774Z,sensor.kitchen_temp_temperature,71.78,0
2026-08-15T04:18:50.671154Z,sensor.bed_1_temperature_delta,-0.2,0
2026-08-15T04:18:50.671386Z,sensor.bed_2_temperature_delta,-1.4,0
2026-08-15T04:18:50.671592Z,sensor.bed_3_temperature_delta,-1.3,0
2026-08-15T04:19:21.263871Z,sensor.bed_2_temp_temperature,69.8,0
2026-08-15T04:19:21.264132Z,sensor.bed_2_temperature_delta,-2.0,0
2026-08-15T04:21:18.544421Z,sensor.bed_1_temp_temperature,71.06,0
2026-08-15T04:21:18.544863Z,sensor.bed_1_temperature_delta,-0.7,0
2026-08-15T04:24:12.349480Z,sensor.bed_3_temp_temperature,69.98,0
2026-08-15T04:24:12.349874Z,sensor.bed_3_temperature_delta,-1.8,0
2026-08-15T04:33:49.436766Z,sensor.kitchen_temp_temperature,71.06,0
2026-08-15T04:33:49.436990Z,sensor.bed_1_temperature_delta,0.0,0
2026-08-15T04:33:49.437110Z,sensor.bed_2_temperature_delta,-1.3,0
2026-08-15T04:33:49.437220Z,sensor.bed_3_temperature_delta,-1.1,0
2026-08-15T04:34:17.943447Z,sensor.bed_2_temp_temperature,69.44,0
2026-08-15T04:34:17.943921Z,sensor.bed_2_temperature_delta,-1.6,0
2026-08-15T04:36:18.490527Z,sensor.bed_1_temp_temperature,70.7,0
2026-08-15T04:36:18.491064Z,sensor.bed_1_temperature_delta,-0.4,0
2026-08-15T04:39:13.511360Z,sensor.bed_3_temp_temperature,69.44,0
2026-08-15T04:39:13.511728Z,sensor.bed_3_temperature_delta,-1.6,0
2026-08-15T04:47:55.931305Z,sensor.kitchen_temp_temperature,70.16,0
2026-08-15T04:47:55.931515Z,sensor.bed_1_temperature_delta,0.5,0
2026-08-15T04:47:55.931651Z,sensor.bed_2_temperature_delta,-0.7,0
2026-08-15T04:47:55.931754Z,sensor.bed_3_temperature_delta,-0.7,0
2026-08-15T04:48:56.140987Z,climate.kitchen,cool,0
2026-08-15T04:48:56.160542Z,sensor.kitchen_temperature,71.42,0
2026-08-15T04:49:17.144133Z,sensor.bed_2_temp_temperature,68.9,0
2026-08-15T04:49:17.144628Z,sensor.bed_2_temperature_delta,-1.3,0
2026-08-15T04:51:18.392990Z,sensor.bed_1_temp_temperature,69.98,0
2026-08-15T04:51:18.393457Z,sensor.bed_1_temperature_delta,-0.2,0
2026-08-15T04:54:16.072951Z,sensor.bed_3_temp_temperature,69.08,0
2026-08-15T04:54:16.073441Z,sensor.bed_3_temperature_delta,-1.1,0
2026-08-15T05:02:57.545556Z,sensor.kitchen_temp_temperature,69.62,0
2026-08-15T05:02:57.546020Z,sensor.bed_1_temperature_delta,0.4,0
2026-08-15T05:02:57.546317Z,sensor.bed_2_temperature_delta,-0.7,0
2026-08-15T05:02:57.546582Z,sensor.bed_3_temperature_delta,-0.5,0
2026-08-15T05:04:14.194294Z,sensor.bed_2_temp_temperature,68.36,0
2026-08-15T05:04:14.194530Z,sensor.bed_2_temperature_delta,-1.3,0
2026-08-15T05:06:22.217710Z,sensor.bed_1_temp_temperature,69.44,0
2026-08-15T05:06:22.218235Z,sensor.bed_1_temperature_delta,-0.2,0
2026-08-15T05:09:16.624084Z,sensor.bed_3_temp_temperature,68.54,0
2026-08-15T05:09:16.624325Z,sensor.bed_3_temperature_delta,-1.1,0
2026-08-15T05:17:55.660844Z,sensor.kitchen_temp_temperature,68.9,0
2026-08-15T05:17:55.661063Z,sensor.bed_1_temperature_delta,0.5,0
2026-08-15T05:17:55.661186Z,sensor.bed_2_temperature_delta,-0.5,0
2026-08-15T05:17:55.661291Z,sensor.bed_3_temperature_delta,-0.4,0
2026-08-15T05:18:47.098687Z,climate.kitchen,cool,0
2026-08-15T05:18:57.319222Z,climate.kitchen,cool,0
2026-08-15T05:18:57.328594Z,sensor.kitchen_temperature,70.34,0
2026-08-15T05:19:11.090334Z,sensor.bed_2_temp_temperature,67.82,0
2026-08-15T05:19:11.090569Z,sensor.bed_2_temperature_delta,-1.1,0
2026-08-15T05:21:17.537223Z,climate.kitchen,cool,0
2026-08-15T05:21:23.711199Z,sensor.bed_1_temp_temperature,68.9,0
2026-08-15T05:21:23.711690Z,sensor.bed_1_temperature_delta,0.0,0
2026-08-15T05:24:18.679903Z,sensor.bed_3_temp_temperature,68.0,0
2026-08-15T05:24:18.680379Z,sensor.bed_3_temperature_delta,-0.9,0
2026-08-15T05:31:03.451325Z,climate.kitchen,cool,0
2026-08-15T05:31:03.456384Z,sensor.bed_1_booster_effective_percentage,0,0
2026-08-15T05:31:03.456659Z,sensor.bed_2_booster_effective_percentage,0,0
2026-08-15T05:31:03.456929Z,sensor.bed_3_booster_effective_percentage,0,0
2026-08-15T05:31:03.466628Z,climate.kitchen,cool,0
2026-08-15T05:31:05.553373Z,climate.kitchen,cool,0
2026-08-15T05:32:53.503735Z,sensor.kitchen_temp_temperature,68.54,0
2026-08-15T05:32:53.503986Z,sensor.bed_1_temperature_delta,0.4,0
2026-08-15T05:32:53.504094Z,sensor.bed_2_temperature_delta,-0.7,0
2026-08-15T05:32:53.504193Z,sensor.bed_3_temperature_delta,-0.5,0
2026-08-15T05:34:08.079475Z,sensor.bed_2_temp_temperature,68.18,0
2026-08-15T05:34:08.079889Z,sensor.bed_2_temperature_delta,-0.4,0
2026-08-15T05:36:22.519688Z,climate.kitchen,cool,0
2026-08-15T05:36:24.043081Z,sensor.bed_1_temp_temperature,68.18,0
2026-08-15T05:36:24.043257Z,sensor.bed_1_temperature_delta,-0.4,0
2026-08-15T05:39:18.956003Z,sensor.bed_3_temp_temperature,67.64,0
2026-08-15T05:39:18.956377Z,sensor.bed_3_temperature_delta,-0.9,0
2026-08-15T05:43:56.033442Z,climate.kitchen,cool,0
2026-08-15T05:43:56.049194Z,sensor.kitchen_temperature,69.44,0
2026-08-15T05:47:51.264252Z,sensor.kitchen_temp_temperature,69.26,0
2026-08-15T05:47:51.264503Z,sensor.bed_1_temperature_delta,-1.1,0
2026-08-15T05:47:51.264633Z,sensor.bed_2_temperature_delta,-1.1,0
2026-08-15T05:47:51.264741Z,sensor.bed_3_temperature_delta,-1.6,0
2026-08-15T05:49:05.022780Z,sensor.bed_2_temp_temperature,68.72,0
2026-08-15T05:49:05.023244Z,sensor.bed_2_temperature_delta,-0.5,0
2026-08-15T05:51:22.615854Z,sensor.bed_1_temp_temperature,68.54,0
2026-08-15T05:51:22.616221Z,sensor.bed_1_temperature_delta,-0.7,0
2026-08-15T05:54:18.788437Z,sensor.bed_3_temp_temperature,67.28,0
2026-08-15T05:54:18.788804Z,sensor.bed_3_temperature_delta,-2.0,0
2026-08-15T06:00:00Z,climate.kitchen,cool,1
2026-08-15T06:00:00Z,sensor.bed_1_booster_adaptive_boost,0,1
2026-08-15T06:00:00Z,sensor.bed_1_booster_effective_percentage,0,1
2026-08-15T06:00:00Z,sensor.bed_1_booster_pi_target_speed,0,1
2026-08-15T06:00:00Z,sensor.bed_1_booster_target_speed,0,1
2026-08-15T06:00:00Z,sensor.bed_1_temp_temperature,68.54,1
2026-08-15T06:00:00Z,sensor.bed_1_temperature_delta,-0.7,1
2026-08-15T06:00:00Z,sensor.bed_2_booster_adaptive_boost,0,1
2026-08-15T06:00:00Z,sensor.bed_2_booster_effective_percentage,0,1
2026-08-15T06:00:00Z,sensor.bed_2_booster_pi_target_speed,0,1
2026-08-15T06:00:00Z,sensor.bed_2_booster_target_speed,0,1
2026-08-15T06:00:00Z,sensor.bed_2_temp_temperature,68.72,1
2026-08-15T06:00:00Z,sensor.bed_2_temperature_delta,-0.5,1
2026-08-15T06:00:00Z,sensor.bed_3_booster_adaptive_boost,0,1
2026-08-15T06:00:00Z,sensor.bed_3_booster_effective_percentage,0,1
2026-08-15T06:00:00Z,sensor.bed_3_booster_pi_target_speed,0,1
2026-08-15T06:00:00Z,sensor.bed_3_booster_target_speed,0,1
2026-08-15T06:00:00Z,sensor.bed_3_temp_temperature,67.28,1
2026-08-15T06:00:00Z,sensor.bed_3_temperature_delta,-2.0,1
2026-08-15T06:00:00Z,sensor.kitchen_temp_temperature,69.26,1
2026-08-15T06:00:00Z,sensor.kitchen_temperature,69.44,1
2026-08-15T06:02:49.111497Z,sensor.kitchen_temp_temperature,69.44,0
2026-08-15T06:02:49.111712Z,sensor.bed_1_temperature_delta,-0.9,0
2026-08-15T06:02:49.111847Z,sensor.bed_2_temperature_delta,-0.7,0
2026-08-15T06:02:49.111961Z,sensor.bed_3_temperature_delta,-2.2,0
2026-08-15T06:04:02.043709Z,sensor.bed_2_temp_temperature,68.9,0
2026-08-15T06:04:02.043974Z,sensor.bed_2_temperature_delta,-0.5,0
2026-08-15T06:13:40.415713Z,climate.kitchen,cool,0
2026-08-15T06:13:43.702847Z,climate.kitchen,cool,0
2026-08-15T06:13:55.908757Z,climate.kitchen,cool,0
2026-08-15T06:13:55.912133Z,sensor.kitchen_temperature,69.62,0
2026-08-15T06:17:46.927781Z,sensor.kitchen_temp_temperature,69.62,0
2026-08-15T06:17:46.928287Z,sensor.bed_1_temperature_delta,-1.1,0
2026-08-15T06:17:46.928610Z,sensor.bed_2_temperature_delta,-0.7,0
2026-08-15T06:17:46.928917Z,sensor.bed_3_temperature_delta,-2.3,0
2026-08-15T06:18:59.006672Z,sensor.bed_2_temp_temperature,69.08,0
2026-08-15T06:18:59.006907Z,sensor.bed_2_temperature_delta,-0.5,0
2026-08-15T06:21:21.766723Z,sensor.bed_1_temp_temperature,68.9,0
2026-08-15T06:21:21.767107Z,sensor.bed_1_temperature_delta,-0.7,0
2026-08-15T06:22:33.419798Z,climate.kitchen,cool,0
2026-08-15T06:24:18.148813Z,sensor.bed_3_temp_temperature,67.1,0
2026-08-15T06:24:18.149297Z,sensor.bed_3_temperature_delta,-2.5,0
2026-08-15T06:32:44.902868Z,sensor.kitchen_temp_temperature,69.98,0
2026-08-15T06:32:44.903303Z,sensor.bed_1_temperature_delta,-1.1,0
2026-08-15T06:32:44.903596Z,sensor.bed_2_temperature_delta,-0.9,0
2026-08-15T06:32:44.903881Z,sensor.bed_3_temperature_delta,-2.9,0
2026-08-15T06:36:21.229217Z,sensor.bed_1_temp_temperature,69.08,0
2026-08-15T06:36:21.229585Z,sensor.bed_1_temperature_delta,-0.9,0
2026-08-15T06:51:20.656469Z,sensor.bed_1_temp_temperature,69.26,0
2026-08-15T06:51:20.656954Z,sensor.bed_1_temperature_delta,-0.7,0
2026-08-15T07:02:40.799641Z,sensor.kitchen_temp_temperature,70.16,0
2026-08-15T07:02:40.800118Z,sensor.bed_1_temperature_delta,-0.9,0
2026-08-15T07:02:40.800416Z,sensor.bed_2_temperature_delta,-1.1,0
2026-08-15T07:02:40.800684Z,sensor.bed_3_temperature_delta,-3.1,0
2026-08-15T07:05:04.665482Z,climate.kitchen,cool,0
2026-08-15T07:06:20.251788Z,sensor.bed_1_temp_temperature,69.44,0
2026-08-15T07:06:20.252025Z,sensor.bed_1_temperature_delta,-0.7,0
2026-08-15T07:32:36.998928Z,sensor.kitchen_temp_temperature,70.34,0
2026-08-15T07:32:36.999386Z,sensor.bed_1_temperature_delta,-0.9,0
2026-08-15T07:32:36.999684Z,sensor.bed_2_temperature_delta,-1.3,0
2026-08-15T07:32:36.999971Z,sensor.bed_3_temperature_delta,-3.2,0
2026-08-15T07:39:18.570818Z,sensor.bed_3_temp_temperature,67.28,0
2026-08-15T07:39:18.571312Z,sensor.bed_3_temperature_delta,-3.1,0
2026-08-15T08:03:43.861946Z,sensor.bed_2_temp_temperature,68.9,0
2026-08-15T08:03:43.862165Z,sensor.bed_2_temperature_delta,-1.4,0
2026-08-15T08:32:32.994180Z,sensor.kitchen_temp_temperature,70.52,0
2026-08-15T08:32:32.994590Z,sensor.bed_1_temperature_delta,-1.1,0
2026-08-15T08:32:32.994854Z,sensor.bed_2_temperature_delta,-1.6,0
2026-08-15T08:32:32.995100Z,sensor.bed_3_temperature_delta,-3.2,0
2026-08-15T08:35:06.101746Z,climate.kitchen,cool,0
2026-08-15T08:35:06.106594Z,sensor.kitchen_temperature,69.44,0
2026-08-15T08:40:06.304503Z,climate.kitchen,cool,0
2026-08-15T08:48:35.358968Z,sensor.bed_2_temp_temperature,68.72,0
2026-08-15T08:48:35.359463Z,sensor.bed_2_temperature_delta,-1.8,0
2026-08-15T09:25:06.207135Z,climate.kitchen,cool,0
2026-08-15T09:25:06.223685Z,sensor.kitchen_temperature,69.62,0
2026-08-15T10:06:20.734730Z,sensor.bed_1_temp_temperature,69.62,0
2026-08-15T10:06:20.735096Z,sensor.bed_1_temperature_delta,-0.9,0
2026-08-15T10:32:18.435009Z,sensor.kitchen_temp_temperature,70.34,0
2026-08-15T10:32:18.435381Z,sensor.bed_1_temperature_delta,-0.7,0
2026-08-15T10:32:18.435605Z,sensor.bed_2_temperature_delta,-1.6,0
2026-08-15T10:32:18.435807Z,sensor.bed_3_temperature_delta,-3.1,0
2026-08-15T10:48:16.819031Z,sensor.bed_2_temp_temperature,68.9,0
2026-08-15T10:48:16.819259Z,sensor.bed_2_temperature_delta,-1.4,0
2026-08-15T10:54:21.710735Z,sensor.bed_3_temp_temperature,67.46,0
2026-08-15T10:54:21.711200Z,sensor.bed_3_temperature_delta,-2.9,0
2026-08-15T11:03:14.299068Z,sensor.bed_2_temp_temperature,68.72,0
2026-08-15T11:03:14.299290Z,sensor.bed_2_temperature_delta,-1.6,0
2026-08-15T11:54:23.736878Z,sensor.bed_3_temp_temperature,67.28,0
2026-08-15T11:54:23.737327Z,sensor.bed_3_temperature_delta,-3.1,0
2026-08-15T12:09:23.345937Z,sensor.bed_3_temp_temperature,67.46,0
2026-08-15T12:09:23.346162Z,sensor.bed_3_temperature_delta,-2.9,0
2026-08-15T12:47:56.474509Z,sensor.bed_2_temp_temperature,68.9,0
2026-08-15T12:47:56.475032Z,sensor.bed_2_temperature_delta,-1.4,0
2026-08-15T12:51:22.554730Z,sensor.bed_1_temp_temperature,69.8,0
2026-08-15T12:51:22.555236Z,sensor.bed_1_temperature_delta,-0.5,0
2026-08-15T12:54:23.247176Z,sensor.bed_3_temp_temperature,67.64,0
2026-08-15T12:54:23.247617Z,sensor.bed_3_temperature_delta,-2.7,0
2026-08-15T13:00:10.258354Z,climate.kitchen,cool,0
2026-08-15T13:00:10.260432Z,sensor.bed_1_booster_effective_percentage,10,0
2026-08-15T13:00:10.260557Z,sensor.bed_2_booster_effective_percentage,10,0
2026-08-15T13:00:10.260669Z,sensor.bed_3_booster_effective_percentage,10,0
2026-08-15T13:00:10.354692Z,climate.kitchen,cool,0
2026-08-15T13:00:10.359826Z,sensor.kitchen_temperature,70.7,0
2026-08-15T13:02:53.873957Z,sensor.bed_2_temp_temperature,69.08,0
2026-08-15T13:02:53.874460Z,sensor.bed_2_temperature_delta,-1.3,0
2026-08-15T13:05:04.071061Z,climate.kitchen,cool,0
2026-08-15T13:06:22.185873Z,sensor.bed_1_temp_temperature,69.62,0
2026-08-15T13:06:22.186087Z,sensor.bed_1_temperature_delta,-0.7,0
2026-08-15T13:09:23.156014Z,sensor.bed_3_temp_temperature,68.0,0
2026-08-15T13:09:23.156502Z,sensor.bed_3_temperature_delta,-2.3,0
2026-08-15T13:10:14.561527Z,climate.kitchen,cool,0
2026-08-15T13:10:14.593861Z,climate.kitchen,cool,0
2026-08-15T13:10:14.609719Z,sensor.kitchen_temperature,69.98,0
2026-08-15T13:13:28.019802Z,climate.kitchen,cool,0
2026-08-15T13:13:28.024425Z,sensor.bed_1_booster_effective_percentage,0,0
2026-08-15T13:13:28.024674Z,sensor.bed_2_booster_effective_percentage,0,0
2026-08-15T13:13:28.024928Z,sensor.bed_3_booster_effective_percentage,0,0
2026-08-15T13:15:56.764756Z,climate.kitchen,cool,0
2026-08-15T13:15:57.316647Z,climate.kitchen,cool,0
2026-08-15T13:15:57.319944Z,sensor.kitchen_temperature,69.44,0
2026-08-15T13:16:58.515616Z,sensor.kitchen_temp_temperature,69.62,0
2026-08-15T13:16:58.515824Z,sensor.bed_1_temperature_delta,0.0,0
2026-08-15T13:16:58.516000Z,sensor.bed_2_temperature_delta,-0.5,0
2026-08-15T13:16:58.516116Z,sensor.bed_3_temperature_delta,-1.6,0
2026-08-15T13:17:50.827464Z,sensor.bed_2_temp_temperature,68.72,0
2026-08-15T13:17:50.827691Z,sensor.bed_2_temperature_delta,-0.9,0
2026-08-15T13:20:27.946726Z,climate.kitchen,cool,0
2026-08-15T13:21:22.133687Z,sensor.bed_1_temp_temperature,69.26,0
2026-08-15T13:21:22.134152Z,sensor.bed_1_temperature_delta,-0.4,0
2026-08-15T13:24:23.044645Z,sensor.bed_3_temp_temperature,68.54,0
2026-08-15T13:24:23.046077Z,sensor.bed_3_temperature_delta,-1.1,0
2026-08-15T13:31:56.570494Z,sensor.kitchen_temp_temperature,69.98,0
2026-08-15T13:31:56.571008Z,sensor.bed_1_temperature_delta,-0.7,0
2026-08-15T13:31:56.571332Z,sensor.bed_2_temperature_delta,-1.3,0
2026-08-15T13:31:56.571624Z,sensor.bed_3_temperature_delta,-1.4,0
2026-08-15T13:32:48.440121Z,sensor.bed_2_temp_temperature,69.08,0
2026-08-15T13:32:48.440346Z,sensor.bed_2_temperature_delta,-0.9,0
2026-08-15T13:35:26.778486Z,climate.kitchen,cool,0
2026-08-15T13:36:21.717177Z,sensor.bed_1_temp_temperature,69.44,0
2026-08-15T13:36:21.717684Z,sensor.bed_1_temperature_delta,-0.5,0
2026-08-15T13:39:25.084489Z,sensor.bed_3_temp_temperature,69.08,0
2026-08-15T13:39:25.084965Z,sensor.bed_3_temperature_delta,-0.9,0
2026-08-15T13:47:46.584691Z,sensor.bed_2_temp_temperature,69.8,0
2026-08-15T13:47:46.585068Z,sensor.bed_2_temperature_delta,-0.2,0
2026-08-15T13:51:21.535329Z,sensor.bed_1_temp_temperature,69.62,0
2026-08-15T13:51:21.535533Z,sensor.bed_1_temperature_delta,-0.4,0
2026-08-15T13:54:27.441629Z,sensor.bed_3_temp_temperature,69.44,0
2026-08-15T13:54:27.442147Z,sensor.bed_3_temperature_delta,-0.5,0
2026-08-15T13:55:27.035416Z,climate.kitchen,cool,0
2026-08-15T13:55:27.044288Z,sensor.kitchen_temperature,70.52,0
2026-08-15T13:58:47.149516Z,climate.kitchen,cool,0
2026-08-15T14:01:52.989682Z,sensor.kitchen_temp_temperature,70.16,0
2026-08-15T14:01:52.990062Z,sensor.bed_1_temperature_delta,-0.5,0
2026-08-15T14:01:52.990290Z,sensor.bed_2_temperature_delta,-0.4,0
2026-08-15T14:01:52.990489Z,sensor.bed_3_temperature_delta,-0.7,0
2026-08-15T14:02:19.499393Z,climate.kitchen,cool,0
2026-08-15T14:02:19.508596Z,sensor.kitchen_temperature,70.7,0
2026-08-15T14:02:44.222956Z,sensor.bed_2_temp_temperature,70.16,0
2026-08-15T14:02:44.223309Z,sensor.bed_2_temperature_delta,0.0,0
2026-08-15T14:06:24.183650Z,sensor.bed_1_temp_temperature,69.98,0
2026-08-15T14:06:24.183886Z,sensor.bed_1_temperature_delta,-0.2,0
2026-08-15T14:09:27.801956Z,sensor.bed_3_temp_temperature,69.62,0
2026-08-15T14:09:27.802445Z,sensor.bed_3_temperature_delta,-0.5,0
2026-08-15T14:17:43.156680Z,sensor.bed_2_temp_temperature,70.34,0
2026-08-15T14:17:43.157191Z,sensor.bed_2_temperature_delta,0.2,0
2026-08-15T14:21:25.255661Z,sensor.bed_1_temp_temperature,70.34,0
2026-08-15T14:21:25.256127Z,sensor.bed_1_temperature_delta,0.2,0
2026-08-15T14:24:30.457279Z,sensor.bed_3_temp_temperature,69.98,0
2026-08-15T14:24:30.457741Z,sensor.bed_3_temperature_delta,-0.2,0
2026-08-15T14:31:48.902118Z,sensor.kitchen_temp_temperature,70.34,0
2026-08-15T14:31:48.902466Z,sensor.bed_1_temperature_delta,0.0,0
2026-08-15T14:31:48.902684Z,sensor.bed_2_temperature_delta,0.0,0
2026-08-15T14:31:48.902897Z,sensor.bed_3_temperature_delta,-0.4,0
2026-08-15T14:32:43.125031Z,sensor.bed_2_temp_temperature,70.52,0
2026-08-15T14:32:43.125527Z,sensor.bed_2_temperature_delta,0.2,0
2026-08-15T14:36:26.384236Z,sensor.bed_1_temp_temperature,70.52,0
2026-08-15T14:36:26.384476Z,sensor.bed_1_temperature_delta,0.2,0
2026-08-15T14:39:31.218415Z,sensor.bed_3_temp_temperature,70.52,0
2026-08-15T14:39:31.218767Z,sensor.bed_3_temperature_delta,0.2,0
2026-08-15T14:46:47.405602Z,sensor.kitchen_temp_temperature,70.52,0
2026-08-15T14:46:47.405806Z,sensor.bed_1_temperature_delta,0.0,0
2026-08-15T14:46:47.405956Z,sensor.bed_2_temperature_delta,0.0,0
2026-08-15T14:46:47.406056Z,sensor.bed_3_temperature_delta,0.0,0
2026-08-15T14:47:40.160364Z,sensor.bed_2_temp_temperature,70.88,0
2026-08-15T14:47:40.160736Z,sensor.bed_2_temperature_delta,0.4,0
2026-08-15T14:51:27.603578Z,sensor.bed_1_temp_temperature,71.06,0
2026-08-15T14:51:27.603832Z,sensor.bed_1_temperature_delta,0.5,0
2026-08-15T14:54:32.035632Z,sensor.bed_3_temp_temperature,70.88,0
2026-08-15T14:54:32.036125Z,sensor.bed_3_temperature_delta,0.4,0
2026-08-15T15:02:38.221645Z,sensor.bed_2_temp_temperature,71.24,0
2026-08-15T15:02:38.222128Z,sensor.bed_2_temperature_delta,0.7,0
2026-08-15T15:06:27.700110Z,sensor.bed_1_temp_temperature,71.42,0
2026-08-15T15:06:27.700332Z,sensor.bed_1_temperature_delta,0.9,0
2026-08-15T15:09:33.586014Z,sensor.bed_3_temp_temperature,71.24,0
2026-08-15T15:09:33.586515Z,sensor.bed_3_temperature_delta,0.7,0
2026-08-15T15:16:43.895813Z,sensor.kitchen_temp_temperature,70.7,0
2026-08-15T15:16:43.896327Z,sensor.bed_1_temperature_delta,0.7,0
2026-08-15T15:16:43.896647Z,sensor.bed_2_temperature_delta,0.5,0
2026-08-15T15:16:43.896954Z,sensor.bed_3_temperature_delta,0.5,0
2026-08-15T15:17:36.237625Z,sensor.bed_2_temp_temperature,71.6,0
2026-08-15T15:17:36.237885Z,sensor.bed_2_temperature_delta,0.9,0
2026-08-15T15:21:28.101896Z,sensor.bed_1_temp_temperature,71.6,0
2026-08-15T15:21:28.102388Z,sensor.bed_1_temperature_delta,0.9,0
2026-08-15T15:24:33.731339Z,sensor.bed_3_temp_temperature,71.42,0
2026-08-15T15:24:33.731858Z,sensor.bed_3_temperature_delta,0.7,0
2026-08-15T15:31:41.925264Z,sensor.kitchen_temp_temperature,70.88,0
2026-08-15T15:31:41.925749Z,sensor.bed_1_temperature_delta,0.7,0
2026-08-15T15:31:41.926090Z,sensor.bed_2_temperature_delta,0.7,0
2026-08-15T15:31:41.926379Z,sensor.bed_3_temperature_delta,0.5,0
2026-08-15T15:32:34.253457Z,sensor.bed_2_temp_temperature,72.14,0
2026-08-15T15:32:34.253876Z,sensor.bed_2_temperature_delta,1.3,0
2026-08-15T15:36:28.181602Z,sensor.bed_1_temp_temperature,72.14,0
2026-08-15T15:36:28.182082Z,sensor.bed_1_temperature_delta,1.3,0
2026-08-15T15:39:35.153460Z,sensor.bed_3_temp_temperature,71.78,0
2026-08-15T15:39:35.153675Z,sensor.bed_3_temperature_delta,0.9,0
2026-08-15T15:46:40.562444Z,sensor.kitchen_temp_temperature,71.06,0
2026-08-15T15:46:40.562662Z,sensor.bed_1_temperature_delta,1.1,0
2026-08-15T15:46:40.562772Z,sensor.bed_2_temperature_delta,1.1,0
2026-08-15T15:46:40.562906Z,sensor.bed_3_temperature_delta,0.7,0
2026-08-15T15:47:32.843410Z,sensor.bed_2_temp_temperature,72.5,0
2026-08-15T15:47:32.843956Z,sensor.bed_2_temperature_delta,1.4,0
2026-08-15T15:51:29.079520Z,sensor.bed_1_temp_temperature,72.68,0
2026-08-15T15:51:29.080033Z,sensor.bed_1_temperature_delta,1.6,0
2026-08-15T15:51:29.080426Z,sensor.bed_1_booster_target_speed,2,0
2026-08-15T15:51:29.081982Z,sensor.bed_1_booster_pi_target_speed,2,0
2026-08-15T15:51:29.082187Z,sensor.bed_1_booster_effective_percentage,20,0
2026-08-15T15:54:36.711285Z,sensor.bed_3_temp_temperature,71.96,0
2026-08-15T15:54:36.711680Z,sensor.bed_3_temperature_delta,0.9,0
2026-08-15T16:01:38.680345Z,sensor.kitchen_temp_temperature,71.24,0
2026-08-15T16:01:38.680545Z,sensor.bed_1_temperature_delta,1.4,0
2026-08-15T16:01:38.680655Z,sensor.bed_2_temperature_delta,1.3,0
2026-08-15T16:01:38.680759Z,sensor.bed_3_temperature_delta,0.7,0
2026-08-15T16:02:31.046305Z,sensor.bed_2_temp_temperature,73.04,0
2026-08-15T16:02:31.046772Z,sensor.bed_2_temperature_delta,1.8,0
2026-08-15T16:02:31.047147Z,sensor.bed_2_booster_target_speed,2,0
2026-08-15T16:02:31.048615Z,sensor.bed_2_booster_pi_target_speed,2,0
2026-08-15T16:02:31.049200Z,sensor.bed_2_booster_effective_percentage,20,0
2026-08-15T16:05:27.375937Z,climate.kitchen,cool,0
2026-08-15T16:05:27.388122Z,sensor.kitchen_temperature,71.42,0
2026-08-15T16:06:29.541864Z,sensor.bed_1_temp_temperature,73.04,0
2026-08-15T16:06:29.542271Z,sensor.bed_1_temperature_delta,1.8,0
2026-08-15T16:09:37.693717Z,sensor.bed_3_temp_temperature,72.32,0
2026-08-15T16:09:37.694072Z,sensor.bed_3_temperature_delta,1.1,0
2026-08-15T16:16:37.147945Z,sensor.kitchen_temp_temperature,71.42,0
2026-08-15T16:16:37.148221Z,sensor.bed_1_temperature_delta,1.6,0
2026-08-15T16:16:37.148387Z,sensor.bed_2_temperature_delta,1.6,0
2026-08-15T16:16:37.148536Z,sensor.bed_3_temperature_delta,0.9,0
2026-08-15T16:17:29.531008Z,sensor.bed_2_temp_temperature,73.58,0
2026-08-15T16:17:29.531503Z,sensor.bed_2_temperature_delta,2.2,0
2026-08-15T16:17:29.531913Z,sensor.bed_2_booster_target_speed,4,0
2026-08-15T16:17:29.533484Z,sensor.bed_2_booster_pi_target_speed,4,0
2026-08-15T16:17:29.534120Z,sensor.bed_2_booster_effective_percentage,40,0
2026-08-15T16:21:30.196750Z,sensor.bed_1_temp_temperature,73.4,0
2026-08-15T16:21:30.196996Z,sensor.bed_1_temperature_delta,2.0,0
2026-08-15T16:24:39.181213Z,sensor.bed_3_temp_temperature,72.68,0
2026-08-15T16:24:39.181646Z,sensor.bed_3_temperature_delta,1.3,0
2026-08-15T16:30:00.346807Z,sensor.bed_1_booster_adaptive_boost,1,0
2026-08-15T16:30:00.347306Z,sensor.bed_1_booster_pi_target_speed,3,0
2026-08-15T16:30:00.348008Z,sensor.bed_1_booster_effective_percentage,30,0
2026-08-15T16:30:00.352187Z,sensor.bed_2_booster_adaptive_boost,1,0
2026-08-15T16:30:00.352623Z,sensor.bed_2_booster_pi_target_speed,5,0
2026-08-15T16:30:00.355527Z,sensor.bed_2_booster_effective_percentage,50,0
2026-08-15T16:30:27.051423Z,climate.kitchen,cool,0
2026-08-15T16:30:27.053193Z,sensor.bed_1_booster_adaptive_boost,0,0
2026-08-15T16:30:27.054537Z,sensor.bed_2_booster_adaptive_boost,0,0
2026-08-15T16:30:27.057056Z,sensor.bed_1_booster_pi_target_speed,2,0
2026-08-15T16:30:27.057344Z,sensor.bed_2_booster_pi_target_speed,4,0
2026-08-15T16:30:27.057644Z,sensor.bed_1_booster_effective_percentage,20,0
2026-08-15T16:30:27.058043Z,sensor.bed_2_booster_effective_percentage,40,0
2026-08-15T16:30:27.058507Z,sensor.kitchen_temperature,72.5,0
2026-08-15T16:31:35.862013Z,sensor.kitchen_temp_temperature,71.6,0
2026-08-15T16:31:35.862250Z,sensor.bed_1_temperature_delta,1.8,0
2026-08-15T16:31:35.862370Z,sensor.bed_2_temperature_delta,2.0,0
2026-08-15T16:31:35.862473Z,sensor.bed_3_temperature_delta,1.1,0
2026-08-15T16:32:28.534094Z,sensor.bed_2_temp_temperature,74.12,0
2026-08-15T16:32:28.534472Z,sensor.bed_2_temperature_delta,2.5,0
2026-08-15T16:32:28.534758Z,sensor.bed_2_booster_target_speed,6,0
2026-08-15T16:32:28.535990Z,sensor.bed_2_booster_pi_target_speed,6,0
2026-08-15T16:32:28.536458Z,sensor.bed_2_booster_effective_percentage,60,0
2026-08-15T16:36:30.908443Z,sensor.bed_1_temp_temperature,73.94,0
2026-08-15T16:36:30.908859Z,sensor.bed_1_temperature_delta,2.3,0
2026-08-15T16:36:30.909172Z,sensor.bed_1_booster_target_speed,4,0
2026-08-15T16:36:30.910414Z,sensor.bed_1_booster_pi_target_speed,4,0
2026-08-15T16:36:30.910894Z,sensor.bed_1_booster_effective_percentage,40,0
2026-08-15T16:39:41.938275Z,sensor.bed_3_temp_temperature,72.86,0
2026-08-15T16:39:41.938627Z,sensor.bed_3_temperature_delta,1.3,0
2026-08-15T16:46:35.084821Z,sensor.kitchen_temp_temperature,71.96,0
2026-08-15T16:46:35.085186Z,sensor.bed_1_temperature_delta,2.0,0
2026-08-15T16:46:35.085407Z,sensor.bed_2_temperature_delta,2.2,0
2026-08-15T16:46:35.085604Z,sensor.bed_3_temperature_delta,0.9,0
2026-08-15T16:46:35.086005Z,sensor.bed_2_booster_target_speed,4,0
2026-08-15T16:46:35.087516Z,sensor.bed_2_booster_pi_target_speed,4,0
2026-08-15T16:46:35.087943Z,sensor.bed_2_booster_effective_percentage,40,0
2026-08-15T16:47:27.383959Z,sensor.bed_2_temp_temperature,74.66,0
2026-08-15T16:47:27.384387Z,sensor.bed_2_temperature_delta,2.7,0
2026-08-15T16:47:27.384717Z,sensor.bed_2_booster_target_speed,6,0
2026-08-15T16:47:27.386190Z,sensor.bed_2_booster_pi_target_speed,6,0
2026-08-15T16:47:27.386699Z,sensor.bed_2_booster_effective_percentage,60,0
2026-08-15T16:51:31.966770Z,sensor.bed_1_temp_temperature,74.48,0
2026-08-15T16:51:31.967061Z,sensor.bed_1_temperature_delta,2.5,0
2026-08-15T16:51:31.967257Z,sensor.bed_1_booster_target_speed,6,0
2026-08-15T16:51:31.968081Z,sensor.bed_1_booster_pi_target_speed,6,0
2026-08-15T16:51:31.968385Z,sensor.bed_1_booster_effective_percentage,60,0
2026-08-15T16:54:43.481008Z,sensor.bed_3_temp_temperature,73.4,0
2026-08-15T16:54:43.481504Z,sensor.bed_3_temperature_delta,1.4,0
2026-08-15T16:55:00.345855Z,sensor.bed_1_booster_adaptive_boost,1,0
2026-08-15T16:55:00.346109Z,sensor.bed_1_booster_pi_target_speed,7,0
2026-08-15T16:55:00.346497Z,sensor.bed_1_booster_effective_percentage,70,0
2026-08-15T16:55:00.347594Z,sensor.bed_2_booster_adaptive_boost,1,0
2026-08-15T16:55:00.347799Z,sensor.bed_2_booster_pi_target_speed,7,0
2026-08-15T16:55:00.348152Z,sensor.bed_2_booster_effective_percentage,70,0
2026-08-15T17:00:12.359322Z,climate.kitchen,cool,0
2026-08-15T17:00:12.361296Z,sensor.bed_1_booster_adaptive_boost,0,0
2026-08-15T17:00:12.362767Z,sensor.bed_2_booster_adaptive_boost,0,0
2026-08-15T17:00:12.365779Z,sensor.bed_1_booster_pi_target_speed,6,0
2026-08-15T17:00:12.366112Z,sensor.bed_2_booster_pi_target_speed,6,0
2026-08-15T17:00:12.366557Z,sensor.bed_1_booster_effective_percentage,60,0
2026-08-15T17:00:12.366960Z,sensor.bed_2_booster_effective_percentage,60,0
2026-08-15T17:02:26.467494Z,sensor.bed_2_temp_temperature,75.2,0
2026-08-15T17:02:26.468957Z,sensor.bed_2_temperature_delta,3.2,0
2026-08-15T17:02:26.469321Z,sensor.bed_2_booster_target_speed,8,0
2026-08-15T17:02:26.470577Z,sensor.bed_2_booster_pi_target_speed,8,0
2026-08-15T17:02:26.472950Z,sensor.bed_2_booster_effective_percentage,80,0
2026-08-15T17:02:58.916734Z,climate.kitchen,cool,0
2026-08-15T17:06:34.952278Z,sensor.bed_1_temp_temperature,75.02,0
2026-08-15T17:06:34.952698Z,sensor.bed_1_temperature_delta,3.1,0
2026-08-15T17:06:34.955080Z,sensor.bed_1_booster_target_speed,8,0
2026-08-15T17:06:34.956464Z,sensor.bed_1_booster_pi_target_speed,8,0
2026-08-15T17:06:34.956988Z,sensor.bed_1_booster_effective_percentage,80,0
2026-08-15T17:09:45.816994Z,sensor.bed_3_temp_temperature,73.58,0
2026-08-15T17:09:45.817484Z,sensor.bed_3_temperature_delta,1.6,0
2026-08-15T17:09:45.817902Z,sensor.bed_3_booster_target_speed,2,0
2026-08-15T17:09:45.819513Z,sensor.bed_3_booster_pi_target_speed,2,0
2026-08-15T17:09:45.820164Z,sensor.bed_3_booster_effective_percentage,20,0
2026-08-15T17:16:31.996330Z,sensor.kitchen_temp_temperature,72.32,0
2026-08-15T17:16:31.996580Z,sensor.bed_1_temperature_delta,2.7,0
2026-08-15T17:16:31.996711Z,sensor.bed_2_temperature_delta,2.9,0
2026-08-15T17:16:31.996816Z,sensor.bed_3_temperature_delta,1.3,0
2026-08-15T17:16:31.996968Z,sensor.bed_1_booster_target_speed,6,0
2026-08-15T17:16:31.997184Z,sensor.bed_3_booster_target_speed,0,0
2026-08-15T17:16:31.997820Z,sensor.bed_1_booster_pi_target_speed,6,0
2026-08-15T17:16:31.998182Z,sensor.bed_3_booster_pi_target_speed,0,0
2026-08-15T17:16:31.998359Z,sensor.bed_1_booster_effective_percentage,60,0
2026-08-15T17:16:31.999798Z,sensor.bed_3_booster_effective_percentage,0,0
2026-08-15T17:24:47.612652Z,sensor.bed_3_temp_temperature,73.76,0
2026-08-15T17:24:47.613177Z,sensor.bed_3_temperature_delta,1.4,0
2026-08-15T17:25:00.347399Z,sensor.bed_1_booster_adaptive_boost,1,0
2026-08-15T17:25:00.347977Z,sensor.bed_1_booster_pi_target_speed,7,0
2026-08-15T17:25:00.348658Z,sensor.bed_1_booster_effective_percentage,70,0
2026-08-15T17:31:30.847719Z,sensor.kitchen_temp_temperature,72.68,0
2026-08-15T17:31:30.848280Z,sensor.bed_1_temperature_delta,2.3,0
2026-08-15T17:31:30.848671Z,sensor.bed_2_temperature_delta,2.5,0
2026-08-15T17:31:30.848991Z,sensor.bed_3_temperature_delta,1.1,0
2026-08-15T17:31:30.849632Z,sensor.bed_2_booster_target_speed,6,0
2026-08-15T17:31:30.852098Z,sensor.bed_2_booster_pi_target_speed,6,0
2026-08-15T17:31:30.852833Z,sensor.bed_2_booster_effective_percentage,60,0
2026-08-15T17:32:26.915892Z,sensor.bed_2_temp_temperature,75.92,0
2026-08-15T17:32:26.916381Z,sensor.bed_2_temperature_delta,3.2,0
2026-08-15T17:32:26.916743Z,sensor.bed_2_booster_target_speed,8,0
2026-08-15T17:32:26.918372Z,sensor.bed_2_booster_pi_target_speed,8,0
2026-08-15T17:32:26.918947Z,sensor.bed_2_booster_effective_percentage,80,0
2026-08-15T17:35:03.634357Z,climate.kitchen,cool,0
2026-08-15T17:35:03.636564Z,sensor.bed_1_booster_adaptive_boost,0,0
2026-08-15T17:35:03.653785Z,sensor.bed_1_booster_pi_target_speed,6,0
2026-08-15T17:35:03.654507Z,sensor.bed_1_booster_effective_percentage,60,0
2026-08-15T17:36:40.436742Z,sensor.bed_1_temp_temperature,75.2,0
2026-08-15T17:36:40.437207Z,sensor.bed_1_temperature_delta,2.5,0
2026-08-15T17:39:49.517306Z,sensor.bed_3_temp_temperature,74.12,0
2026-08-15T17:39:49.517701Z,sensor.bed_3_temperature_delta,1.4,0
2026-08-15T17:40:27.637756Z,climate.kitchen,cool,0
2026-08-15T17:42:55.543480Z,sensor.bed_1_booster_pi_target_speed,6,0
2026-08-15T17:42:55.543679Z,sensor.bed_2_booster_pi_target_speed,8,0
2026-08-15T17:42:55.543894Z,sensor.bed_3_booster_pi_target_speed,0,0
2026-08-15T17:42:55.546224Z,sensor.bed_1_booster_adaptive_boost,0,0
2026-08-15T17:42:55.546402Z,sensor.bed_2_booster_adaptive_boost,0,0
2026-08-15T17:42:55.546566Z,sensor.bed_3_booster_adaptive_boost,0,0
2026-08-15T17:42:58.036643Z,climate.kitchen,cool,0
2026-08-15T17:42:58.037723Z,sensor.kitchen_temperature,73.58,0
2026-08-15T17:46:29.736578Z,sensor.kitchen_temp_temperature,72.86,0
2026-08-15T17:46:29.738336Z,sensor.bed_1_temperature_delta,2.3,0
2026-08-15T17:46:29.738598Z,sensor.bed_2_temperature_delta,3.1,0
2026-08-15T17:46:29.738806Z,sensor.bed_3_temperature_delta,1.3,0
2026-08-15T17:47:26.541986Z,sensor.bed_2_temp_temperature,76.28,0
2026-08-15T17:47:26.546647Z,sensor.bed_2_temperature_delta,3.4,0
2026-08-15T17:51:42.326328Z,sensor.bed_1_temp_temperature,75.56,0
2026-08-15T17:51:42.329271Z,sensor.bed_1_temperature_delta,2.7,0
2026-08-15T17:54:51.399154Z,sensor.bed_3_temp_temperature,74.48,0
2026-08-15T17:54:51.399641Z,sensor.bed_3_temperature_delta,1.6,0
2026-08-15T17:54:51.399826Z,sensor.bed_3_booster_target_speed,2,0
2026-08-15T17:54:51.400573Z,sensor.bed_3_booster_pi_target_speed,2,0
2026-08-15T17:54:51.400860Z,sensor.bed_3_booster_effective_percentage,20,0
2026-08-15T18:01:28.616238Z,sensor.kitchen_temp_temperature,73.4,0
2026-08-15T18:01:28.617108Z,sensor.bed_1_temperature_delta,2.2,0
2026-08-15T18:01:28.617550Z,sensor.bed_2_temperature_delta,2.9,0
2026-08-15T18:01:28.617875Z,sensor.bed_3_temperature_delta,1.1,0
2026-08-15T18:01:28.618230Z,sensor.bed_1_booster_target_speed,4,0
2026-08-15T18:01:28.618726Z,sensor.bed_3_booster_target_speed,0,0
2026-08-15T18:01:28.621102Z,sensor.bed_1_booster_pi_target_speed,4,0
2026-08-15T18:01:28.622003Z,sensor.bed_3_booster_pi_target_speed,0,0
2026-08-15T18:01:28.622476Z,sensor.bed_1_booster_effective_percentage,40,0
2026-08-15T18:01:28.628345Z,sensor.bed_3_booster_effective_percentage,0,0
2026-08-15T18:02:26.882877Z,sensor.bed_2_temp_temperature,76.82,0
2026-08-15T18:02:26.883752Z,sensor.bed_2_temperature_delta,3.4,0
2026-08-15T18:05:00.475036Z,sensor.bed_2_booster_adaptive_boost,1,0
2026-08-15T18:05:00.475366Z,sensor.bed_2_booster_pi_target_speed,9,0
2026-08-15T18:05:00.475717Z,sensor.bed_2_booster_effective_percentage,90,0
2026-08-15T18:06:34.787864Z,climate.kitchen,cool,0
2026-08-15T18:06:34.794680Z,sensor.bed_2_booster_adaptive_boost,0,0
2026-08-15T18:06:34.808600Z,sensor.bed_2_booster_pi_target_speed,8,0
2026-08-15T18:06:34.809215Z,sensor.bed_2_booster_effective_percentage,80,0
2026-08-15T18:06:34.810085Z,sensor.kitchen_temperature,74.48,0
2026-08-15T18:06:43.524562Z,sensor.bed_1_temp_temperature,75.74,0
2026-08-15T18:06:43.525670Z,sensor.bed_1_temperature_delta,2.3,0
2026-08-15T18:09:53.428528Z,sensor.bed_3_temp_temperature,74.84,0
2026-08-15T18:09:53.459065Z,sensor.bed_3_temperature_delta,1.4,0
2026-08-15T18:16:27.569399Z,sensor.kitchen_temp_temperature,73.94,0
2026-08-15T18:16:27.569860Z,sensor.bed_1_temperature_delta,1.8,0
2026-08-15T18:16:27.570125Z,sensor.bed_2_temperature_delta,2.9,0
2026-08-15T18:16:27.570373Z,sensor.bed_3_temperature_delta,0.9,0
2026-08-15T18:16:27.570678Z,sensor.bed_1_booster_target_speed,2,0
2026-08-15T18:16:27.572417Z,sensor.bed_1_booster_pi_target_speed,2,0
2026-08-15T18:16:27.572864Z,sensor.bed_1_booster_effective_percentage,20,0
2026-08-15T18:17:25.882220Z,sensor.bed_2_temp_temperature,77.36,0
2026-08-15T18:17:25.882418Z,sensor.bed_2_temperature_delta,3.4,0
2026-08-15T18:21:45.065645Z,sensor.bed_1_temp_temperature,76.1,0
2026-08-15T18:21:45.065858Z,sensor.bed_1_temperature_delta,2.2,0
2026-08-15T18:21:45.066041Z,sensor.bed_1_booster_target_speed,4,0
2026-08-15T18:21:45.066617Z,sensor.bed_1_booster_pi_target_speed,4,0
2026-08-15T18:21:45.066828Z,sensor.bed_1_booster_effective_percentage,40,0
2026-08-15T18:24:55.509590Z,sensor.bed_3_temp_temperature,75.2,0
2026-08-15T18:24:55.510027Z,sensor.bed_3_temperature_delta,1.3,0
2026-08-15T18:30:00.471823Z,sensor.bed_1_booster_adaptive_boost,1,0
2026-08-15T18:30:00.472270Z,sensor.bed_1_booster_pi_target_speed,5,0
2026-08-15T18:30:00.472792Z,sensor.bed_1_booster_effective_percentage,50,0
2026-08-15T18:30:00.475557Z,sensor.bed_2_booster_adaptive_boost,1,0
2026-08-15T18:30:00.475769Z,sensor.bed_2_booster_pi_target_speed,9,0
2026-08-15T18:30:00.476041Z,sensor.bed_2_booster_effective_percentage,90,0
2026-08-15T18:31:27.444902Z,sensor.kitchen_temp_temperature,74.48,0
2026-08-15T18:31:27.445543Z,sensor.bed_1_temperature_delta,1.6,0
2026-08-15T18:31:27.445806Z,sensor.bed_2_temperature_delta,2.9,0
2026-08-15T18:31:27.446040Z,sensor.bed_3_temperature_delta,0.7,0
2026-08-15T18:31:27.446308Z,sensor.bed_1_booster_target_speed,2,0
2026-08-15T18:31:27.448966Z,sensor.bed_1_booster_pi_target_speed,3,0
2026-08-15T18:31:27.449365Z,sensor.bed_1_booster_effective_percentage,30,0
2026-08-15T18:31:35.314539Z,climate.kitchen,cool,0
2026-08-15T18:31:35.320567Z,sensor.bed_1_booster_adaptive_boost,0,0
2026-08-15T18:31:35.322268Z,sensor.bed_2_booster_adaptive_boost,0,0
2026-08-15T18:31:35.336323Z,sensor.bed_1_booster_pi_target_speed,2,0
2026-08-15T18:31:35.336989Z,sensor.bed_2_booster_pi_target_speed,8,0
2026-08-15T18:31:35.338181Z,sensor.bed_1_booster_effective_percentage,20,0
2026-08-15T18:31:35.339165Z,sensor.bed_2_booster_effective_percentage,80,0
2026-08-15T18:32:25.663074Z,sensor.bed_2_temp_temperature,77.72,0
2026-08-15T18:32:25.663553Z,sensor.bed_2_temperature_delta,3.2,0
2026-08-15T18:35:24.857517Z,climate.kitchen,cool,0
2026-08-15T18:36:46.844353Z,sensor.bed_1_temp_temperature,76.64,0
2026-08-15T18:36:46.845165Z,sensor.bed_1_temperature_delta,2.2,0
2026-08-15T18:36:46.845700Z,sensor.bed_1_booster_target_speed,4,0
2026-08-15T18:36:46.847110Z,sensor.bed_1_booster_pi_target_speed,4,0
2026-08-15T18:36:46.847573Z,sensor.bed_1_booster_effective_percentage,40,0
2026-08-15T18:39:57.881709Z,sensor.bed_3_temp_temperature,75.56,0
2026-08-15T18:39:57.881941Z,sensor.bed_3_temperature_delta,1.1,0
2026-08-15T18:40:26.076932Z,climate.kitchen,cool,0
2026-08-15T18:40:26.092025Z,sensor.kitchen_temperature,75.56,0
2026-08-15T18:46:26.506469Z,sensor.kitchen_temp_temperature,75.02,0
2026-08-15T18:46:26.507171Z,sensor.bed_1_temperature_delta,1.6,0
2026-08-15T18:46:26.507347Z,sensor.bed_2_temperature_delta,2.7,0
2026-08-15T18:46:26.507496Z,sensor.bed_3_temperature_delta,0.5,0
2026-08-15T18:46:26.507697Z,sensor.bed_1_booster_target_speed,2,0
2026-08-15T18:46:26.507904Z,sensor.bed_2_booster_target_speed,6,0
2026-08-15T18:46:26.509179Z,sensor.bed_1_booster_pi_target_speed,2,0
2026-08-15T18:46:26.509648Z,sensor.bed_2_booster_pi_target_speed,6,0
2026-08-15T18:46:26.509943Z,sensor.bed_1_booster_effective_percentage,20,0
2026-08-15T18:46:26.516166Z,sensor.bed_2_booster_effective_percentage,60,0
2026-08-15T18:47:25.638950Z,sensor.bed_2_temp_temperature,78.08,0
2026-08-15T18:47:25.639488Z,sensor.bed_2_temperature_delta,3.1,0
2026-08-15T18:47:25.639659Z,sensor.bed_2_booster_target_speed,8,0
2026-08-15T18:47:25.640231Z,sensor.bed_2_booster_pi_target_speed,8,0
2026-08-15T18:47:25.640428Z,sensor.bed_2_booster_effective_percentage,80,0
2026-08-15T18:51:00.773193Z,sensor.bed_1_booster_pi_target_speed,2,0
2026-08-15T18:51:00.773417Z,sensor.bed_2_booster_pi_target_speed,8,0
2026-08-15T18:51:00.773647Z,sensor.bed_3_booster_pi_target_speed,0,0
2026-08-15T18:51:00.776258Z,sensor.bed_1_booster_adaptive_boost,0,0
2026-08-15T18:51:00.776454Z,sensor.bed_2_booster_adaptive_boost,0,0
2026-08-15T18:51:00.776635Z,sensor.bed_3_booster_adaptive_boost,0,0
2026-08-15T18:51:02.082268Z,climate.kitchen,cool,0
2026-08-15T18:51:48.600245Z,sensor.bed_1_temp_temperature,77.0,0
2026-08-15T18:51:48.604797Z,sensor.bed_1_temperature_delta,2.0,0
2026-08-15T18:53:24.792723Z,sensor.bed_1_booster_pi_target_speed,2,0
2026-08-15T18:53:24.792966Z,sensor.bed_2_booster_pi_target_speed,8,0
2026-08-15T18:53:24.793144Z,sensor.bed_3_booster_pi_target_speed,0,0
2026-08-15T18:53:24.795514Z,sensor.bed_1_booster_adaptive_boost,0,0
2026-08-15T18:53:24.795691Z,sensor.bed_2_booster_adaptive_boost,0,0
2026-08-15T18:53:24.795883Z,sensor.bed_3_booster_adaptive_boost,0,0
2026-08-15T18:53:26.579701Z,climate.kitchen,cool,0
2026-08-15T18:55:00.353225Z,sensor.bed_3_temp_temperature,75.74,0
2026-08-15T18:55:00.353427Z,sensor.bed_3_temperature_delta,0.7,0
2026-08-15T19:01:26.372272Z,sensor.kitchen_temp_temperature,75.38,0
2026-08-15T19:01:26.373013Z,sensor.bed_1_temperature_delta,1.6,0
2026-08-15T19:01:26.373167Z,sensor.bed_2_temperature_delta,2.7,0
2026-08-15T19:01:26.373276Z,sensor.bed_3_temperature_delta,0.4,0
2026-08-15T19:01:26.373487Z,sensor.bed_2_booster_target_speed,6,0
2026-08-15T19:01:26.374331Z,sensor.bed_2_booster_pi_target_speed,6,0
2026-08-15T19:01:26.374536Z,sensor.bed_2_booster_effective_percentage,60,0
2026-08-15T19:02:26.609761Z,sensor.bed_2_temp_temperature,78.26,0
2026-08-15T19:02:26.611055Z,sensor.bed_2_temperature_delta,2.9,0
2026-08-15T19:06:33.189378Z,climate.kitchen,cool,0
2026-08-15T19:06:50.482259Z,sensor.bed_1_temp_temperature,77.18,0
2026-08-15T19:06:50.482748Z,sensor.bed_1_temperature_delta,1.8,0
2026-08-15T19:09:10.505197Z,sensor.bed_1_booster_pi_target_speed,2,0
2026-08-15T19:09:10.505479Z,sensor.bed_2_booster_pi_target_speed,6,0
2026-08-15T19:09:10.505687Z,sensor.bed_3_booster_pi_target_speed,0,0
2026-08-15T19:09:10.508353Z,sensor.bed_1_booster_adaptive_boost,0,0
2026-08-15T19:09:10.508541Z,sensor.bed_2_booster_adaptive_boost,0,0
2026-08-15T19:09:10.508714Z,sensor.bed_3_booster_adaptive_boost,0,0
2026-08-15T19:09:12.172791Z,climate.kitchen,cool,0
2026-08-15T19:10:02.644318Z,sensor.bed_3_temp_temperature,76.1,0
2026-08-15T19:10:02.644561Z,sensor.bed_3_temperature_delta,0.7,0
2026-08-15T19:16:25.659729Z,sensor.kitchen_temp_temperature,75.56,0
2026-08-15T19:16:25.659960Z,sensor.bed_1_temperature_delta,1.6,0
2026-08-15T19:16:25.660088Z,sensor.bed_2_temperature_delta,2.7,0
2026-08-15T19:16:25.660191Z,sensor.bed_3_temperature_delta,0.5,0
2026-08-15T19:17:25.720390Z,sensor.bed_2_temp_temperature,78.44,0
2026-08-15T19:17:25.720781Z,sensor.bed_2_temperature_delta,2.9,0
2026-08-15T19:21:52.267411Z,sensor.bed_1_temp_temperature,77.72,0
2026-08-15T19:21:52.267738Z,sensor.bed_1_temperature_delta,2.2,0
2026-08-15T19:21:52.268047Z,sensor.bed_1_booster_target_speed,4,0
2026-08-15T19:21:52.268937Z,sensor.bed_1_booster_pi_target_speed,4,0
2026-08-15T19:21:52.269265Z,sensor.bed_1_booster_effective_percentage,40,0
2026-08-15T19:25:05.370369Z,sensor.bed_3_temp_temperature,76.64,0
2026-08-15T19:25:05.371697Z,sensor.bed_3_temperature_delta,1.1,0
2026-08-15T19:30:00.062817Z,sensor.bed_1_booster_adaptive_boost,1,0
2026-08-15T19:30:00.063157Z,sensor.bed_1_booster_pi_target_speed,5,0
2026-08-15T19:30:00.063481Z,sensor.bed_1_booster_effective_percentage,50,0
2026-08-15T19:30:00.066490Z,sensor.bed_2_booster_adaptive_boost,1,0
2026-08-15T19:30:00.066689Z,sensor.bed_2_booster_pi_target_speed,7,0
2026-08-15T19:30:00.066954Z,sensor.bed_2_booster_effective_percentage,70,0
2026-08-15T19:31:25.522497Z,sensor.kitchen_temp_temperature,75.74,0
2026-08-15T19:31:25.523406Z,sensor.bed_1_temperature_delta,2.0,0
2026-08-15T19:31:25.523777Z,sensor.bed_2_temperature_delta,2.7,0
2026-08-15T19:31:25.524114Z,sensor.bed_3_temperature_delta,0.9,0
2026-08-15T19:32:25.851031Z,sensor.bed_2_temp_temperature,78.62,0
2026-08-15T19:32:25.851674Z,sensor.bed_2_temperature_delta,2.9,0
2026-08-15T19:36:54.534996Z,sensor.bed_1_temp_temperature,78.26,0
2026-08-15T19:36:54.535347Z,sensor.bed_1_temperature_delta,2.5,0
2026-08-15T19:36:54.535609Z,sensor.bed_1_booster_target_speed,6,0
2026-08-15T19:36:54.543038Z,sensor.bed_1_booster_pi_target_speed,7,0
2026-08-15T19:36:54.543572Z,sensor.bed_1_booster_effective_percentage,70,0
2026-08-15T19:40:07.989356Z,sensor.bed_3_temp_temperature,77.0,0
2026-08-15T19:40:08.038609Z,sensor.bed_3_temperature_delta,1.3,0
2026-08-15T19:46:25.572745Z,sensor.kitchen_temp_temperature,75.92,0
2026-08-15T19:46:25.582459Z,sensor.bed_1_temperature_delta,2.3,0
2026-08-15T19:46:25.582750Z,sensor.bed_2_temperature_delta,2.7,0
2026-08-15T19:46:25.582980Z,sensor.bed_3_temperature_delta,1.1,0
2026-08-15T19:51:57.163821Z,sensor.bed_1_temp_temperature,78.44,0
2026-08-15T19:51:57.164901Z,sensor.bed_1_temperature_delta,2.5,0
2026-08-15T19:55:00.054582Z,sensor.bed_1_booster_adaptive_boost,2,0
2026-08-15T19:55:00.055034Z,sensor.bed_1_booster_pi_target_speed,8,0
2026-08-15T19:55:00.055307Z,sensor.bed_1_booster_effective_percentage,80,0
2026-08-15T19:55:00.058394Z,sensor.bed_2_booster_adaptive_boost,2,0
2026-08-15T19:55:00.058589Z,sensor.bed_2_booster_pi_target_speed,8,0
2026-08-15T19:55:00.058794Z,sensor.bed_2_booster_effective_percentage,80,0
2026-08-15T19:55:10.658599Z,sensor.bed_3_temp_temperature,77.18,0
2026-08-15T19:55:10.658831Z,sensor.bed_3_temperature_delta,1.3,0
2026-08-15T19:55:55.335830Z,climate.kitchen,cool,0
2026-08-15T19:55:55.340595Z,sensor.bed_1_booster_adaptive_boost,0,0
2026-08-15T19:55:55.341412Z,sensor.bed_2_booster_adaptive_boost,0,0
2026-08-15T19:55:55.353756Z,sensor.bed_1_booster_pi_target_speed,6,0
2026-08-15T19:55:55.354048Z,sensor.bed_2_booster_pi_target_speed,6,0
2026-08-15T19:55:55.354600Z,sensor.bed_1_booster_effective_percentage,60,0
2026-08-15T19:55:55.355077Z,sensor.bed_2_booster_effective_percentage,60,0
2026-08-15T20:01:14.943077Z,climate.kitchen,cool,0
2026-08-15T20:01:26.306761Z,sensor.kitchen_temp_temperature,76.1,0
2026-08-15T20:01:26.307230Z,sensor.bed_1_temperature_delta,2.3,0
2026-08-15T20:01:26.307369Z,sensor.bed_2_temperature_delta,2.5,0
2026-08-15T20:01:26.307471Z,sensor.bed_3_temperature_delta,1.1,0
2026-08-15T20:02:29.649374Z,sensor.bed_2_temp_temperature,78.8,0
2026-08-15T20:02:29.652896Z,sensor.bed_2_temperature_delta,2.7,0
2026-08-15T20:06:21.931573Z,climate.kitchen,cool,0
2026-08-15T20:06:58.925271Z,sensor.bed_1_temp_temperature,78.62,0
2026-08-15T20:06:58.937441Z,sensor.bed_1_temperature_delta,2.5,0
2026-08-15T20:10:27.020771Z,climate.kitchen,cool,0
2026-08-15T20:10:27.032678Z,sensor.kitchen_temperature,76.64,0
2026-08-15T20:15:26.874569Z,climate.kitchen,cool,0
2026-08-15T20:22:03.537904Z,sensor.bed_1_temp_temperature,78.8,0
2026-08-15T20:22:03.538457Z,sensor.bed_1_temperature_delta,2.7,0
2026-08-15T20:25:16.501538Z,sensor.bed_3_temp_temperature,77.54,0
2026-08-15T20:25:16.501904Z,sensor.bed_3_temperature_delta,1.4,0
2026-08-15T20:40:00.055960Z,sensor.bed_1_booster_adaptive_boost,1,0
2026-08-15T20:40:00.056718Z,sensor.bed_1_booster_pi_target_speed,7,0
2026-08-15T20:40:00.057016Z,sensor.bed_1_booster_effective_percentage,70,0
2026-08-15T20:40:00.059191Z,sensor.bed_2_booster_adaptive_boost,1,0
2026-08-15T20:40:00.059382Z,sensor.bed_2_booster_pi_target_speed,7,0
2026-08-15T20:40:00.059576Z,sensor.bed_2_booster_effective_percentage,70,0
2026-08-15T20:45:20.128587Z,climate.kitchen,cool,0
2026-08-15T20:45:20.177441Z,sensor.bed_1_booster_adaptive_boost,0,0
2026-08-15T20:45:20.178282Z,sensor.bed_2_booster_adaptive_boost,0,0
2026-08-15T20:45:20.393637Z,sensor.bed_1_booster_pi_target_speed,6,0
2026-08-15T20:45:20.415394Z,sensor.bed_2_booster_pi_target_speed,6,0
2026-08-15T20:45:20.416005Z,sensor.bed_1_booster_effective_percentage,60,0
2026-08-15T20:45:20.416520Z,sensor.bed_2_booster_effective_percentage,60,0
2026-08-15T20:52:10.535888Z,sensor.bed_1_temp_temperature,78.98,0
2026-08-15T20:52:10.536712Z,sensor.bed_1_temperature_delta,2.9,0
2026-08-15T20:55:22.221640Z,sensor.bed_3_temp_temperature,77.72,0
2026-08-15T20:55:22.223568Z,sensor.bed_3_temperature_delta,1.6,0
2026-08-15T20:55:22.223735Z,sensor.bed_3_booster_target_speed,2,0
2026-08-15T20:55:22.224286Z,sensor.bed_3_booster_pi_target_speed,2,0
2026-08-15T20:55:22.224461Z,sensor.bed_3_booster_effective_percentage,20,0
2026-08-15T20:55:26.605794Z,climate.kitchen,cool,0
2026-08-15T20:55:26.618511Z,sensor.kitchen_temperature,76.46,0
2026-08-15T21:00:27.092633Z,climate.kitchen,cool,0
2026-08-15T21:07:12.687045Z,sensor.bed_1_temp_temperature,78.8,0
2026-08-15T21:07:12.695752Z,sensor.bed_1_temperature_delta,2.7,0
2026-08-15T21:16:26.184902Z,sensor.kitchen_temp_temperature,76.28,0
2026-08-15T21:16:26.186891Z,sensor.bed_1_temperature_delta,2.5,0
2026-08-15T21:16:26.187093Z,sensor.bed_2_temperature_delta,2.5,0
2026-08-15T21:16:26.187206Z,sensor.bed_3_temperature_delta,1.4,0
2026-08-15T21:25:00.055705Z,sensor.bed_2_booster_adaptive_boost,1,0
2026-08-15T21:25:00.056976Z,sensor.bed_2_booster_pi_target_speed,7,0
2026-08-15T21:25:00.057232Z,sensor.bed_2_booster_effective_percentage,70,0
2026-08-15T21:25:28.339221Z,sensor.bed_3_temp_temperature,77.9,0
2026-08-15T21:25:28.339430Z,sensor.bed_3_temperature_delta,1.6,0
2026-08-15T21:32:33.806276Z,sensor.bed_2_temp_temperature,78.62,0
2026-08-15T21:32:33.806943Z,sensor.bed_2_temperature_delta,2.3,0
2026-08-15T21:37:17.494987Z,sensor.bed_1_temp_temperature,78.62,0
2026-08-15T21:37:17.495345Z,sensor.bed_1_temperature_delta,2.3,0
2026-08-15T21:45:00.057634Z,sensor.bed_2_booster_adaptive_boost,2,0
2026-08-15T21:45:00.057860Z,sensor.bed_2_booster_pi_target_speed,8,0
2026-08-15T21:45:00.058120Z,sensor.bed_2_booster_effective_percentage,80,0
2026-08-15T21:45:00.060902Z,sensor.bed_3_booster_adaptive_boost,1,0
2026-08-15T21:45:00.061074Z,sensor.bed_3_booster_pi_target_speed,3,0
2026-08-15T21:45:00.061288Z,sensor.bed_3_booster_effective_percentage,30,0
2026-08-15T21:45:39.700451Z,climate.kitchen,cool,0
2026-08-15T21:45:39.706779Z,sensor.bed_2_booster_adaptive_boost,0,0
2026-08-15T21:45:39.707782Z,sensor.bed_3_booster_adaptive_boost,0,0
2026-08-15T21:45:39.715798Z,sensor.bed_2_booster_pi_target_speed,6,0
2026-08-15T21:45:39.716381Z,sensor.bed_3_booster_pi_target_speed,2,0
2026-08-15T21:45:39.717399Z,sensor.bed_2_booster_effective_percentage,60,0
2026-08-15T21:45:39.718287Z,sensor.bed_3_booster_effective_percentage,20,0
2026-08-15T21:46:25.962219Z,sensor.kitchen_temp_temperature,76.46,0
2026-08-15T21:46:25.962440Z,sensor.bed_1_temperature_delta,2.2,0
2026-08-15T21:46:25.962551Z,sensor.bed_2_temperature_delta,2.2,0
2026-08-15T21:46:25.962650Z,sensor.bed_3_temperature_delta,1.4,0
2026-08-15T21:46:25.962773Z,sensor.bed_1_booster_target_speed,4,0
2026-08-15T21:46:25.962899Z,sensor.bed_2_booster_target_speed,4,0
2026-08-15T21:46:25.963675Z,sensor.bed_1_booster_pi_target_speed,4,0
2026-08-15T21:46:25.964006Z,sensor.bed_2_booster_pi_target_speed,4,0
2026-08-15T21:46:25.964207Z,sensor.bed_1_booster_effective_percentage,40,0
2026-08-15T21:46:25.964574Z,sensor.bed_2_booster_effective_percentage,40,0
2026-08-15T21:51:34.317041Z,climate.kitchen,cool,0
2026-08-15T21:55:34.302258Z,sensor.bed_3_temp_temperature,77.72,0
2026-08-15T21:55:34.302617Z,sensor.bed_3_temperature_delta,1.3,0
2026-08-15T21:55:34.303063Z,sensor.bed_3_booster_target_speed,0,0
2026-08-15T21:55:34.304183Z,sensor.bed_3_booster_pi_target_speed,0,0
2026-08-15T21:55:34.304601Z,sensor.bed_3_booster_effective_percentage,0,0
2026-08-15T21:59:15.325927Z,climate.kitchen,cool,0
2026-08-15T21:59:15.336079Z,sensor.bed_3_booster_effective_percentage,10,0
2026-08-15T22:00:04.148639Z,climate.kitchen,cool,0
2026-08-15T22:00:04.159200Z,sensor.kitchen_temperature,77.54,0
2026-08-15T22:00:26.480049Z,climate.kitchen,cool,0
2026-08-15T22:02:34.025747Z,sensor.bed_2_temp_temperature,78.44,0
2026-08-15T22:02:34.027564Z,sensor.bed_2_temperature_delta,2.0,0
2026-08-15T22:05:25.967980Z,climate.kitchen,cool,0
2026-08-15T22:07:22.511021Z,sensor.bed_1_temp_temperature,78.08,0
2026-08-15T22:07:22.511163Z,sensor.bed_1_temperature_delta,1.6,0
2026-08-15T22:07:22.511294Z,sensor.bed_1_booster_target_speed,2,0
2026-08-15T22:07:22.511705Z,sensor.bed_1_booster_pi_target_speed,2,0
2026-08-15T22:07:22.511886Z,sensor.bed_1_booster_effective_percentage,20,0
2026-08-15T22:07:51.696158Z,climate.kitchen,cool,0
2026-08-15T22:07:51.805449Z,climate.kitchen,cool,0
2026-08-15T22:07:51.809911Z,sensor.bed_3_booster_effective_percentage,0,0
2026-08-15T22:10:17.606739Z,climate.kitchen,cool,0
2026-08-15T22:10:17.626519Z,sensor.kitchen_temperature,76.28,0
2026-08-15T22:16:26.249109Z,sensor.kitchen_temp_temperature,76.1,0
2026-08-15T22:16:26.249562Z,sensor.bed_1_temperature_delta,2.0,0
2026-08-15T22:16:26.249868Z,sensor.bed_2_temperature_delta,2.3,0
2026-08-15T22:16:26.250144Z,sensor.bed_3_temperature_delta,1.6,0
2026-08-15T22:16:26.250864Z,sensor.bed_3_booster_target_speed,2,0
2026-08-15T22:16:26.252306Z,sensor.bed_3_booster_pi_target_speed,2,0
2026-08-15T22:16:26.252765Z,sensor.bed_3_booster_effective_percentage,20,0
2026-08-15T22:17:34.799736Z,sensor.bed_2_temp_temperature,78.26,0
2026-08-15T22:17:34.800139Z,sensor.bed_2_temperature_delta,2.2,0
2026-08-15T22:21:36.495200Z,climate.kitchen,cool,0
2026-08-15T22:21:36.510787Z,sensor.kitchen_temperature,76.46,0
2026-08-15T22:25:41.138466Z,sensor.bed_3_temp_temperature,77.9,0
2026-08-15T22:25:41.138953Z,sensor.bed_3_temperature_delta,1.8,0
2026-08-15T22:31:26.549210Z,sensor.kitchen_temp_temperature,76.28,0
2026-08-15T22:31:26.549601Z,sensor.bed_1_temperature_delta,1.8,0
2026-08-15T22:31:26.551883Z,sensor.bed_2_temperature_delta,2.0,0
2026-08-15T22:31:26.552147Z,sensor.bed_3_temperature_delta,1.6,0
2026-08-15T22:40:43.240623Z,sensor.bed_3_temp_temperature,78.08,0
2026-08-15T22:40:43.241027Z,sensor.bed_3_temperature_delta,1.8,0
2026-08-15T22:45:00.055576Z,sensor.bed_1_booster_adaptive_boost,1,0
2026-08-15T22:45:00.056041Z,sensor.bed_1_booster_pi_target_speed,3,0
2026-08-15T22:45:00.056554Z,sensor.bed_1_booster_effective_percentage,30,0
2026-08-15T22:45:00.059871Z,sensor.bed_2_booster_adaptive_boost,1,0
2026-08-15T22:45:00.060252Z,sensor.bed_2_booster_pi_target_speed,5,0
2026-08-15T22:45:00.060619Z,sensor.bed_2_booster_effective_percentage,50,0
2026-08-15T22:45:00.064815Z,sensor.bed_3_booster_adaptive_boost,1,0
2026-08-15T22:45:00.065201Z,sensor.bed_3_booster_pi_target_speed,3,0
2026-08-15T22:45:00.065592Z,sensor.bed_3_booster_effective_percentage,30,0
2026-08-15T22:46:26.521327Z,sensor.kitchen_temp_temperature,76.46,0
2026-08-15T22:46:26.521830Z,sensor.bed_1_temperature_delta,1.6,0
2026-08-15T22:46:26.522174Z,sensor.bed_2_temperature_delta,1.8,0
2026-08-15T22:46:26.522462Z,sensor.bed_3_temperature_delta,1.6,0
2026-08-15T22:47:34.299063Z,sensor.bed_2_temp_temperature,78.8,0
2026-08-15T22:47:34.299504Z,sensor.bed_2_temperature_delta,2.3,0
2026-08-15T23:02:35.601860Z,sensor.bed_2_temp_temperature,78.62,0
2026-08-15T23:02:35.602595Z,sensor.bed_2_temperature_delta,2.2,0
2026-08-15T23:05:11.199304Z,climate.kitchen,cool,0
2026-08-15T23:05:11.202566Z,sensor.bed_1_booster_adaptive_boost,0,0
2026-08-15T23:05:11.204854Z,sensor.bed_2_booster_adaptive_boost,0,0
2026-08-15T23:05:11.206224Z,sensor.bed_3_booster_adaptive_boost,0,0
2026-08-15T23:05:11.217524Z,sensor.bed_1_booster_pi_target_speed,2,0
2026-08-15T23:05:11.218716Z,sensor.bed_2_booster_pi_target_speed,4,0
2026-08-15T23:05:11.219654Z,sensor.bed_3_booster_pi_target_speed,2,0
2026-08-15T23:05:11.220407Z,sensor.bed_1_booster_effective_percentage,20,0
2026-08-15T23:05:11.221678Z,sensor.bed_2_booster_effective_percentage,40,0
2026-08-15T23:05:11.225090Z,sensor.bed_3_booster_effective_percentage,20,0
2026-08-15T23:10:49.442106Z,sensor.bed_3_temp_temperature,78.44,0
2026-08-15T23:10:49.442348Z,sensor.bed_3_temperature_delta,2.0,0
2026-08-15T23:16:26.724370Z,sensor.kitchen_temp_temperature,76.64,0
2026-08-15T23:16:26.725329Z,sensor.bed_1_temperature_delta,1.4,0
2026-08-15T23:16:26.725765Z,sensor.bed_2_temperature_delta,2.0,0
2026-08-15T23:16:26.726106Z,sensor.bed_3_temperature_delta,1.8,0
2026-08-15T23:22:36.053384Z,sensor.bed_1_temp_temperature,78.26,0
2026-08-15T23:22:36.054228Z,sensor.bed_1_temperature_delta,1.6,0
2026-08-15T23:25:52.825581Z,sensor.bed_3_temp_temperature,78.62,0
2026-08-15T23:25:52.825793Z,sensor.bed_3_temperature_delta,2.0,0
2026-08-15T23:30:00.056144Z,sensor.bed_1_booster_adaptive_boost,1,0
2026-08-15T23:30:00.056407Z,sensor.bed_1_booster_pi_target_speed,3,0
2026-08-15T23:30:00.056671Z,sensor.bed_1_booster_effective_percentage,30,0
2026-08-15T23:30:00.059566Z,sensor.bed_2_booster_adaptive_boost,1,0
2026-08-15T23:30:00.059742Z,sensor.bed_2_booster_pi_target_speed,5,0
2026-08-15T23:30:00.059973Z,sensor.bed_2_booster_effective_percentage,50,0
2026-08-15T23:30:00.060833Z,sensor.bed_3_booster_adaptive_boost,1,0
2026-08-15T23:30:00.061044Z,sensor.bed_3_booster_pi_target_speed,3,0
2026-08-15T23:30:00.061238Z,sensor.bed_3_booster_effective_percentage,30,0
2026-08-15T23:31:26.846569Z,sensor.kitchen_temp_temperature,76.82,0
2026-08-15T23:31:26.846998Z,sensor.bed_1_temperature_delta,1.4,0
2026-08-15T23:31:26.847266Z,sensor.bed_2_temperature_delta,1.8,0
2026-08-15T23:31:26.847516Z,sensor.bed_3_temperature_delta,1.8,0
2026-08-15T23:35:44.065070Z,climate.kitchen,cool,0
2026-08-15T23:35:44.069984Z,sensor.bed_1_booster_adaptive_boost,0,0
2026-08-15T23:35:44.071141Z,sensor.bed_2_booster_adaptive_boost,0,0
2026-08-15T23:35:44.072168Z,sensor.bed_3_booster_adaptive_boost,0,0
2026-08-15T23:35:44.082332Z,sensor.bed_1_booster_pi_target_speed,2,0
2026-08-15T23:35:44.083195Z,sensor.bed_2_booster_pi_target_speed,4,0
2026-08-15T23:35:44.083945Z,sensor.bed_3_booster_pi_target_speed,2,0
2026-08-15T23:35:44.084470Z,sensor.bed_1_booster_effective_percentage,20,0
2026-08-15T23:35:44.085279Z,sensor.bed_2_booster_effective_percentage,40,0
2026-08-15T23:35:44.086254Z,sensor.bed_3_booster_effective_percentage,20,0
2026-08-15T23:36:35.669873Z,climate.kitchen,cool,0
2026-08-15T23:36:35.686629Z,sensor.kitchen_temperature,77.54,0
2026-08-15T23:40:14.376846Z,climate.kitchen,cool,0
2026-08-15T23:44:54.911787Z,climate.kitchen,cool,0
2026-08-15T23:46:26.895954Z,sensor.kitchen_temp_temperature,76.1,0
2026-08-15T23:46:26.896766Z,sensor.bed_1_temperature_delta,2.2,0
2026-08-15T23:46:26.896946Z,sensor.bed_2_temperature_delta,2.5,0
2026-08-15T23:46:26.897050Z,sensor.bed_3_temperature_delta,2.5,0
2026-08-15T23:46:26.897173Z,sensor.bed_1_booster_target_speed,4,0
2026-08-15T23:46:26.897282Z,sensor.bed_2_booster_target_speed,6,0
2026-08-15T23:46:26.897388Z,sensor.bed_3_booster_target_speed,6,0
2026-08-15T23:46:26.898036Z,sensor.bed_1_booster_pi_target_speed,4,0
2026-08-15T23:46:26.898310Z,sensor.bed_2_booster_pi_target_speed,6,0
2026-08-15T23:46:26.898638Z,sensor.bed_3_booster_pi_target_speed,6,0
2026-08-15T23:46:26.898804Z,sensor.bed_1_booster_effective_percentage,40,0
2026-08-15T23:46:26.900256Z,sensor.bed_2_booster_effective_percentage,60,0
2026-08-15T23:46:26.900595Z,sensor.bed_3_booster_effective_percentage,60,0
2026-08-15T23:47:39.584360Z,sensor.bed_2_temp_temperature,77.9,0
2026-08-15T23:47:39.584757Z,sensor.bed_2_temperature_delta,1.8,0
2026-08-15T23:47:39.585066Z,sensor.bed_2_booster_target_speed,4,0
2026-08-15T23:47:39.586109Z,sensor.bed_2_booster_pi_target_speed,4,0
2026-08-15T23:47:39.586509Z,sensor.bed_2_booster_effective_percentage,40,0
2026-08-15T23:51:07.351074Z,sensor.bed_1_temp_temperature,77.36,0
2026-08-15T23:51:07.351497Z,sensor.bed_1_temperature_delta,1.3,0
2026-08-15T23:51:07.351810Z,sensor.bed_1_booster_target_speed,0,0
2026-08-15T23:51:07.352957Z,sensor.bed_1_booster_pi_target_speed,0,0
2026-08-15T23:51:07.353380Z,sensor.bed_1_booster_effective_percentage,10,0
2026-08-15T23:52:59.697357Z,sensor.bed_3_temp_temperature,77.72,0
2026-08-15T23:52:59.698345Z,sensor.bed_3_temperature_delta,1.6,0
2026-08-15T23:52:59.698694Z,sensor.bed_3_booster_target_speed,2,0
2026-08-15T23:52:59.700129Z,sensor.bed_3_booster_pi_target_speed,2,0
2026-08-15T23:52:59.700566Z,sensor.bed_3_booster_effective_percentage,20,0
2026-08-15T23:53:03.781699Z,climate.kitchen,cool,0
2026-08-16T00:00:20.705979Z,climate.kitchen,cool,0
2026-08-16T00:00:20.708915Z,sensor.bed_1_booster_effective_percentage,0,0
2026-08-16T00:00:53.502708Z,sensor.kitchen_temp_temperature,75.2,0
2026-08-16T00:00:53.523366Z,sensor.bed_1_temperature_delta,2.2,0
2026-08-16T00:00:53.523564Z,sensor.bed_2_temperature_delta,2.7,0
2026-08-16T00:00:53.523708Z,sensor.bed_3_temperature_delta,2.5,0
2026-08-16T00:00:53.523895Z,sensor.bed_1_booster_target_speed,4,0
2026-08-16T00:00:53.524052Z,sensor.bed_2_booster_target_speed,6,0
2026-08-16T00:00:53.524201Z,sensor.bed_3_booster_target_speed,6,0
2026-08-16T00:00:53.525194Z,sensor.bed_1_booster_pi_target_speed,4,0
2026-08-16T00:00:53.525603Z,sensor.bed_2_booster_pi_target_speed,6,0
2026-08-16T00:00:53.526267Z,sensor.bed_3_booster_pi_target_speed,6,0
2026-08-16T00:00:53.526544Z,sensor.bed_1_booster_effective_percentage,40,0
2026-08-16T00:00:53.527531Z,sensor.bed_2_booster_effective_percentage,60,0
2026-08-16T00:00:53.528407Z,sensor.bed_3_booster_effective_percentage,60,0
2026-08-16T00:02:03.040117Z,sensor.bed_2_temp_temperature,77.0,0
2026-08-16T00:02:03.040895Z,sensor.bed_2_temperature_delta,1.8,0
2026-08-16T00:02:03.041203Z,sensor.bed_2_booster_target_speed,2,0
2026-08-16T00:02:03.042372Z,sensor.bed_2_booster_pi_target_speed,2,0
2026-08-16T00:02:03.042825Z,sensor.bed_2_booster_effective_percentage,20,0
2026-08-16T00:02:49.612971Z,climate.kitchen,cool,0
2026-08-16T00:02:49.622218Z,sensor.kitchen_temperature,76.46,0
2026-08-16T00:06:09.016286Z,sensor.bed_1_temp_temperature,77.0,0
2026-08-16T00:06:09.021487Z,sensor.bed_1_temperature_delta,1.8,0
2026-08-16T00:06:09.021708Z,sensor.bed_1_booster_target_speed,2,0
2026-08-16T00:06:09.022575Z,sensor.bed_1_booster_pi_target_speed,2,0
2026-08-16T00:06:09.022816Z,sensor.bed_1_booster_effective_percentage,20,0
2026-08-16T00:08:02.542121Z,sensor.bed_3_temp_temperature,77.54,0
2026-08-16T00:08:02.545556Z,sensor.bed_3_temperature_delta,2.3,0
2026-08-16T00:15:53.385258Z,sensor.kitchen_temp_temperature,75.74,0
2026-08-16T00:15:53.385481Z,sensor.bed_1_temperature_delta,1.3,0
2026-08-16T00:15:53.385606Z,sensor.bed_2_temperature_delta,1.3,0
2026-08-16T00:15:53.385711Z,sensor.bed_3_temperature_delta,1.8,0
2026-08-16T00:15:53.385850Z,sensor.bed_1_booster_target_speed,0,0
2026-08-16T00:15:53.385975Z,sensor.bed_2_booster_target_speed,0,0
2026-08-16T00:15:53.386091Z,sensor.bed_3_booster_target_speed,4,0
2026-08-16T00:15:53.386890Z,sensor.bed_1_booster_pi_target_speed,0,0
2026-08-16T00:15:53.387248Z,sensor.bed_2_booster_pi_target_speed,0,0
2026-08-16T00:15:53.387604Z,sensor.bed_3_booster_pi_target_speed,4,0
2026-08-16T00:15:53.387833Z,sensor.bed_1_booster_effective_percentage,0,0
2026-08-16T00:15:53.389430Z,sensor.bed_2_booster_effective_percentage,0,0
2026-08-16T00:15:53.389911Z,sensor.bed_3_booster_effective_percentage,40,0
2026-08-16T00:17:02.887187Z,sensor.bed_2_temp_temperature,77.72,0
2026-08-16T00:17:02.887555Z,sensor.bed_2_temperature_delta,2.0,0
2026-08-16T00:17:02.887823Z,sensor.bed_2_booster_target_speed,2,0
2026-08-16T00:17:02.888951Z,sensor.bed_2_booster_pi_target_speed,2,0
2026-08-16T00:17:02.889365Z,sensor.bed_2_booster_effective_percentage,20,0
2026-08-16T00:20:26.571922Z,climate.kitchen,cool,0
2026-08-16T00:21:11.085153Z,sensor.bed_1_temp_temperature,77.18,0
2026-08-16T00:21:11.085374Z,sensor.bed_1_temperature_delta,1.4,0
2026-08-16T00:23:05.790331Z,sensor.bed_3_temp_temperature,77.36,0
2026-08-16T00:23:05.790879Z,sensor.bed_3_temperature_delta,1.6,0
2026-08-16T00:23:05.791084Z,sensor.bed_3_booster_target_speed,2,0
2026-08-16T00:23:05.793231Z,sensor.bed_3_booster_pi_target_speed,2,0
2026-08-16T00:23:05.793524Z,sensor.bed_3_booster_effective_percentage,20,0
2026-08-16T00:30:53.246471Z,sensor.kitchen_temp_temperature,75.92,0
2026-08-16T00:30:53.247852Z,sensor.bed_1_temperature_delta,1.3,0
2026-08-16T00:30:53.248050Z,sensor.bed_2_temperature_delta,1.8,0
2026-08-16T00:30:53.248193Z,sensor.bed_3_temperature_delta,1.4,0
2026-08-16T00:32:03.036931Z,sensor.bed_2_temp_temperature,77.9,0
2026-08-16T00:32:03.037140Z,sensor.bed_2_temperature_delta,2.0,0
2026-08-16T00:35:27.410782Z,climate.kitchen,cool,0
2026-08-16T00:36:13.628917Z,sensor.bed_1_temp_temperature,77.36,0
2026-08-16T00:36:13.629392Z,sensor.bed_1_temperature_delta,1.4,0
2026-08-16T00:38:08.458107Z,sensor.bed_3_temp_temperature,77.54,0
2026-08-16T00:38:08.458361Z,sensor.bed_3_temperature_delta,1.6,0
2026-08-16T00:40:26.572737Z,climate.kitchen,cool,0
2026-08-16T00:45:53.535890Z,sensor.kitchen_temp_temperature,76.1,0
2026-08-16T00:45:53.536775Z,sensor.bed_1_temperature_delta,1.3,0
2026-08-16T00:45:53.537005Z,sensor.bed_2_temperature_delta,1.8,0
2026-08-16T00:45:53.537141Z,sensor.bed_3_temperature_delta,1.4,0
2026-08-16T00:55:26.596413Z,climate.kitchen,cool,0
2026-08-16T01:00:26.588077Z,climate.kitchen,cool,0
2026-08-16T01:08:14.580237Z,sensor.bed_3_temp_temperature,77.36,0
2026-08-16T01:08:14.580513Z,sensor.bed_3_temperature_delta,1.3,0
2026-08-16T01:08:14.580668Z,sensor.bed_3_booster_target_speed,0,0
2026-08-16T01:08:14.581518Z,sensor.bed_3_booster_pi_target_speed,0,0
2026-08-16T01:08:14.581798Z,sensor.bed_3_booster_effective_percentage,0,0
2026-08-16T01:25:00.108521Z,sensor.bed_2_booster_adaptive_boost,1,0
2026-08-16T01:25:00.108877Z,sensor.bed_2_booster_pi_target_speed,3,0
2026-08-16T01:25:00.109830Z,sensor.bed_2_booster_effective_percentage,30,0
2026-08-16T01:30:53.700447Z,sensor.kitchen_temp_temperature,76.28,0
2026-08-16T01:30:53.700700Z,sensor.bed_1_temperature_delta,1.1,0
2026-08-16T01:30:53.700818Z,sensor.bed_2_temperature_delta,1.6,0
2026-08-16T01:30:53.700968Z,sensor.bed_3_temperature_delta,1.1,0
2026-08-16T01:32:02.812440Z,sensor.bed_2_temp_temperature,77.72,0
2026-08-16T01:32:02.812789Z,sensor.bed_2_temperature_delta,1.4,0
2026-08-16T01:50:00.056330Z,sensor.bed_2_booster_adaptive_boost,0,0
2026-08-16T01:50:00.056798Z,sensor.bed_2_booster_pi_target_speed,2,0
2026-08-16T01:50:00.057453Z,sensor.bed_2_booster_effective_percentage,20,0
2026-08-16T02:06:26.524630Z,sensor.bed_1_temp_temperature,77.18,0
2026-08-16T02:06:26.526339Z,sensor.bed_1_temperature_delta,0.9,0
2026-08-16T02:17:04.772500Z,sensor.bed_2_temp_temperature,77.54,0
2026-08-16T02:17:04.772700Z,sensor.bed_2_temperature_delta,1.3,0
2026-08-16T02:17:04.772844Z,sensor.bed_2_booster_target_speed,0,0
2026-08-16T02:17:04.773471Z,sensor.bed_2_booster_pi_target_speed,0,0
2026-08-16T02:17:04.773683Z,sensor.bed_2_booster_effective_percentage,0,0
2026-08-16T02:20:26.578495Z,climate.kitchen,cool,0
2026-08-16T02:23:30.271920Z,sensor.bed_3_temp_temperature,77.18,0
2026-08-16T02:23:30.274328Z,sensor.bed_3_temperature_delta,0.9,0
2026-08-16T02:25:26.837817Z,climate.kitchen,cool,0
2026-08-16T02:45:57.595986Z,sensor.kitchen_temp_temperature,76.1,0
2026-08-16T02:45:57.597493Z,sensor.bed_1_temperature_delta,1.1,0
2026-08-16T02:45:57.597793Z,sensor.bed_2_temperature_delta,1.4,0
2026-08-16T02:45:57.598042Z,sensor.bed_3_temperature_delta,1.1,0
2026-08-16T02:47:07.382447Z,sensor.bed_2_temp_temperature,77.36,0
2026-08-16T02:47:07.382652Z,sensor.bed_2_temperature_delta,1.3,0
2026-08-16T02:51:33.418453Z,sensor.bed_1_temp_temperature,77.0,0
2026-08-16T02:51:33.418820Z,sensor.bed_1_temperature_delta,0.9,0
2026-08-16T02:53:35.297043Z,sensor.bed_3_temp_temperature,77.0,0
2026-08-16T02:53:35.297258Z,sensor.bed_3_temperature_delta,0.9,0
2026-08-16T03:00:05.176279Z,climate.kitchen,cool,0
2026-08-16T03:00:05.181014Z,sensor.kitchen_temperature,77.0,0
2026-08-16T03:00:57.220646Z,sensor.kitchen_temp_temperature,76.28,0
2026-08-16T03:00:57.221726Z,sensor.bed_1_temperature_delta,0.7,0
2026-08-16T03:00:57.222008Z,sensor.bed_2_temperature_delta,1.1,0
2026-08-16T03:00:57.222218Z,sensor.bed_3_temperature_delta,0.7,0
2026-08-16T03:02:07.240307Z,sensor.bed_2_temp_temperature,77.18,0
2026-08-16T03:02:07.240730Z,sensor.bed_2_temperature_delta,0.9,0
2026-08-16T03:15:57.439226Z,sensor.kitchen_temp_temperature,76.1,0
2026-08-16T03:15:57.440229Z,sensor.bed_1_temperature_delta,0.9,0
2026-08-16T03:15:57.440432Z,sensor.bed_2_temperature_delta,1.1,0
2026-08-16T03:15:57.440556Z,sensor.bed_3_temperature_delta,0.9,0
2026-08-16T03:23:41.176734Z,sensor.bed_3_temp_temperature,76.82,0
2026-08-16T03:23:41.180293Z,sensor.bed_3_temperature_delta,0.7,0
2026-08-16T03:30:09.786462Z,climate.kitchen,cool,0
2026-08-16T03:30:09.791519Z,sensor.bed_1_booster_effective_percentage,10,0
2026-08-16T03:30:09.791643Z,sensor.bed_2_booster_effective_percentage,10,0
2026-08-16T03:30:09.791757Z,sensor.bed_3_booster_effective_percentage,10,0
2026-08-16T03:31:37.084885Z,climate.kitchen,cool,0
2026-08-16T03:32:06.726736Z,sensor.bed_2_temp_temperature,77.0,0
2026-08-16T03:32:06.727297Z,sensor.bed_2_temperature_delta,0.9,0
2026-08-16T03:36:38.699637Z,sensor.bed_1_temp_temperature,76.64,0
2026-08-16T03:36:38.700574Z,sensor.bed_1_temperature_delta,0.5,0
2026-08-16T03:38:44.061881Z,sensor.bed_3_temp_temperature,76.64,0
2026-08-16T03:38:44.063208Z,sensor.bed_3_temperature_delta,0.5,0
2026-08-16T03:40:24.219055Z,climate.kitchen,cool,0
2026-08-16T03:40:24.228326Z,sensor.kitchen_temperature,76.46,0
2026-08-16T03:41:23.396068Z,climate.kitchen,cool,0
2026-08-16T03:42:32.164858Z,sensor.kitchen_temp_temperature,75.2,0
2026-08-16T03:42:32.165059Z,sensor.bed_1_temperature_delta,1.4,0
2026-08-16T03:42:32.165174Z,sensor.bed_2_temperature_delta,1.8,0
2026-08-16T03:42:32.165276Z,sensor.bed_3_temperature_delta,1.4,0
2026-08-16T03:42:32.165475Z,sensor.bed_2_booster_target_speed,2,0
2026-08-16T03:42:32.166230Z,sensor.bed_2_booster_pi_target_speed,2,0
2026-08-16T03:42:32.166411Z,sensor.bed_2_booster_effective_percentage,20,0
2026-08-16T03:42:52.414035Z,sensor.bed_2_temp_temperature,76.1,0
2026-08-16T03:42:52.414234Z,sensor.bed_2_temperature_delta,0.9,0
2026-08-16T03:42:52.414371Z,sensor.bed_2_booster_target_speed,0,0
2026-08-16T03:42:52.414916Z,sensor.bed_2_booster_pi_target_speed,0,0
2026-08-16T03:42:52.415099Z,sensor.bed_2_booster_effective_percentage,10,0
2026-08-16T03:48:21.725740Z,sensor.bed_1_temp_temperature,75.74,0
2026-08-16T03:48:21.726179Z,sensor.bed_1_temperature_delta,0.5,0
2026-08-16T03:53:46.337082Z,sensor.bed_3_temp_temperature,76.1,0
2026-08-16T03:53:46.346256Z,sensor.bed_3_temperature_delta,0.9,0
2026-08-16T03:57:31.912351Z,sensor.kitchen_temp_temperature,74.66,0
2026-08-16T03:57:31.913004Z,sensor.bed_1_temperature_delta,1.1,0
2026-08-16T03:57:31.913265Z,sensor.bed_2_temperature_delta,1.4,0
2026-08-16T03:57:31.913474Z,sensor.bed_3_temperature_delta,1.4,0
2026-08-16T03:57:52.087640Z,sensor.bed_2_temp_temperature,75.56,0
2026-08-16T03:57:52.090176Z,sensor.bed_2_temperature_delta,0.9,0
2026-08-16T04:03:23.308137Z,sensor.bed_1_temp_temperature,75.02,0
2026-08-16T04:03:23.309375Z,sensor.bed_1_temperature_delta,0.4,0
2026-08-16T04:05:44.520199Z,sensor.bed_1_booster_pi_target_speed,0,0
2026-08-16T04:05:44.520678Z,sensor.bed_2_booster_pi_target_speed,0,0
2026-08-16T04:05:44.520895Z,sensor.bed_3_booster_pi_target_speed,0,0
2026-08-16T04:05:44.523249Z,sensor.bed_1_booster_adaptive_boost,0,0
2026-08-16T04:05:44.523434Z,sensor.bed_2_booster_adaptive_boost,0,0
2026-08-16T04:05:44.523615Z,sensor.bed_3_booster_adaptive_boost,0,0
2026-08-16T04:05:46.520976Z,climate.kitchen,cool,0
2026-08-16T04:08:48.959601Z,sensor.bed_3_temp_temperature,75.56,0
2026-08-16T04:08:48.961047Z,sensor.bed_3_temperature_delta,0.9,0
2026-08-16T04:09:32.475057Z,sensor.kitchen_temp_temperature,73.76,0
2026-08-16T04:09:32.475311Z,sensor.bed_1_temperature_delta,1.3,0
2026-08-16T04:09:32.475430Z,sensor.bed_2_temperature_delta,1.8,0
2026-08-16T04:09:32.475535Z,sensor.bed_3_temperature_delta,1.8,0
2026-08-16T04:09:32.475761Z,sensor.bed_2_booster_target_speed,2,0
2026-08-16T04:09:32.475893Z,sensor.bed_3_booster_target_speed,2,0
2026-08-16T04:09:32.476993Z,sensor.bed_2_booster_pi_target_speed,2,0
2026-08-16T04:09:32.477435Z,sensor.bed_3_booster_pi_target_speed,2,0
2026-08-16T04:09:32.477728Z,sensor.bed_2_booster_effective_percentage,20,0
2026-08-16T04:09:32.479161Z,sensor.bed_3_booster_effective_percentage,20,0
2026-08-16T04:12:51.075087Z,sensor.bed_2_temp_temperature,75.02,0
2026-08-16T04:12:51.075525Z,sensor.bed_2_temperature_delta,1.3,0
2026-08-16T04:12:51.075673Z,sensor.bed_2_booster_target_speed,0,0
2026-08-16T04:12:51.076309Z,sensor.bed_2_booster_pi_target_speed,0,0
2026-08-16T04:12:51.076555Z,sensor.bed_2_booster_effective_percentage,10,0
2026-08-16T04:15:25.023999Z,climate.kitchen,cool,0
2026-08-16T04:15:25.080909Z,sensor.kitchen_temperature,75.38,0
2026-08-16T04:18:24.719932Z,sensor.bed_1_temp_temperature,74.48,0
2026-08-16T04:18:24.720340Z,sensor.bed_1_temperature_delta,0.7,0
2026-08-16T04:23:51.271224Z,sensor.bed_3_temp_temperature,75.2,0
2026-08-16T04:23:51.272704Z,sensor.bed_3_temperature_delta,1.4,0
2026-08-16T04:24:32.077579Z,sensor.kitchen_temp_temperature,73.04,0
2026-08-16T04:24:32.077810Z,sensor.bed_1_temperature_delta,1.4,0
2026-08-16T04:24:32.077940Z,sensor.bed_2_temperature_delta,2.0,0
2026-08-16T04:24:32.078044Z,sensor.bed_3_temperature_delta,2.2,0
2026-08-16T04:24:32.078250Z,sensor.bed_2_booster_target_speed,2,0
2026-08-16T04:24:32.078363Z,sensor.bed_3_booster_target_speed,4,0
2026-08-16T04:24:32.079173Z,sensor.bed_2_booster_pi_target_speed,2,0
2026-08-16T04:24:32.079478Z,sensor.bed_3_booster_pi_target_speed,4,0
2026-08-16T04:24:32.079658Z,sensor.bed_2_booster_effective_percentage,20,0
2026-08-16T04:24:32.081731Z,sensor.bed_3_booster_effective_percentage,40,0
2026-08-16T04:27:50.911312Z,sensor.bed_2_temp_temperature,74.48,0
2026-08-16T04:27:50.911880Z,sensor.bed_2_temperature_delta,1.4,0
2026-08-16T04:28:36.316954Z,climate.kitchen,cool,0
2026-08-16T04:30:06.339490Z,sensor.bed_1_temp_temperature,73.58,0
2026-08-16T04:30:06.339730Z,sensor.bed_1_temperature_delta,0.5,0
2026-08-16T04:30:48.440201Z,climate.kitchen,cool,0
2026-08-16T04:35:35.783645Z,climate.kitchen,cool,0
2026-08-16T04:35:59.680056Z,climate.kitchen,cool,0
2026-08-16T04:35:59.725333Z,sensor.kitchen_temperature,74.48,0
2026-08-16T04:38:22.005985Z,sensor.kitchen_temp_temperature,72.14,0
2026-08-16T04:38:22.007013Z,sensor.bed_1_temperature_delta,1.4,0
2026-08-16T04:38:22.007150Z,sensor.bed_2_temperature_delta,2.3,0
2026-08-16T04:38:22.007256Z,sensor.bed_3_temperature_delta,3.1,0
2026-08-16T04:38:22.007457Z,sensor.bed_2_booster_target_speed,4,0
2026-08-16T04:38:22.007567Z,sensor.bed_3_booster_target_speed,8,0
2026-08-16T04:38:22.009487Z,sensor.bed_2_booster_pi_target_speed,4,0
2026-08-16T04:38:22.009813Z,sensor.bed_3_booster_pi_target_speed,8,0
2026-08-16T04:38:22.010062Z,sensor.bed_2_booster_effective_percentage,40,0
2026-08-16T04:38:22.011708Z,sensor.bed_3_booster_effective_percentage,80,0
2026-08-16T04:38:55.735295Z,sensor.bed_3_temp_temperature,74.66,0
2026-08-16T04:38:55.739216Z,sensor.bed_3_temperature_delta,2.5,0
2026-08-16T04:38:55.739439Z,sensor.bed_3_booster_target_speed,6,0
2026-08-16T04:38:55.740402Z,sensor.bed_3_booster_pi_target_speed,6,0
2026-08-16T04:38:55.740679Z,sensor.bed_3_booster_effective_percentage,60,0
2026-08-16T04:38:58.683688Z,climate.kitchen,cool,0
2026-08-16T04:41:38.258590Z,sensor.bed_2_temp_temperature,73.58,0
2026-08-16T04:41:38.260042Z,sensor.bed_2_temperature_delta,1.4,0
2026-08-16T04:41:38.260225Z,sensor.bed_2_booster_target_speed,2,0
2026-08-16T04:41:38.260836Z,sensor.bed_2_booster_pi_target_speed,2,0
2026-08-16T04:41:38.261052Z,sensor.bed_2_booster_effective_percentage,20,0
2026-08-16T04:45:08.731326Z,sensor.bed_1_temp_temperature,73.22,0
2026-08-16T04:45:08.732144Z,sensor.bed_1_temperature_delta,1.1,0
2026-08-16T04:46:46.888689Z,climate.kitchen,cool,0
2026-08-16T04:53:22.204173Z,sensor.kitchen_temp_temperature,71.42,0
2026-08-16T04:53:22.204866Z,sensor.bed_1_temperature_delta,1.8,0
2026-08-16T04:53:22.205007Z,sensor.bed_2_temperature_delta,2.2,0
2026-08-16T04:53:22.205120Z,sensor.bed_3_temperature_delta,3.2,0
2026-08-16T04:53:22.205263Z,sensor.bed_1_booster_target_speed,2,0
2026-08-16T04:53:22.205390Z,sensor.bed_2_booster_target_speed,4,0
2026-08-16T04:53:22.205525Z,sensor.bed_3_booster_target_speed,8,0
2026-08-16T04:53:22.206405Z,sensor.bed_1_booster_pi_target_speed,2,0
2026-08-16T04:53:22.206790Z,sensor.bed_2_booster_pi_target_speed,4,0
2026-08-16T04:53:22.207168Z,sensor.bed_3_booster_pi_target_speed,8,0
2026-08-16T04:53:22.207412Z,sensor.bed_1_booster_effective_percentage,20,0
2026-08-16T04:53:22.209424Z,sensor.bed_2_booster_effective_percentage,40,0
2026-08-16T04:53:22.209896Z,sensor.bed_3_booster_effective_percentage,80,0
2026-08-16T04:53:57.285087Z,sensor.bed_3_temp_temperature,74.12,0
2026-08-16T04:53:57.285546Z,sensor.bed_3_temperature_delta,2.7,0
2026-08-16T04:53:57.285702Z,sensor.bed_3_booster_target_speed,6,0
2026-08-16T04:53:57.286313Z,sensor.bed_3_booster_pi_target_speed,6,0
2026-08-16T04:53:57.286537Z,sensor.bed_3_booster_effective_percentage,60,0
2026-08-16T04:54:23.222585Z,climate.kitchen,cool,0
2026-08-16T04:56:40.570773Z,sensor.bed_2_temp_temperature,72.86,0
2026-08-16T04:56:40.571490Z,sensor.bed_2_temperature_delta,1.4,0
2026-08-16T04:56:40.571659Z,sensor.bed_2_booster_target_speed,2,0
2026-08-16T04:56:40.572325Z,sensor.bed_2_booster_pi_target_speed,2,0
2026-08-16T04:56:40.572559Z,sensor.bed_2_booster_effective_percentage,20,0
2026-08-16T05:00:10.358323Z,sensor.bed_1_temp_temperature,72.68,0
2026-08-16T05:00:10.358807Z,sensor.bed_1_temperature_delta,1.3,0
2026-08-16T05:00:10.359004Z,sensor.bed_1_booster_target_speed,0,0
2026-08-16T05:00:10.359608Z,sensor.bed_1_booster_pi_target_speed,0,0
2026-08-16T05:00:10.359836Z,sensor.bed_1_booster_effective_percentage,10,0
2026-08-16T05:05:18.636140Z,climate.kitchen,cool,0
2026-08-16T05:05:59.593440Z,climate.kitchen,cool,0
2026-08-16T05:05:59.638475Z,sensor.kitchen_temperature,73.4,0
2026-08-16T05:08:22.489461Z,sensor.kitchen_temp_temperature,70.7,0
2026-08-16T05:08:22.489690Z,sensor.bed_1_temperature_delta,2.0,0
2026-08-16T05:08:22.489804Z,sensor.bed_2_temperature_delta,2.2,0
2026-08-16T05:08:22.489912Z,sensor.bed_3_temperature_delta,3.4,0
2026-08-16T05:08:22.490065Z,sensor.bed_1_booster_target_speed,2,0
2026-08-16T05:08:22.490178Z,sensor.bed_2_booster_target_speed,4,0
2026-08-16T05:08:22.490292Z,sensor.bed_3_booster_target_speed,8,0
2026-08-16T05:08:22.491105Z,sensor.bed_1_booster_pi_target_speed,2,0
2026-08-16T05:08:22.491551Z,sensor.bed_2_booster_pi_target_speed,4,0
2026-08-16T05:08:22.491966Z,sensor.bed_3_booster_pi_target_speed,8,0
2026-08-16T05:08:22.492192Z,sensor.bed_1_booster_effective_percentage,20,0
2026-08-16T05:08:22.492625Z,sensor.bed_2_booster_effective_percentage,40,0
2026-08-16T05:08:22.493021Z,sensor.bed_3_booster_effective_percentage,80,0
2026-08-16T05:09:00.210868Z,sensor.bed_3_temp_temperature,73.58,0
2026-08-16T05:09:00.211112Z,sensor.bed_3_temperature_delta,2.9,0
2026-08-16T05:10:59.618679Z,climate.kitchen,cool,0
2026-08-16T05:11:38.701519Z,sensor.bed_2_temp_temperature,72.32,0
2026-08-16T05:11:38.702384Z,sensor.bed_2_temperature_delta,1.6,0
2026-08-16T05:11:38.702549Z,sensor.bed_2_booster_target_speed,2,0
2026-08-16T05:11:38.703184Z,sensor.bed_2_booster_pi_target_speed,2,0
2026-08-16T05:11:38.703389Z,sensor.bed_2_booster_effective_percentage,20,0
2026-08-16T05:13:33.655489Z,sensor.bed_1_temp_temperature,71.78,0
2026-08-16T05:13:33.655690Z,sensor.bed_1_temperature_delta,1.1,0
2026-08-16T05:13:33.655830Z,sensor.bed_1_booster_target_speed,0,0
2026-08-16T05:13:33.656369Z,sensor.bed_1_booster_pi_target_speed,0,0
2026-08-16T05:13:33.656565Z,sensor.bed_1_booster_effective_percentage,10,0
2026-08-16T05:18:20.267601Z,sensor.bed_3_temp_temperature,72.68,0
2026-08-16T05:18:20.267836Z,sensor.bed_3_temperature_delta,2.0,0
2026-08-16T05:18:20.268015Z,sensor.bed_3_booster_target_speed,4,0
2026-08-16T05:18:20.268657Z,sensor.bed_3_booster_pi_target_speed,4,0
2026-08-16T05:18:20.268901Z,sensor.bed_3_booster_effective_percentage,40,0
2026-08-16T05:23:20.633776Z,sensor.kitchen_temp_temperature,70.16,0
2026-08-16T05:23:20.635834Z,sensor.bed_1_temperature_delta,1.6,0
2026-08-16T05:23:20.636308Z,sensor.bed_2_temperature_delta,2.2,0
2026-08-16T05:23:20.636598Z,sensor.bed_3_temperature_delta,2.5,0
2026-08-16T05:23:20.636952Z,sensor.bed_1_booster_target_speed,2,0
2026-08-16T05:23:20.637246Z,sensor.bed_2_booster_target_speed,4,0
2026-08-16T05:23:20.637526Z,sensor.bed_3_booster_target_speed,6,0
2026-08-16T05:23:20.639745Z,sensor.bed_1_booster_pi_target_speed,2,0
2026-08-16T05:23:20.640537Z,sensor.bed_2_booster_pi_target_speed,4,0
2026-08-16T05:23:20.641297Z,sensor.bed_3_booster_pi_target_speed,6,0
2026-08-16T05:23:20.641759Z,sensor.bed_1_booster_effective_percentage,20,0
2026-08-16T05:23:20.643780Z,sensor.bed_2_booster_effective_percentage,40,0
2026-08-16T05:23:20.646326Z,sensor.bed_3_booster_effective_percentage,60,0
2026-08-16T05:26:41.321456Z,sensor.bed_2_temp_temperature,71.78,0
2026-08-16T05:26:41.321660Z,sensor.bed_2_temperature_delta,1.6,0
2026-08-16T05:26:41.321809Z,sensor.bed_2_booster_target_speed,2,0
2026-08-16T05:26:41.322351Z,sensor.bed_2_booster_pi_target_speed,2,0
2026-08-16T05:26:41.322535Z,sensor.bed_2_booster_effective_percentage,20,0
2026-08-16T05:28:37.296546Z,sensor.bed_1_temp_temperature,71.6,0
2026-08-16T05:28:37.296777Z,sensor.bed_1_temperature_delta,1.4,0
2026-08-16T05:31:51.784818Z,climate.kitchen,cool,0
2026-08-16T05:33:21.765208Z,sensor.bed_3_temp_temperature,72.14,0
2026-08-16T05:33:21.765434Z,sensor.bed_3_temperature_delta,2.0,0
2026-08-16T05:33:21.765585Z,sensor.bed_3_booster_target_speed,4,0
2026-08-16T05:33:21.766212Z,sensor.bed_3_booster_pi_target_speed,4,0
2026-08-16T05:33:21.766436Z,sensor.bed_3_booster_effective_percentage,40,0
2026-08-16T05:38:23.065627Z,sensor.kitchen_temp_temperature,69.62,0
2026-08-16T05:38:23.067046Z,sensor.bed_1_temperature_delta,2.0,0
2026-08-16T05:38:23.067328Z,sensor.bed_2_temperature_delta,2.2,0
2026-08-16T05:38:23.067537Z,sensor.bed_3_temperature_delta,2.5,0
2026-08-16T05:38:23.067948Z,sensor.bed_2_booster_target_speed,4,0
2026-08-16T05:38:23.068168Z,sensor.bed_3_booster_target_speed,6,0
2026-08-16T05:38:23.069724Z,sensor.bed_2_booster_pi_target_speed,4,0
2026-08-16T05:38:23.070307Z,sensor.bed_3_booster_pi_target_speed,6,0
2026-08-16T05:38:23.070662Z,sensor.bed_2_booster_effective_percentage,40,0
2026-08-16T05:38:23.072895Z,sensor.bed_3_booster_effective_percentage,60,0
2026-08-16T05:40:59.416038Z,climate.kitchen,cool,0
2026-08-16T05:40:59.437392Z,sensor.kitchen_temperature,72.14,0
2026-08-16T05:41:39.209401Z,sensor.bed_2_temp_temperature,71.24,0
2026-08-16T05:41:39.210824Z,sensor.bed_2_temperature_delta,1.6,0
2026-08-16T05:41:39.210995Z,sensor.bed_2_booster_target_speed,2,0
2026-08-16T05:41:39.211506Z,sensor.bed_2_booster_pi_target_speed,2,0
2026-08-16T05:41:39.211690Z,sensor.bed_2_booster_effective_percentage,20,0
2026-08-16T05:43:39.546894Z,sensor.bed_1_temp_temperature,71.24,0
2026-08-16T05:43:39.547337Z,sensor.bed_1_temperature_delta,1.6,0
2026-08-16T05:48:18.068429Z,sensor.bed_3_temp_temperature,71.24,0
2026-08-16T05:48:18.069325Z,sensor.bed_3_temperature_delta,1.6,0
2026-08-16T05:48:18.069588Z,sensor.bed_3_booster_target_speed,2,0
2026-08-16T05:48:18.070229Z,sensor.bed_3_booster_pi_target_speed,2,0
2026-08-16T05:48:18.070436Z,sensor.bed_3_booster_effective_percentage,20,0
2026-08-16T05:53:20.525537Z,sensor.kitchen_temp_temperature,68.9,0
2026-08-16T05:53:20.525886Z,sensor.bed_1_temperature_delta,2.3,0
2026-08-16T05:53:20.526123Z,sensor.bed_2_temperature_delta,2.3,0
2026-08-16T05:53:20.526302Z,sensor.bed_3_temperature_delta,2.3,0
2026-08-16T05:53:20.526507Z,sensor.bed_1_booster_target_speed,4,0
2026-08-16T05:53:20.526684Z,sensor.bed_2_booster_target_speed,4,0
2026-08-16T05:53:20.526867Z,sensor.bed_3_booster_target_speed,4,0
2026-08-16T05:53:20.527760Z,sensor.bed_1_booster_pi_target_speed,4,0
2026-08-16T05:53:20.528216Z,sensor.bed_2_booster_pi_target_speed,4,0
2026-08-16T05:53:20.532080Z,sensor.bed_3_booster_pi_target_speed,4,0
2026-08-16T05:53:20.533451Z,sensor.bed_1_booster_effective_percentage,40,0
2026-08-16T05:53:20.534985Z,sensor.bed_2_booster_effective_percentage,40,0
2026-08-16T05:53:20.536495Z,sensor.bed_3_booster_effective_percentage,40,0
2026-08-16T05:56:37.171778Z,sensor.bed_2_temp_temperature,70.7,0
2026-08-16T05:56:37.172521Z,sensor.bed_2_temperature_delta,1.8,0
2026-08-16T05:56:37.172679Z,sensor.bed_2_booster_target_speed,2,0
2026-08-16T05:56:37.174260Z,sensor.bed_2_booster_pi_target_speed,2,0
2026-08-16T05:56:37.174467Z,sensor.bed_2_booster_effective_percentage,20,0
2026-08-16T05:58:39.801678Z,sensor.bed_1_temp_temperature,70.52,0
2026-08-16T05:58:39.801925Z,sensor.bed_1_temperature_delta,1.6,0
2026-08-16T05:58:39.802073Z,sensor.bed_1_booster_target_speed,2,0
2026-08-16T05:58:39.802615Z,sensor.bed_1_booster_pi_target_speed,2,0
2026-08-16T05:58:39.802820Z,sensor.bed_1_booster_effective_percentage,20,0
2026-08-16T06:00:00Z,climate.kitchen,cool,1
2026-08-16T06:00:00Z,sensor.bed_1_booster_adaptive_boost,0,1
2026-08-16T06:00:00Z,sensor.bed_1_booster_effective_percentage,20,1
2026-08-16T06:00:00Z,sensor.bed_1_booster_pi_target_speed,2,1
2026-08-16T06:00:00Z,sensor.bed_1_booster_target_speed,2,1
2026-08-16T06:00:00Z,sensor.bed_1_temp_temperature,70.52,1
2026-08-16T06:00:00Z,sensor.bed_1_temperature_delta,1.6,1
2026-08-16T06:00:00Z,sensor.bed_2_booster_adaptive_boost,0,1
2026-08-16T06:00:00Z,sensor.bed_2_booster_effective_percentage,20,1
2026-08-16T06:00:00Z,sensor.bed_2_booster_pi_target_speed,2,1
2026-08-16T06:00:00Z,sensor.bed_2_booster_target_speed,2,1
2026-08-16T06:00:00Z,sensor.bed_2_temp_temperature,70.7,1
2026-08-16T06:00:00Z,sensor.bed_2_temperature_delta,1.8,1
2026-08-16T06:00:00Z,sensor.bed_3_booster_adaptive_boost,0,1
2026-08-16T06:00:00Z,sensor.bed_3_booster_effective_percentage,40,1
2026-08-16T06:00:00Z,sensor.bed_3_booster_pi_target_speed,4,1
2026-08-16T06:00:00Z,sensor.bed_3_booster_target_speed,4,1
2026-08-16T06:00:00Z,sensor.bed_3_temp_temperature,71.24,1
2026-08-16T06:00:00Z,sensor.bed_3_temperature_delta,2.3,1
2026-08-16T06:00:00Z,sensor.kitchen_temp_temperature,68.9,1
2026-08-16T06:00:00Z,sensor.kitchen_temperature,72.14,1
2026-08-16T06:01:12.377589Z,sensor.bed_3_temp_temperature,unavailable,0
2026-08-16T06:01:12.379107Z,sensor.bed_3_temperature_delta,unknown,0
2026-08-16T06:01:12.379389Z,sensor.bed_3_booster_target_speed,unknown,0
2026-08-16T06:01:12.382068Z,sensor.bed_3_booster_pi_target_speed,0,0
2026-08-16T06:01:12.383153Z,sensor.bed_3_booster_effective_percentage,10,0
2026-08-16T06:01:12.385672Z,sensor.kitchen_temp_temperature,unavailable,0
2026-08-16T06:01:12.386069Z,sensor.bed_1_temperature_delta,unknown,0
2026-08-16T06:01:12.386226Z,sensor.bed_2_temperature_delta,unknown,0
2026-08-16T06:01:12.386590Z,sensor.bed_1_booster_target_speed,unknown,0
2026-08-16T06:01:12.386927Z,sensor.bed_2_booster_target_speed,unknown,0
2026-08-16T06:01:12.388068Z,sensor.bed_1_booster_pi_target_speed,0,0
2026-08-16T06:01:12.388923Z,sensor.bed_2_booster_pi_target_speed,0,0
2026-08-16T06:01:12.389225Z,sensor.bed_1_booster_effective_percentage,10,0
2026-08-16T06:01:12.389920Z,sensor.bed_2_booster_effective_percentage,10,0
2026-08-16T06:01:12.391214Z,sensor.bed_1_temp_temperature,unavailable,0
2026-08-16T06:01:12.392216Z,sensor.bed_2_temp_temperature,unavailable,0
2026-08-16T06:01:17.507028Z,sensor.bed_3_temp_temperature,71.24,0
2026-08-16T06:01:17.509431Z,sensor.kitchen_temp_temperature,68.9,0
2026-08-16T06:01:17.509722Z,sensor.bed_3_temperature_delta,2.3,0
2026-08-16T06:01:17.510046Z,sensor.bed_3_booster_target_speed,4,0
2026-08-16T06:01:17.510482Z,sensor.bed_3_booster_pi_target_speed,4,0
2026-08-16T06:01:17.510802Z,sensor.bed_3_booster_effective_percentage,40,0
2026-08-16T06:01:17.513759Z,sensor.bed_1_temp_temperature,70.52,0
2026-08-16T06:01:17.514021Z,sensor.bed_1_temperature_delta,1.6,0
2026-08-16T06:01:17.514182Z,sensor.bed_1_booster_target_speed,2,0
2026-08-16T06:01:17.514703Z,sensor.bed_1_booster_pi_target_speed,2,0
2026-08-16T06:01:17.514951Z,sensor.bed_1_booster_effective_percentage,20,0
2026-08-16T06:01:17.518036Z,sensor.bed_2_temp_temperature,70.7,0
2026-08-16T06:01:17.518238Z,sensor.bed_2_temperature_delta,1.8,0
2026-08-16T06:01:17.518411Z,sensor.bed_2_booster_target_speed,2,0
2026-08-16T06:01:17.518990Z,sensor.bed_2_booster_pi_target_speed,2,0
2026-08-16T06:01:17.519178Z,sensor.bed_2_booster_effective_percentage,20,0
2026-08-16T06:03:20.081672Z,sensor.bed_3_temp_temperature,70.7,0
2026-08-16T06:03:20.097686Z,sensor.bed_3_temperature_delta,1.8,0
2026-08-16T06:03:20.098249Z,sensor.bed_3_booster_target_speed,2,0
2026-08-16T06:03:20.110245Z,sensor.bed_3_booster_pi_target_speed,2,0
2026-08-16T06:03:20.110673Z,sensor.bed_3_booster_effective_percentage,20,0
2026-08-16T06:05:59.906427Z,climate.kitchen,cool,0
2026-08-16T06:05:59.924775Z,sensor.kitchen_temperature,71.24,0
2026-08-16T06:08:18.849366Z,sensor.kitchen_temp_temperature,68.36,0
2026-08-16T06:08:18.853204Z,sensor.bed_1_temperature_delta,2.2,0
2026-08-16T06:08:18.853369Z,sensor.bed_2_temperature_delta,2.3,0
2026-08-16T06:08:18.853481Z,sensor.bed_3_temperature_delta,2.3,0
2026-08-16T06:08:18.853622Z,sensor.bed_1_booster_target_speed,4,0
2026-08-16T06:08:18.853743Z,sensor.bed_2_booster_target_speed,4,0
2026-08-16T06:08:18.853871Z,sensor.bed_3_booster_target_speed,4,0
2026-08-16T06:08:18.854506Z,sensor.bed_1_booster_pi_target_speed,4,0
2026-08-16T06:08:18.854805Z,sensor.bed_2_booster_pi_target_speed,4,0
2026-08-16T06:08:18.855107Z,sensor.bed_3_booster_pi_target_speed,4,0
2026-08-16T06:08:18.855295Z,sensor.bed_1_booster_effective_percentage,40,0
2026-08-16T06:08:18.868726Z,sensor.bed_2_booster_effective_percentage,40,0
2026-08-16T06:08:18.869327Z,sensor.bed_3_booster_effective_percentage,40,0
2026-08-16T06:11:34.998127Z,sensor.bed_2_temp_temperature,70.16,0
2026-08-16T06:11:34.999022Z,sensor.bed_2_temperature_delta,1.8,0
2026-08-16T06:11:34.999182Z,sensor.bed_2_booster_target_speed,2,0
2026-08-16T06:11:34.999699Z,sensor.bed_2_booster_pi_target_speed,2,0
2026-08-16T06:11:34.999924Z,sensor.bed_2_booster_effective_percentage,20,0
2026-08-16T06:13:39.716459Z,sensor.bed_1_temp_temperature,69.8,0
2026-08-16T06:13:39.717322Z,sensor.bed_1_temperature_delta,1.4,0
2026-08-16T06:13:39.717472Z,sensor.bed_1_booster_target_speed,2,0
2026-08-16T06:13:39.718203Z,sensor.bed_1_booster_pi_target_speed,2,0
2026-08-16T06:13:39.718394Z,sensor.bed_1_booster_effective_percentage,20,0
2026-08-16T06:18:20.504077Z,sensor.bed_3_temp_temperature,69.98,0
2026-08-16T06:18:20.504278Z,sensor.bed_3_temperature_delta,1.6,0
2026-08-16T06:18:20.504413Z,sensor.bed_3_booster_target_speed,2,0
2026-08-16T06:18:20.504938Z,sensor.bed_3_booster_pi_target_speed,2,0
2026-08-16T06:18:20.505120Z,sensor.bed_3_booster_effective_percentage,20,0
2026-08-16T06:23:16.022423Z,sensor.kitchen_temp_temperature,67.82,0
2026-08-16T06:23:16.023169Z,sensor.bed_1_temperature_delta,2.0,0
2026-08-16T06:23:16.023336Z,sensor.bed_2_temperature_delta,2.3,0
2026-08-16T06:23:16.023455Z,sensor.bed_3_temperature_delta,2.2,0
2026-08-16T06:23:16.023831Z,sensor.bed_2_booster_target_speed,4,0
2026-08-16T06:23:16.024006Z,sensor.bed_3_booster_target_speed,4,0
2026-08-16T06:23:16.026221Z,sensor.bed_2_booster_pi_target_speed,4,0
2026-08-16T06:23:16.026545Z,sensor.bed_3_booster_pi_target_speed,4,0
2026-08-16T06:23:16.026747Z,sensor.bed_2_booster_effective_percentage,40,0
2026-08-16T06:23:16.028625Z,sensor.bed_3_booster_effective_percentage,40,0
2026-08-16T06:26:32.159072Z,sensor.bed_2_temp_temperature,69.62,0
2026-08-16T06:26:32.159727Z,sensor.bed_2_temperature_delta,1.8,0
2026-08-16T06:28:39.157597Z,sensor.bed_1_temp_temperature,69.26,0
2026-08-16T06:28:39.158470Z,sensor.bed_1_temperature_delta,1.4,0
2026-08-16T06:30:00.424395Z,sensor.bed_2_booster_adaptive_boost,1,0
2026-08-16T06:30:00.424608Z,sensor.bed_2_booster_pi_target_speed,5,0
2026-08-16T06:30:00.424854Z,sensor.bed_2_booster_effective_percentage,50,0
2026-08-16T06:30:00.426961Z,sensor.bed_3_booster_adaptive_boost,1,0
2026-08-16T06:30:00.427167Z,sensor.bed_3_booster_pi_target_speed,5,0
2026-08-16T06:30:00.427382Z,sensor.bed_3_booster_effective_percentage,50,0
2026-08-16T06:30:59.606088Z,climate.kitchen,cool,0
2026-08-16T06:30:59.609766Z,sensor.bed_2_booster_adaptive_boost,0,0
2026-08-16T06:30:59.610326Z,sensor.bed_3_booster_adaptive_boost,0,0
2026-08-16T06:30:59.619253Z,sensor.bed_2_booster_pi_target_speed,4,0
2026-08-16T06:30:59.619507Z,sensor.bed_3_booster_pi_target_speed,4,0
2026-08-16T06:30:59.619770Z,sensor.bed_2_booster_effective_percentage,40,0
2026-08-16T06:30:59.620137Z,sensor.bed_3_booster_effective_percentage,40,0
2026-08-16T06:30:59.620569Z,sensor.kitchen_temperature,70.34,0
2026-08-16T06:33:21.590117Z,sensor.bed_3_temp_temperature,69.44,0
2026-08-16T06:33:21.590567Z,sensor.bed_3_temperature_delta,1.6,0
2026-08-16T06:33:21.590722Z,sensor.bed_3_booster_target_speed,2,0
2026-08-16T06:33:21.591260Z,sensor.bed_3_booster_pi_target_speed,2,0
2026-08-16T06:33:21.591459Z,sensor.bed_3_booster_effective_percentage,20,0
2026-08-16T06:34:41.070348Z,sensor.bed_2_temp_temperature,68.72,0
2026-08-16T06:34:41.070585Z,sensor.bed_2_temperature_delta,0.9,0
2026-08-16T06:34:41.070725Z,sensor.bed_2_booster_target_speed,0,0
2026-08-16T06:34:41.071314Z,sensor.bed_2_booster_pi_target_speed,0,0
2026-08-16T06:34:41.071539Z,sensor.bed_2_booster_effective_percentage,10,0
2026-08-16T06:38:13.308445Z,sensor.kitchen_temp_temperature,67.28,0
2026-08-16T06:38:13.308646Z,sensor.bed_1_temperature_delta,2.0,0
2026-08-16T06:38:13.308757Z,sensor.bed_2_temperature_delta,1.4,0
2026-08-16T06:38:13.308863Z,sensor.bed_3_temperature_delta,2.2,0
2026-08-16T06:38:13.309148Z,sensor.bed_3_booster_target_speed,4,0
2026-08-16T06:38:13.309847Z,sensor.bed_3_booster_pi_target_speed,4,0
2026-08-16T06:38:13.310086Z,sensor.bed_3_booster_effective_percentage,40,0
2026-08-16T06:43:39.196808Z,sensor.bed_1_temp_temperature,68.72,0
2026-08-16T06:43:39.199726Z,sensor.bed_1_temperature_delta,1.4,0
2026-08-16T06:48:21.346107Z,sensor.bed_3_temp_temperature,68.9,0
2026-08-16T06:48:21.348690Z,sensor.bed_3_temperature_delta,1.6,0
2026-08-16T06:48:21.348883Z,sensor.bed_3_booster_target_speed,2,0
2026-08-16T06:48:21.350830Z,sensor.bed_3_booster_pi_target_speed,2,0
2026-08-16T06:48:21.351382Z,sensor.bed_3_booster_effective_percentage,20,0
2026-08-16T06:49:38.149970Z,sensor.bed_2_temp_temperature,69.08,0
2026-08-16T06:49:38.151784Z,sensor.bed_2_temperature_delta,1.8,0
2026-08-16T06:49:38.151949Z,sensor.bed_2_booster_target_speed,2,0
2026-08-16T06:49:38.154039Z,sensor.bed_2_booster_pi_target_speed,2,0
2026-08-16T06:49:38.154244Z,sensor.bed_2_booster_effective_percentage,20,0
2026-08-16T06:53:10.790174Z,sensor.kitchen_temp_temperature,66.74,0
2026-08-16T06:53:10.790398Z,sensor.bed_1_temperature_delta,2.0,0
2026-08-16T06:53:10.790529Z,sensor.bed_2_temperature_delta,2.3,0
2026-08-16T06:53:10.790642Z,sensor.bed_3_temperature_delta,2.2,0
2026-08-16T06:53:10.790875Z,sensor.bed_2_booster_target_speed,4,0
2026-08-16T06:53:10.791001Z,sensor.bed_3_booster_target_speed,4,0
2026-08-16T06:53:10.791659Z,sensor.bed_2_booster_pi_target_speed,4,0
2026-08-16T06:53:10.791987Z,sensor.bed_3_booster_pi_target_speed,4,0
2026-08-16T06:53:10.792186Z,sensor.bed_2_booster_effective_percentage,40,0
2026-08-16T06:53:10.792578Z,sensor.bed_3_booster_effective_percentage,40,0
2026-08-16T06:54:10.552359Z,climate.kitchen,cool,0
2026-08-16T06:54:10.564171Z,sensor.kitchen_temperature,69.44,0
2026-08-16T06:57:47.987812Z,sensor.bed_2_temp_temperature,68.18,0
2026-08-16T06:57:47.988299Z,sensor.bed_2_temperature_delta,1.4,0
2026-08-16T06:57:47.988450Z,sensor.bed_2_booster_target_speed,2,0
2026-08-16T06:57:47.988995Z,sensor.bed_2_booster_pi_target_speed,2,0
2026-08-16T06:57:47.989185Z,sensor.bed_2_booster_effective_percentage,20,0
2026-08-16T06:58:38.298802Z,sensor.bed_1_temp_temperature,68.18,0
2026-08-16T06:58:38.299899Z,sensor.bed_1_temperature_delta,1.4,0
2026-08-16T07:03:21.839495Z,sensor.bed_3_temp_temperature,68.36,0
2026-08-16T07:03:21.839728Z,sensor.bed_3_temperature_delta,1.6,0
2026-08-16T07:03:21.839873Z,sensor.bed_3_booster_target_speed,2,0
2026-08-16T07:03:21.840411Z,sensor.bed_3_booster_pi_target_speed,2,0
2026-08-16T07:03:21.840594Z,sensor.bed_3_booster_effective_percentage,20,0
2026-08-16T07:08:07.776269Z,sensor.kitchen_temp_temperature,66.2,0
2026-08-16T07:08:07.776970Z,sensor.bed_1_temperature_delta,2.0,0
2026-08-16T07:08:07.777140Z,sensor.bed_2_temperature_delta,2.0,0
2026-08-16T07:08:07.777263Z,sensor.bed_3_temperature_delta,2.2,0
2026-08-16T07:08:07.777545Z,sensor.bed_3_booster_target_speed,4,0
2026-08-16T07:08:07.779613Z,sensor.bed_3_booster_pi_target_speed,4,0
2026-08-16T07:08:07.779824Z,sensor.bed_3_booster_effective_percentage,40,0
2026-08-16T07:13:37.819078Z,sensor.bed_1_temp_temperature,67.46,0
2026-08-16T07:13:37.820743Z,sensor.bed_1_temperature_delta,1.3,0
2026-08-16T07:13:37.820904Z,sensor.bed_1_booster_target_speed,0,0
2026-08-16T07:13:37.822203Z,sensor.bed_1_booster_pi_target_speed,0,0
2026-08-16T07:13:37.822410Z,sensor.bed_1_booster_effective_percentage,10,0
2026-08-16T07:15:00.428260Z,sensor.bed_3_booster_adaptive_boost,1,0
2026-08-16T07:15:00.428461Z,sensor.bed_3_booster_pi_target_speed,5,0
2026-08-16T07:15:00.428674Z,sensor.bed_3_booster_effective_percentage,50,0
2026-08-16T07:17:43.724392Z,climate.kitchen,cool,0
2026-08-16T07:17:43.731748Z,sensor.bed_3_booster_adaptive_boost,0,0
2026-08-16T07:17:43.732313Z,sensor.bed_1_booster_effective_percentage,0,0
2026-08-16T07:17:43.737614Z,sensor.bed_3_booster_pi_target_speed,4,0
2026-08-16T07:17:43.737894Z,sensor.bed_3_booster_effective_percentage,40,0
2026-08-16T07:18:21.679814Z,sensor.bed_3_temp_temperature,67.82,0
2026-08-16T07:18:21.681386Z,sensor.bed_3_temperature_delta,1.6,0
2026-08-16T07:18:21.681581Z,sensor.bed_3_booster_target_speed,2,0
2026-08-16T07:18:21.683264Z,sensor.bed_3_booster_pi_target_speed,2,0
2026-08-16T07:18:21.683499Z,sensor.bed_3_booster_effective_percentage,20,0
2026-08-16T07:23:04.495605Z,sensor.kitchen_temp_temperature,66.02,0
2026-08-16T07:23:04.495873Z,sensor.bed_1_temperature_delta,1.4,0
2026-08-16T07:23:04.496046Z,sensor.bed_2_temperature_delta,2.2,0
2026-08-16T07:23:04.496171Z,sensor.bed_3_temperature_delta,1.8,0
2026-08-16T07:23:04.496379Z,sensor.bed_2_booster_target_speed,4,0
2026-08-16T07:23:04.497082Z,sensor.bed_2_booster_pi_target_speed,4,0
2026-08-16T07:23:04.497257Z,sensor.bed_2_booster_effective_percentage,40,0
2026-08-16T07:23:09.454779Z,climate.kitchen,cool,0
2026-08-16T07:27:41.874603Z,sensor.bed_2_temp_temperature,68.0,0
2026-08-16T07:27:41.874810Z,sensor.bed_2_temperature_delta,2.0,0
2026-08-16T07:28:06.980545Z,climate.kitchen,cool,0
2026-08-16T07:28:06.994290Z,sensor.kitchen_temperature,68.36,0
2026-08-16T07:28:07.004191Z,climate.kitchen,cool,0
2026-08-16T07:33:24.087448Z,sensor.bed_3_temp_temperature,67.46,0
2026-08-16T07:33:24.090938Z,sensor.bed_3_temperature_delta,1.4,0
2026-08-16T07:38:01.545942Z,sensor.kitchen_temp_temperature,66.74,0
2026-08-16T07:38:01.546164Z,sensor.bed_1_temperature_delta,0.7,0
2026-08-16T07:38:01.546276Z,sensor.bed_2_temperature_delta,1.3,0
2026-08-16T07:38:01.546377Z,sensor.bed_3_temperature_delta,0.7,0
2026-08-16T07:38:01.546574Z,sensor.bed_2_booster_target_speed,0,0
2026-08-16T07:38:01.546684Z,sensor.bed_3_booster_target_speed,0,0
2026-08-16T07:38:01.547269Z,sensor.bed_2_booster_pi_target_speed,0,0
2026-08-16T07:38:01.547558Z,sensor.bed_3_booster_pi_target_speed,0,0
2026-08-16T07:38:01.547729Z,sensor.bed_2_booster_effective_percentage,0,0
2026-08-16T07:38:01.549021Z,sensor.bed_3_booster_effective_percentage,0,0
2026-08-16T07:42:38.932453Z,sensor.bed_2_temp_temperature,68.36,0
2026-08-16T07:42:38.934937Z,sensor.bed_2_temperature_delta,1.6,0
2026-08-16T07:42:38.935160Z,sensor.bed_2_booster_target_speed,2,0
2026-08-16T07:42:38.937979Z,sensor.bed_2_booster_pi_target_speed,2,0
2026-08-16T07:42:38.938255Z,sensor.bed_2_booster_effective_percentage,20,0
2026-08-16T07:43:35.660643Z,sensor.bed_1_temp_temperature,67.64,0
2026-08-16T07:43:35.661959Z,sensor.bed_1_temperature_delta,0.9,0
2026-08-16T07:48:26.922317Z,sensor.bed_3_temp_temperature,67.28,0
2026-08-16T07:48:26.922554Z,sensor.bed_3_temperature_delta,0.5,0
2026-08-16T07:53:00.877906Z,sensor.kitchen_temp_temperature,67.1,0
2026-08-16T07:53:00.878118Z,sensor.bed_1_temperature_delta,0.5,0
2026-08-16T07:53:00.878227Z,sensor.bed_2_temperature_delta,1.3,0
2026-08-16T07:53:00.878329Z,sensor.bed_3_temperature_delta,0.2,0
2026-08-16T07:53:00.878528Z,sensor.bed_2_booster_target_speed,0,0
2026-08-16T07:53:00.879177Z,sensor.bed_2_booster_pi_target_speed,0,0
2026-08-16T07:53:00.879347Z,sensor.bed_2_booster_effective_percentage,0,0
2026-08-16T07:58:35.578850Z,sensor.bed_1_temp_temperature,67.82,0
2026-08-16T07:58:35.579594Z,sensor.bed_1_temperature_delta,0.7,0
2026-08-16T08:07:59.666260Z,sensor.kitchen_temp_temperature,67.28,0
2026-08-16T08:07:59.672179Z,sensor.bed_1_temperature_delta,0.5,0
2026-08-16T08:07:59.672451Z,sensor.bed_2_temperature_delta,1.1,0
2026-08-16T08:07:59.672565Z,sensor.bed_3_temperature_delta,0.0,0
2026-08-16T08:22:56.643872Z,sensor.kitchen_temp_temperature,67.46,0
2026-08-16T08:22:56.644088Z,sensor.bed_1_temperature_delta,0.4,0
2026-08-16T08:22:56.644207Z,sensor.bed_2_temperature_delta,0.9,0
2026-08-16T08:22:56.644325Z,sensor.bed_3_temperature_delta,-0.2,0
2026-08-16T08:28:34.480052Z,sensor.bed_1_temp_temperature,68.0,0
2026-08-16T08:28:34.480286Z,sensor.bed_1_temperature_delta,0.5,0
2026-08-16T08:33:28.246750Z,sensor.bed_3_temp_temperature,67.46,0
2026-08-16T08:33:28.249787Z,sensor.bed_3_temperature_delta,0.0,0
2026-08-16T08:37:53.800847Z,sensor.kitchen_temp_temperature,67.64,0
2026-08-16T08:37:53.801072Z,sensor.bed_1_temperature_delta,0.4,0
2026-08-16T08:37:53.801188Z,sensor.bed_2_temperature_delta,0.7,0
2026-08-16T08:37:53.801296Z,sensor.bed_3_temperature_delta,-0.2,0
2026-08-16T09:03:28.606545Z,sensor.bed_3_temp_temperature,67.64,0
2026-08-16T09:03:28.607071Z,sensor.bed_3_temperature_delta,0.0,0
2026-08-16T09:07:48.516951Z,sensor.kitchen_temp_temperature,67.82,0
2026-08-16T09:07:48.517437Z,sensor.bed_1_temperature_delta,0.2,0
2026-08-16T09:07:48.517762Z,sensor.bed_2_temperature_delta,0.5,0
2026-08-16T09:07:48.518075Z,sensor.bed_3_temperature_delta,-0.2,0
2026-08-16T09:12:25.597196Z,sensor.bed_2_temp_temperature,68.18,0
2026-08-16T09:12:25.597649Z,sensor.bed_2_temperature_delta,0.4,0
2026-08-16T09:13:32.972018Z,sensor.bed_1_temp_temperature,68.18,0
2026-08-16T09:13:32.972497Z,sensor.bed_1_temperature_delta,0.4,0
2026-08-16T09:33:28.214872Z,sensor.bed_3_temp_temperature,68.0,0
2026-08-16T09:33:28.215327Z,sensor.bed_3_temperature_delta,0.2,0
2026-08-16T09:48:28.199656Z,sensor.bed_3_temp_temperature,68.54,0
2026-08-16T09:48:28.200208Z,sensor.bed_3_temperature_delta,0.7,0
2026-08-16T10:07:38.199686Z,sensor.kitchen_temp_temperature,68.0,0
2026-08-16T10:07:38.200188Z,sensor.bed_1_temperature_delta,0.2,0
2026-08-16T10:07:38.200507Z,sensor.bed_2_temperature_delta,0.2,0
2026-08-16T10:07:38.200795Z,sensor.bed_3_temperature_delta,0.5,0
2026-08-16T10:18:28.853920Z,sensor.bed_3_temp_temperature,68.36,0
2026-08-16T10:18:28.854419Z,sensor.bed_3_temperature_delta,0.4,0
2026-08-16T10:22:35.765945Z,sensor.kitchen_temp_temperature,67.82,0
2026-08-16T10:22:35.766424Z,sensor.bed_1_temperature_delta,0.4,0
2026-08-16T10:22:35.766742Z,sensor.bed_2_temperature_delta,0.4,0
2026-08-16T10:22:35.767059Z,sensor.bed_3_temperature_delta,0.5,0
2026-08-16T10:37:33.440133Z,sensor.kitchen_temp_temperature,68.0,0
2026-08-16T10:37:33.440616Z,sensor.bed_1_temperature_delta,0.2,0
2026-08-16T10:37:33.440956Z,sensor.bed_2_temperature_delta,0.2,0
2026-08-16T10:37:33.441251Z,sensor.bed_3_temperature_delta,0.4,0
2026-08-16T10:42:07.590788Z,sensor.bed_2_temp_temperature,68.36,0
2026-08-16T10:42:07.591330Z,sensor.bed_2_temperature_delta,0.4,0
2026-08-16T10:58:33.038281Z,sensor.bed_1_temp_temperature,68.36,0
2026-08-16T10:58:33.038867Z,sensor.bed_1_temperature_delta,0.4,0
2026-08-16T11:41:56.010042Z,sensor.bed_2_temp_temperature,68.54,0
2026-08-16T11:41:56.010500Z,sensor.bed_2_temperature_delta,0.5,0
2026-08-16T11:56:53.018469Z,sensor.bed_2_temp_temperature,68.36,0
2026-08-16T11:56:53.018988Z,sensor.bed_2_temperature_delta,0.4,0
2026-08-16T11:58:33.819195Z,sensor.bed_1_temp_temperature,68.54,0
2026-08-16T11:58:33.819702Z,sensor.bed_1_temperature_delta,0.5,0
2026-08-16T12:07:23.513824Z,sensor.kitchen_temp_temperature,68.18,0
2026-08-16T12:07:23.514306Z,sensor.bed_1_temperature_delta,0.4,0
2026-08-16T12:07:23.514602Z,sensor.bed_2_temperature_delta,0.2,0
2026-08-16T12:07:23.514888Z,sensor.bed_3_temperature_delta,0.2,0
2026-08-16T12:29:13.631252Z,climate.kitchen,cool,0
2026-08-16T12:29:13.637909Z,sensor.kitchen_temperature,68.54,0
2026-08-16T12:33:33.818773Z,sensor.bed_3_temp_temperature,68.54,0
2026-08-16T12:33:33.819274Z,sensor.bed_3_temperature_delta,0.4,0
2026-08-16T12:41:14.505000Z,sensor.bed_3_temp_temperature,69.44,0
2026-08-16T12:41:14.505496Z,sensor.bed_3_temperature_delta,1.3,0
2026-08-16T12:43:32.323209Z,sensor.bed_1_temp_temperature,68.72,0
2026-08-16T12:43:32.323395Z,sensor.bed_1_temperature_delta,0.5,0
2026-08-16T12:56:14.686804Z,sensor.bed_3_temp_temperature,69.62,0
2026-08-16T12:56:14.687309Z,sensor.bed_3_temperature_delta,1.4,0
2026-08-16T13:07:13.023961Z,sensor.kitchen_temp_temperature,68.36,0
2026-08-16T13:07:13.024446Z,sensor.bed_1_temperature_delta,0.4,0
2026-08-16T13:07:13.024764Z,sensor.bed_2_temperature_delta,0.0,0
2026-08-16T13:07:13.025073Z,sensor.bed_3_temperature_delta,1.3,0
2026-08-16T13:11:15.589762Z,sensor.bed_3_temp_temperature,69.8,0
2026-08-16T13:11:15.590223Z,sensor.bed_3_temperature_delta,1.4,0
2026-08-16T13:11:38.687364Z,sensor.bed_2_temp_temperature,68.54,0
2026-08-16T13:11:38.687864Z,sensor.bed_2_temperature_delta,0.2,0
2026-08-16T13:13:31.545526Z,sensor.bed_1_temp_temperature,69.08,0
2026-08-16T13:13:31.545993Z,sensor.bed_1_temperature_delta,0.7,0
2026-08-16T13:26:21.310601Z,sensor.bed_1_temp_temperature,69.98,0
2026-08-16T13:26:21.311109Z,sensor.bed_1_temperature_delta,1.6,0
2026-08-16T13:26:21.311494Z,sensor.bed_1_booster_target_speed,2,0
2026-08-16T13:26:21.312618Z,sensor.bed_1_booster_pi_target_speed,2,0
2026-08-16T13:26:21.313073Z,sensor.bed_1_booster_effective_percentage,20,0
2026-08-16T13:26:35.810368Z,sensor.bed_2_temp_temperature,68.72,0
2026-08-16T13:26:35.810813Z,sensor.bed_2_temperature_delta,0.4,0
2026-08-16T13:30:44.390003Z,climate.kitchen,cool,0
2026-08-16T13:33:24.416242Z,climate.kitchen,cool,0
2026-08-16T13:34:51.400220Z,climate.kitchen,cool,0
2026-08-16T13:34:51.406616Z,sensor.kitchen_temperature,69.44,0
2026-08-16T13:37:08.547699Z,sensor.kitchen_temp_temperature,68.54,0
2026-08-16T13:37:08.548168Z,sensor.bed_1_temperature_delta,1.4,0
2026-08-16T13:37:08.548458Z,sensor.bed_2_temperature_delta,0.2,0
2026-08-16T13:37:08.548719Z,sensor.bed_3_temperature_delta,1.3,0
2026-08-16T13:41:21.657697Z,sensor.bed_1_temp_temperature,70.16,0
2026-08-16T13:41:21.658169Z,sensor.bed_1_temperature_delta,1.6,0
2026-08-16T13:41:35.566762Z,sensor.bed_2_temp_temperature,69.08,0
2026-08-16T13:41:35.567239Z,sensor.bed_2_temperature_delta,0.5,0
2026-08-16T13:46:54.317432Z,climate.kitchen,cool,0
2026-08-16T13:46:54.326693Z,sensor.kitchen_temperature,70.52,0
2026-08-16T13:52:05.864214Z,sensor.kitchen_temp_temperature,68.72,0
2026-08-16T13:52:05.864656Z,sensor.bed_1_temperature_delta,1.4,0
2026-08-16T13:52:05.864970Z,sensor.bed_2_temperature_delta,0.4,0
2026-08-16T13:52:05.865236Z,sensor.bed_3_temperature_delta,1.1,0
2026-08-16T13:56:18.763678Z,sensor.bed_3_temp_temperature,69.98,0
2026-08-16T13:56:18.763871Z,sensor.bed_3_temperature_delta,1.3,0
2026-08-16T14:07:06.677935Z,sensor.kitchen_temp_temperature,68.9,0
2026-08-16T14:07:06.678426Z,sensor.bed_1_temperature_delta,1.3,0
2026-08-16T14:07:06.678747Z,sensor.bed_2_temperature_delta,0.2,0
2026-08-16T14:07:06.679061Z,sensor.bed_3_temperature_delta,1.1,0
2026-08-16T14:07:06.679408Z,sensor.bed_1_booster_target_speed,0,0
2026-08-16T14:07:06.680779Z,sensor.bed_1_booster_pi_target_speed,0,0
2026-08-16T14:07:06.680939Z,sensor.bed_1_booster_effective_percentage,0,0
2026-08-16T14:11:20.984223Z,sensor.bed_3_temp_temperature,70.16,0
2026-08-16T14:11:20.984706Z,sensor.bed_3_temperature_delta,1.3,0
2026-08-16T14:12:10.697970Z,climate.kitchen,cool,0
2026-08-16T14:12:10.703760Z,sensor.kitchen_temperature,70.34,0
2026-08-16T14:22:05.265946Z,sensor.kitchen_temp_temperature,69.08,0
2026-08-16T14:22:05.266426Z,sensor.bed_1_temperature_delta,1.1,0
2026-08-16T14:22:05.266742Z,sensor.bed_2_temperature_delta,0.0,0
2026-08-16T14:22:05.267059Z,sensor.bed_3_temperature_delta,1.1,0
2026-08-16T14:37:03.115130Z,sensor.kitchen_temp_temperature,69.26,0
2026-08-16T14:37:03.115578Z,sensor.bed_1_temperature_delta,0.9,0
2026-08-16T14:37:03.115884Z,sensor.bed_2_temperature_delta,-0.2,0
2026-08-16T14:37:03.116147Z,sensor.bed_3_temperature_delta,0.9,0
2026-08-16T14:41:21.882105Z,sensor.bed_3_temp_temperature,70.34,0
2026-08-16T14:41:21.882596Z,sensor.bed_3_temperature_delta,1.1,0
2026-08-16T14:41:25.558087Z,sensor.bed_2_temp_temperature,69.26,0
2026-08-16T14:41:25.558534Z,sensor.bed_2_temperature_delta,0.0,0
2026-08-16T14:41:28.486768Z,sensor.bed_1_temp_temperature,70.34,0
2026-08-16T14:41:28.487261Z,sensor.bed_1_temperature_delta,1.1,0
2026-08-16T14:56:23.227632Z,sensor.bed_2_temp_temperature,69.44,0
2026-08-16T14:56:23.228094Z,sensor.bed_2_temperature_delta,0.2,0
2026-08-16T14:56:28.618675Z,sensor.bed_1_temp_temperature,70.52,0
2026-08-16T14:56:28.619180Z,sensor.bed_1_temperature_delta,1.3,0
2026-08-16T15:04:37.153723Z,climate.kitchen,cool,0
2026-08-16T15:06:59.018991Z,sensor.kitchen_temp_temperature,69.44,0
2026-08-16T15:06:59.019517Z,sensor.bed_1_temperature_delta,1.1,0
2026-08-16T15:06:59.019875Z,sensor.bed_2_temperature_delta,0.0,0
2026-08-16T15:06:59.020195Z,sensor.bed_3_temperature_delta,0.9,0
2026-08-16T15:11:20.915673Z,sensor.bed_2_temp_temperature,69.62,0
2026-08-16T15:11:20.916178Z,sensor.bed_2_temperature_delta,0.2,0
2026-08-16T15:11:23.493483Z,sensor.bed_3_temp_temperature,70.52,0
2026-08-16T15:11:23.493985Z,sensor.bed_3_temperature_delta,1.1,0
2026-08-16T15:11:29.044933Z,sensor.bed_1_temp_temperature,70.7,0
2026-08-16T15:11:29.045424Z,sensor.bed_1_temperature_delta,1.3,0
2026-08-16T15:21:56.597087Z,sensor.kitchen_temp_temperature,69.62,0
2026-08-16T15:21:56.597575Z,sensor.bed_1_temperature_delta,1.1,0
2026-08-16T15:21:56.597911Z,sensor.bed_2_temperature_delta,0.0,0
2026-08-16T15:21:56.598206Z,sensor.bed_3_temperature_delta,0.9,0
2026-08-16T15:26:18.049581Z,sensor.bed_2_temp_temperature,69.98,0
2026-08-16T15:26:18.050043Z,sensor.bed_2_temperature_delta,0.4,0
2026-08-16T15:26:25.145132Z,sensor.bed_3_temp_temperature,70.7,0
2026-08-16T15:26:25.145649Z,sensor.bed_3_temperature_delta,1.1,0
2026-08-16T15:26:29.287208Z,sensor.bed_1_temp_temperature,71.06,0
2026-08-16T15:26:29.287720Z,sensor.bed_1_temperature_delta,1.4,0
2026-08-16T15:27:13.403172Z,climate.kitchen,cool,0
2026-08-16T15:36:54.822210Z,sensor.kitchen_temp_temperature,69.8,0
2026-08-16T15:36:54.822735Z,sensor.bed_1_temperature_delta,1.3,0
2026-08-16T15:36:54.823107Z,sensor.bed_2_temperature_delta,0.2,0
2026-08-16T15:36:54.823424Z,sensor.bed_3_temperature_delta,0.9,0
2026-08-16T15:41:15.789039Z,sensor.bed_2_temp_temperature,70.34,0
2026-08-16T15:41:15.789532Z,sensor.bed_2_temperature_delta,0.5,0
2026-08-16T15:41:25.619682Z,sensor.bed_3_temp_temperature,70.88,0
2026-08-16T15:41:25.620198Z,sensor.bed_3_temperature_delta,1.1,0
2026-08-16T15:41:29.022123Z,sensor.bed_1_temp_temperature,71.42,0
2026-08-16T15:41:29.022603Z,sensor.bed_1_temperature_delta,1.6,0
2026-08-16T15:41:29.023001Z,sensor.bed_1_booster_target_speed,2,0
2026-08-16T15:41:29.024135Z,sensor.bed_1_booster_pi_target_speed,2,0
2026-08-16T15:41:29.024567Z,sensor.bed_1_booster_effective_percentage,20,0
2026-08-16T15:56:13.572137Z,sensor.bed_2_temp_temperature,70.7,0
2026-08-16T15:56:13.572628Z,sensor.bed_2_temperature_delta,0.9,0
2026-08-16T15:56:26.589729Z,sensor.bed_3_temp_temperature,71.06,0
2026-08-16T15:56:26.590239Z,sensor.bed_3_temperature_delta,1.3,0
2026-08-16T15:56:29.629256Z,sensor.bed_1_temp_temperature,71.78,0
2026-08-16T15:56:29.629725Z,sensor.bed_1_temperature_delta,2.0,0
2026-08-16T16:05:00.425234Z,sensor.bed_1_booster_adaptive_boost,1,0
2026-08-16T16:05:00.425836Z,sensor.bed_1_booster_pi_target_speed,3,0
2026-08-16T16:05:00.426429Z,sensor.bed_1_booster_effective_percentage,30,0
2026-08-16T16:06:50.670450Z,sensor.kitchen_temp_temperature,69.98,0
2026-08-16T16:06:50.670963Z,sensor.bed_1_temperature_delta,1.8,0
2026-08-16T16:06:50.671293Z,sensor.bed_2_temperature_delta,0.7,0
2026-08-16T16:06:50.671594Z,sensor.bed_3_temperature_delta,1.1,0
2026-08-16T16:11:11.517751Z,sensor.bed_2_temp_temperature,71.24,0
2026-08-16T16:11:11.518212Z,sensor.bed_2_temperature_delta,1.3,0
2026-08-16T16:11:28.063576Z,sensor.bed_3_temp_temperature,71.24,0
2026-08-16T16:11:28.064084Z,sensor.bed_3_temperature_delta,1.3,0
2026-08-16T16:11:30.751911Z,sensor.bed_1_temp_temperature,72.32,0
2026-08-16T16:11:30.752393Z,sensor.bed_1_temperature_delta,2.3,0
2026-08-16T16:11:30.752772Z,sensor.bed_1_booster_target_speed,4,0
2026-08-16T16:11:30.753885Z,sensor.bed_1_booster_pi_target_speed,5,0
2026-08-16T16:11:30.754302Z,sensor.bed_1_booster_effective_percentage,50,0
2026-08-16T16:21:49.201180Z,sensor.kitchen_temp_temperature,70.16,0
2026-08-16T16:21:49.201685Z,sensor.bed_1_temperature_delta,2.2,0
2026-08-16T16:21:49.202027Z,sensor.bed_2_temperature_delta,1.1,0
2026-08-16T16:21:49.202326Z,sensor.bed_3_temperature_delta,1.1,0
2026-08-16T16:26:08.998326Z,sensor.bed_2_temp_temperature,71.6,0
2026-08-16T16:26:08.998834Z,sensor.bed_2_temperature_delta,1.4,0
2026-08-16T16:26:28.799160Z,sensor.bed_3_temp_temperature,71.6,0
2026-08-16T16:26:28.799684Z,sensor.bed_3_temperature_delta,1.4,0
2026-08-16T16:26:30.831855Z,sensor.bed_1_temp_temperature,72.68,0
2026-08-16T16:26:30.832343Z,sensor.bed_1_temperature_delta,2.5,0
2026-08-16T16:26:30.832724Z,sensor.bed_1_booster_target_speed,6,0
2026-08-16T16:26:30.833833Z,sensor.bed_1_booster_pi_target_speed,7,0
2026-08-16T16:26:30.834271Z,sensor.bed_1_booster_effective_percentage,70,0
2026-08-16T16:27:10.230279Z,climate.kitchen,cool,0
2026-08-16T16:27:10.232175Z,sensor.bed_1_booster_adaptive_boost,0,0
2026-08-16T16:27:10.235832Z,sensor.bed_1_booster_pi_target_speed,6,0
2026-08-16T16:27:10.236306Z,sensor.bed_1_booster_effective_percentage,60,0
2026-08-16T16:27:10.236549Z,sensor.kitchen_temperature,70.52,0
2026-08-16T16:36:47.056051Z,sensor.kitchen_temp_temperature,70.52,0
2026-08-16T16:36:47.056538Z,sensor.bed_1_temperature_delta,2.2,0
2026-08-16T16:36:47.056869Z,sensor.bed_2_temperature_delta,1.1,0
2026-08-16T16:36:47.057160Z,sensor.bed_3_temperature_delta,1.1,0
2026-08-16T16:36:47.057508Z,sensor.bed_1_booster_target_speed,4,0
2026-08-16T16:36:47.058927Z,sensor.bed_1_booster_pi_target_speed,4,0
2026-08-16T16:36:47.059068Z,sensor.bed_1_booster_effective_percentage,40,0
2026-08-16T16:41:08.916437Z,sensor.bed_2_temp_temperature,72.32,0
2026-08-16T16:41:08.916968Z,sensor.bed_2_temperature_delta,1.8,0
2026-08-16T16:41:08.917378Z,sensor.bed_2_booster_target_speed,2,0
2026-08-16T16:41:08.918540Z,sensor.bed_2_booster_pi_target_speed,2,0
2026-08-16T16:41:08.919013Z,sensor.bed_2_booster_effective_percentage,20,0
2026-08-16T16:41:31.814345Z,sensor.bed_1_temp_temperature,73.22,0
2026-08-16T16:41:31.814823Z,sensor.bed_1_temperature_delta,2.7,0
2026-08-16T16:41:31.815226Z,sensor.bed_1_booster_target_speed,6,0
2026-08-16T16:41:31.816389Z,sensor.bed_1_booster_pi_target_speed,6,0
2026-08-16T16:41:31.816825Z,sensor.bed_1_booster_effective_percentage,60,0
2026-08-16T16:41:33.174470Z,sensor.bed_3_temp_temperature,71.78,0
2026-08-16T16:41:33.174975Z,sensor.bed_3_temperature_delta,1.3,0
2026-08-16T16:50:00.423972Z,sensor.bed_1_booster_adaptive_boost,1,0
2026-08-16T16:50:00.424559Z,sensor.bed_1_booster_pi_target_speed,7,0
2026-08-16T16:50:00.425203Z,sensor.bed_1_booster_effective_percentage,70,0
2026-08-16T16:51:45.624080Z,sensor.kitchen_temp_temperature,70.88,0
2026-08-16T16:51:45.624525Z,sensor.bed_1_temperature_delta,2.3,0
2026-08-16T16:51:45.624816Z,sensor.bed_2_temperature_delta,1.4,0
2026-08-16T16:51:45.625098Z,sensor.bed_3_temperature_delta,0.9,0
2026-08-16T16:56:06.523565Z,sensor.bed_2_temp_temperature,72.86,0
2026-08-16T16:56:06.524085Z,sensor.bed_2_temperature_delta,2.0,0
2026-08-16T16:56:32.464989Z,sensor.bed_1_temp_temperature,73.58,0
2026-08-16T16:56:32.465434Z,sensor.bed_1_temperature_delta,2.7,0
2026-08-16T16:56:35.100028Z,sensor.bed_3_temp_temperature,72.14,0
2026-08-16T16:56:35.100507Z,sensor.bed_3_temperature_delta,1.3,0
2026-08-16T17:06:48.051212Z,sensor.kitchen_temp_temperature,71.06,0
2026-08-16T17:06:48.051708Z,sensor.bed_1_temperature_delta,2.5,0
2026-08-16T17:06:48.052047Z,sensor.bed_2_temperature_delta,1.8,0
2026-08-16T17:06:48.052337Z,sensor.bed_3_temperature_delta,1.1,0
2026-08-16T17:10:00.426181Z,sensor.bed_2_booster_adaptive_boost,1,0
2026-08-16T17:10:00.426351Z,sensor.bed_2_booster_pi_target_speed,3,0
2026-08-16T17:10:00.426498Z,sensor.bed_2_booster_effective_percentage,30,0
2026-08-16T17:11:09.679865Z,sensor.bed_2_temp_temperature,73.4,0
2026-08-16T17:11:09.680367Z,sensor.bed_2_temperature_delta,2.3,0
2026-08-16T17:11:09.680747Z,sensor.bed_2_booster_target_speed,4,0
2026-08-16T17:11:09.681883Z,sensor.bed_2_booster_pi_target_speed,5,0
2026-08-16T17:11:09.682312Z,sensor.bed_2_booster_effective_percentage,50,0
2026-08-16T17:11:33.252699Z,sensor.bed_1_temp_temperature,74.12,0
2026-08-16T17:11:33.253159Z,sensor.bed_1_temperature_delta,3.1,0
2026-08-16T17:11:33.253512Z,sensor.bed_1_booster_target_speed,8,0
2026-08-16T17:11:33.254647Z,sensor.bed_1_booster_pi_target_speed,9,0
2026-08-16T17:11:33.255059Z,sensor.bed_1_booster_effective_percentage,90,0
2026-08-16T17:11:36.837775Z,sensor.bed_3_temp_temperature,72.5,0
2026-08-16T17:11:36.838236Z,sensor.bed_3_temperature_delta,1.4,0
2026-08-16T17:11:42.734428Z,climate.kitchen,cool,0
2026-08-16T17:11:42.736306Z,sensor.bed_1_booster_adaptive_boost,0,0
2026-08-16T17:11:42.737783Z,sensor.bed_2_booster_adaptive_boost,0,0
2026-08-16T17:11:42.740509Z,sensor.bed_1_booster_pi_target_speed,8,0
2026-08-16T17:11:42.740706Z,sensor.bed_2_booster_pi_target_speed,4,0
2026-08-16T17:11:42.741069Z,sensor.bed_1_booster_effective_percentage,80,0
2026-08-16T17:11:42.741433Z,sensor.bed_2_booster_effective_percentage,40,0
2026-08-16T17:21:46.258704Z,sensor.kitchen_temp_temperature,71.24,0
2026-08-16T17:21:46.259210Z,sensor.bed_1_temperature_delta,2.9,0
2026-08-16T17:21:46.259531Z,sensor.bed_2_temperature_delta,2.2,0
2026-08-16T17:21:46.259815Z,sensor.bed_3_temperature_delta,1.3,0
2026-08-16T17:23:44.985527Z,climate.kitchen,cool,0
2026-08-16T17:26:07.883594Z,sensor.bed_2_temp_temperature,73.76,0
2026-08-16T17:26:07.884109Z,sensor.bed_2_temperature_delta,2.5,0
2026-08-16T17:26:07.884498Z,sensor.bed_2_booster_target_speed,6,0
2026-08-16T17:26:07.885633Z,sensor.bed_2_booster_pi_target_speed,6,0
2026-08-16T17:26:07.886084Z,sensor.bed_2_booster_effective_percentage,60,0
2026-08-16T17:26:39.087570Z,sensor.bed_3_temp_temperature,72.68,0
2026-08-16T17:26:39.088068Z,sensor.bed_3_temperature_delta,1.4,0
2026-08-16T17:36:48.788150Z,sensor.kitchen_temp_temperature,71.42,0
2026-08-16T17:36:48.788676Z,sensor.bed_1_temperature_delta,2.7,0
2026-08-16T17:36:48.789014Z,sensor.bed_2_temperature_delta,2.3,0
2026-08-16T17:36:48.789303Z,sensor.bed_3_temperature_delta,1.3,0
2026-08-16T17:36:48.789651Z,sensor.bed_1_booster_target_speed,6,0
2026-08-16T17:36:48.790821Z,sensor.bed_1_booster_pi_target_speed,6,0
2026-08-16T17:36:48.790966Z,sensor.bed_1_booster_effective_percentage,60,0
2026-08-16T17:41:06.745647Z,sensor.bed_2_temp_temperature,74.12,0
2026-08-16T17:41:06.746103Z,sensor.bed_2_temperature_delta,2.7,0
2026-08-16T17:41:36.888953Z,sensor.bed_1_temp_temperature,74.3,0
2026-08-16T17:41:36.889468Z,sensor.bed_1_temperature_delta,2.9,0
2026-08-16T17:41:40.127973Z,sensor.bed_3_temp_temperature,72.86,0
2026-08-16T17:41:40.128486Z,sensor.bed_3_temperature_delta,1.4,0
2026-08-16T17:41:55.474350Z,climate.kitchen,cool,0
2026-08-16T17:47:03.519871Z,climate.kitchen,cool,0
2026-08-16T17:47:03.873190Z,climate.kitchen,cool,0
2026-08-16T17:47:03.879233Z,sensor.kitchen_temperature,71.42,0
2026-08-16T17:51:47.139287Z,sensor.kitchen_temp_temperature,71.6,0
2026-08-16T17:51:47.139784Z,sensor.bed_1_temperature_delta,2.7,0
2026-08-16T17:51:47.140129Z,sensor.bed_2_temperature_delta,2.5,0
2026-08-16T17:51:47.140419Z,sensor.bed_3_temperature_delta,1.3,0
2026-08-16T17:52:10.939726Z,climate.kitchen,cool,0
2026-08-16T17:56:05.570373Z,sensor.bed_2_temp_temperature,74.66,0
2026-08-16T17:56:05.570813Z,sensor.bed_2_temperature_delta,3.1,0
2026-08-16T17:56:05.571190Z,sensor.bed_2_booster_target_speed,8,0
2026-08-16T17:56:05.572213Z,sensor.bed_2_booster_pi_target_speed,8,0
2026-08-16T17:56:05.572604Z,sensor.bed_2_booster_effective_percentage,80,0
2026-08-16T17:56:38.181647Z,sensor.bed_1_temp_temperature,74.84,0
2026-08-16T17:56:38.181882Z,sensor.bed_1_temperature_delta,3.2,0
2026-08-16T17:56:38.182039Z,sensor.bed_1_booster_target_speed,8,0
2026-08-16T17:56:38.182483Z,sensor.bed_1_booster_pi_target_speed,8,0
2026-08-16T17:56:38.182645Z,sensor.bed_1_booster_effective_percentage,80,0
2026-08-16T17:56:41.749706Z,sensor.bed_3_temp_temperature,73.22,0
2026-08-16T17:56:41.750189Z,sensor.bed_3_temperature_delta,1.6,0
2026-08-16T17:56:41.750549Z,sensor.bed_3_booster_target_speed,2,0
2026-08-16T17:56:41.751549Z,sensor.bed_3_booster_pi_target_speed,2,0
2026-08-16T17:56:41.751951Z,sensor.bed_3_booster_effective_percentage,20,0
2026-08-16T17:56:46.173259Z,climate.kitchen,cool,0
2026-08-16T17:59:14.550645Z,climate.kitchen,cool,0
2026-08-16T18:00:09.568417Z,climate.kitchen,cool,0
2026-08-16T18:05:26.938285Z,climate.kitchen,cool,0
2026-08-16T18:06:45.678935Z,sensor.kitchen_temp_temperature,71.96,0
2026-08-16T18:06:45.679425Z,sensor.bed_1_temperature_delta,2.9,0
2026-08-16T18:06:45.679747Z,sensor.bed_2_temperature_delta,2.7,0
2026-08-16T18:06:45.680058Z,sensor.bed_3_temperature_delta,1.3,0
2026-08-16T18:06:45.680617Z,sensor.bed_2_booster_target_speed,6,0
2026-08-16T18:06:45.680951Z,sensor.bed_3_booster_target_speed,0,0
2026-08-16T18:06:45.682022Z,sensor.bed_2_booster_pi_target_speed,6,0
2026-08-16T18:06:45.682263Z,sensor.bed_3_booster_pi_target_speed,0,0
2026-08-16T18:06:45.682397Z,sensor.bed_2_booster_effective_percentage,60,0
2026-08-16T18:06:45.683416Z,sensor.bed_3_booster_effective_percentage,0,0
2026-08-16T18:11:04.497563Z,sensor.bed_2_temp_temperature,75.2,0
2026-08-16T18:11:04.498024Z,sensor.bed_2_temperature_delta,3.2,0
2026-08-16T18:11:04.498376Z,sensor.bed_2_booster_target_speed,8,0
2026-08-16T18:11:04.499427Z,sensor.bed_2_booster_pi_target_speed,8,0
2026-08-16T18:11:04.499815Z,sensor.bed_2_booster_effective_percentage,80,0
2026-08-16T18:11:43.420960Z,sensor.bed_3_temp_temperature,73.4,0
2026-08-16T18:11:43.421463Z,sensor.bed_3_temperature_delta,1.4,0
2026-08-16T18:21:44.568936Z,sensor.kitchen_temp_temperature,72.32,0
2026-08-16T18:21:44.569413Z,sensor.bed_1_temperature_delta,2.5,0
2026-08-16T18:21:44.569731Z,sensor.bed_2_temperature_delta,2.9,0
2026-08-16T18:21:44.570037Z,sensor.bed_3_temperature_delta,1.1,0
2026-08-16T18:21:44.570383Z,sensor.bed_1_booster_target_speed,6,0
2026-08-16T18:21:44.571598Z,sensor.bed_1_booster_pi_target_speed,6,0
2026-08-16T18:21:44.571734Z,sensor.bed_1_booster_effective_percentage,60,0
2026-08-16T18:26:03.966042Z,sensor.bed_2_temp_temperature,75.56,0
2026-08-16T18:26:03.966483Z,sensor.bed_2_temperature_delta,3.2,0
2026-08-16T18:26:40.637474Z,sensor.bed_1_temp_temperature,75.2,0
2026-08-16T18:26:40.637968Z,sensor.bed_1_temperature_delta,2.9,0
2026-08-16T18:26:45.142623Z,sensor.bed_3_temp_temperature,73.76,0
2026-08-16T18:26:45.143129Z,sensor.bed_3_temperature_delta,1.4,0
2026-08-16T18:30:00.425729Z,sensor.bed_2_booster_adaptive_boost,1,0
2026-08-16T18:30:00.426262Z,sensor.bed_2_booster_pi_target_speed,9,0
2026-08-16T18:30:00.426588Z,sensor.bed_2_booster_effective_percentage,90,0
2026-08-16T18:36:43.486029Z,sensor.kitchen_temp_temperature,72.68,0
2026-08-16T18:36:43.486521Z,sensor.bed_1_temperature_delta,2.5,0
2026-08-16T18:36:43.486867Z,sensor.bed_2_temperature_delta,2.9,0
2026-08-16T18:36:43.487164Z,sensor.bed_3_temperature_delta,1.1,0
2026-08-16T18:41:02.986295Z,sensor.bed_2_temp_temperature,76.1,0
2026-08-16T18:41:02.986767Z,sensor.bed_2_temperature_delta,3.4,0
2026-08-16T18:41:42.308762Z,sensor.bed_1_temp_temperature,75.56,0
2026-08-16T18:41:42.309305Z,sensor.bed_1_temperature_delta,2.9,0
2026-08-16T18:41:46.816871Z,sensor.bed_3_temp_temperature,74.12,0
2026-08-16T18:41:46.817392Z,sensor.bed_3_temperature_delta,1.4,0
2026-08-16T18:44:15.154503Z,climate.kitchen,cool,0
2026-08-16T18:44:15.157969Z,sensor.bed_2_booster_adaptive_boost,0,0
2026-08-16T18:44:15.160635Z,sensor.bed_2_booster_pi_target_speed,8,0
2026-08-16T18:44:15.160971Z,sensor.bed_2_booster_effective_percentage,80,0
2026-08-16T18:44:15.161263Z,sensor.kitchen_temperature,72.5,0
2026-08-16T18:51:42.256265Z,sensor.kitchen_temp_temperature,72.86,0
2026-08-16T18:51:42.256745Z,sensor.bed_1_temperature_delta,2.7,0
2026-08-16T18:51:42.257082Z,sensor.bed_2_temperature_delta,3.2,0
2026-08-16T18:51:42.257372Z,sensor.bed_3_temperature_delta,1.3,0
2026-08-16T18:56:02.612382Z,sensor.bed_2_temp_temperature,76.46,0
2026-08-16T18:56:02.612888Z,sensor.bed_2_temperature_delta,3.6,0
2026-08-16T18:56:02.613280Z,sensor.bed_2_booster_target_speed,10,0
2026-08-16T18:56:02.614431Z,sensor.bed_2_booster_pi_target_speed,10,0
2026-08-16T18:56:02.614877Z,sensor.bed_2_booster_effective_percentage,100,0
2026-08-16T18:56:43.741580Z,sensor.bed_1_temp_temperature,75.74,0
2026-08-16T18:56:43.742044Z,sensor.bed_1_temperature_delta,2.9,0
2026-08-16T18:56:48.798826Z,sensor.bed_3_temp_temperature,74.3,0
2026-08-16T18:56:48.799329Z,sensor.bed_3_temperature_delta,1.4,0
2026-08-16T19:05:00.426637Z,sensor.bed_1_booster_adaptive_boost,1,0
2026-08-16T19:05:00.427288Z,sensor.bed_1_booster_pi_target_speed,7,0
2026-08-16T19:05:00.427916Z,sensor.bed_1_booster_effective_percentage,70,0
2026-08-16T19:06:41.248488Z,sensor.kitchen_temp_temperature,73.22,0
2026-08-16T19:06:41.248959Z,sensor.bed_1_temperature_delta,2.5,0
2026-08-16T19:06:41.249253Z,sensor.bed_2_temperature_delta,3.2,0
2026-08-16T19:06:41.249515Z,sensor.bed_3_temperature_delta,1.1,0
2026-08-16T19:06:41.250054Z,sensor.bed_2_booster_target_speed,8,0
2026-08-16T19:06:41.251372Z,sensor.bed_2_booster_pi_target_speed,8,0
2026-08-16T19:06:41.251536Z,sensor.bed_2_booster_effective_percentage,80,0
2026-08-16T19:11:02.766362Z,sensor.bed_2_temp_temperature,76.64,0
2026-08-16T19:11:02.766804Z,sensor.bed_2_temperature_delta,3.4,0
2026-08-16T19:11:45.620980Z,sensor.bed_1_temp_temperature,76.28,0
2026-08-16T19:11:45.621509Z,sensor.bed_1_temperature_delta,3.1,0
2026-08-16T19:11:45.621945Z,sensor.bed_1_booster_target_speed,8,0
2026-08-16T19:11:45.623160Z,sensor.bed_1_booster_pi_target_speed,9,0
2026-08-16T19:11:45.623430Z,sensor.bed_1_booster_effective_percentage,90,0
2026-08-16T19:11:51.516778Z,sensor.bed_3_temp_temperature,74.66,0
2026-08-16T19:11:51.517280Z,sensor.bed_3_temperature_delta,1.4,0
2026-08-16T19:21:40.218089Z,sensor.kitchen_temp_temperature,73.58,0
2026-08-16T19:21:40.218588Z,sensor.bed_1_temperature_delta,2.7,0
2026-08-16T19:21:40.218940Z,sensor.bed_2_temperature_delta,3.1,0
2026-08-16T19:21:40.219237Z,sensor.bed_3_temperature_delta,1.1,0
2026-08-16T19:21:40.219584Z,sensor.bed_1_booster_target_speed,6,0
2026-08-16T19:21:40.221212Z,sensor.bed_1_booster_pi_target_speed,7,0
2026-08-16T19:21:40.221644Z,sensor.bed_1_booster_effective_percentage,70,0
2026-08-16T19:26:01.798826Z,sensor.bed_2_temp_temperature,77.0,0
2026-08-16T19:26:01.799327Z,sensor.bed_2_temperature_delta,3.4,0
2026-08-16T19:26:47.041908Z,sensor.bed_1_temp_temperature,76.46,0
2026-08-16T19:26:47.042404Z,sensor.bed_1_temperature_delta,2.9,0
2026-08-16T19:26:53.599624Z,sensor.bed_3_temp_temperature,75.02,0
2026-08-16T19:26:53.600138Z,sensor.bed_3_temperature_delta,1.4,0
2026-08-16T19:30:00.423432Z,sensor.bed_1_booster_adaptive_boost,2,0
2026-08-16T19:30:00.423744Z,sensor.bed_1_booster_pi_target_speed,8,0
2026-08-16T19:30:00.424049Z,sensor.bed_1_booster_effective_percentage,80,0
2026-08-16T19:30:00.426374Z,sensor.bed_2_booster_adaptive_boost,1,0
2026-08-16T19:30:00.426648Z,sensor.bed_2_booster_pi_target_speed,9,0
2026-08-16T19:30:00.426899Z,sensor.bed_2_booster_effective_percentage,90,0
2026-08-16T19:36:39.803814Z,sensor.kitchen_temp_temperature,73.76,0
2026-08-16T19:36:39.804313Z,sensor.bed_1_temperature_delta,2.7,0
2026-08-16T19:36:39.804635Z,sensor.bed_2_temperature_delta,3.2,0
2026-08-16T19:36:39.804944Z,sensor.bed_3_temperature_delta,1.3,0
2026-08-16T19:39:14.415559Z,climate.kitchen,cool,0
2026-08-16T19:39:14.417421Z,sensor.bed_1_booster_adaptive_boost,0,0
2026-08-16T19:39:14.418907Z,sensor.bed_2_booster_adaptive_boost,0,0
2026-08-16T19:39:14.423129Z,sensor.bed_1_booster_pi_target_speed,6,0
2026-08-16T19:39:14.423362Z,sensor.bed_2_booster_pi_target_speed,8,0
2026-08-16T19:39:14.423732Z,sensor.bed_1_booster_effective_percentage,60,0
2026-08-16T19:39:14.424091Z,sensor.bed_2_booster_effective_percentage,80,0
2026-08-16T19:39:14.424393Z,sensor.kitchen_temperature,73.58,0
2026-08-16T19:41:02.926063Z,sensor.bed_2_temp_temperature,77.36,0
2026-08-16T19:41:02.926552Z,sensor.bed_2_temperature_delta,3.6,0
2026-08-16T19:41:02.926960Z,sensor.bed_2_booster_target_speed,10,0
2026-08-16T19:41:02.928093Z,sensor.bed_2_booster_pi_target_speed,10,0
2026-08-16T19:41:02.928526Z,sensor.bed_2_booster_effective_percentage,100,0
2026-08-16T19:41:49.262529Z,sensor.bed_1_temp_temperature,76.82,0
2026-08-16T19:41:49.263033Z,sensor.bed_1_temperature_delta,3.1,0
2026-08-16T19:41:49.263412Z,sensor.bed_1_booster_target_speed,8,0
2026-08-16T19:41:49.264523Z,sensor.bed_1_booster_pi_target_speed,8,0
2026-08-16T19:41:49.264964Z,sensor.bed_1_booster_effective_percentage,80,0
2026-08-16T19:41:57.108624Z,sensor.bed_3_temp_temperature,75.38,0
2026-08-16T19:41:57.109216Z,sensor.bed_3_temperature_delta,1.6,0
2026-08-16T19:41:57.109677Z,sensor.bed_3_booster_target_speed,2,0
2026-08-16T19:41:57.111039Z,sensor.bed_3_booster_pi_target_speed,2,0
2026-08-16T19:41:57.111544Z,sensor.bed_3_booster_effective_percentage,20,0
2026-08-16T19:50:00.908282Z,climate.kitchen,cool,0
2026-08-16T19:51:39.342934Z,sensor.kitchen_temp_temperature,74.3,0
2026-08-16T19:51:39.343417Z,sensor.bed_1_temperature_delta,2.5,0
2026-08-16T19:51:39.343735Z,sensor.bed_2_temperature_delta,3.1,0
2026-08-16T19:51:39.344039Z,sensor.bed_3_temperature_delta,1.1,0
2026-08-16T19:51:39.344387Z,sensor.bed_1_booster_target_speed,6,0
2026-08-16T19:51:39.344703Z,sensor.bed_2_booster_target_speed,8,0
2026-08-16T19:51:39.345027Z,sensor.bed_3_booster_target_speed,0,0
2026-08-16T19:51:39.345848Z,sensor.bed_1_booster_pi_target_speed,6,0
2026-08-16T19:51:39.346088Z,sensor.bed_2_booster_pi_target_speed,8,0
2026-08-16T19:51:39.346324Z,sensor.bed_3_booster_pi_target_speed,0,0
2026-08-16T19:51:39.346455Z,sensor.bed_1_booster_effective_percentage,60,0
2026-08-16T19:51:39.347457Z,sensor.bed_2_booster_effective_percentage,80,0
2026-08-16T19:51:39.347766Z,sensor.bed_3_booster_effective_percentage,0,0
2026-08-16T19:51:46.383865Z,climate.kitchen,cool,0
2026-08-16T19:54:15.222167Z,climate.kitchen,cool,0
2026-08-16T19:56:04.057675Z,sensor.bed_2_temp_temperature,77.54,0
2026-08-16T19:56:04.058176Z,sensor.bed_2_temperature_delta,3.2,0
2026-08-16T19:56:54.592854Z,sensor.bed_1_temp_temperature,77.18,0
2026-08-16T19:56:54.593129Z,sensor.bed_1_temperature_delta,2.9,0
2026-08-16T19:57:02.041302Z,sensor.bed_3_temp_temperature,75.92,0
2026-08-16T19:57:02.041796Z,sensor.bed_3_temperature_delta,1.6,0
2026-08-16T19:57:02.042203Z,sensor.bed_3_booster_target_speed,2,0
2026-08-16T19:57:02.043330Z,sensor.bed_3_booster_pi_target_speed,2,0
2026-08-16T19:57:02.043755Z,sensor.bed_3_booster_effective_percentage,20,0
2026-08-16T19:59:14.817205Z,climate.kitchen,cool,0
2026-08-16T19:59:14.826741Z,sensor.kitchen_temperature,74.48,0
2026-08-16T20:06:39.083981Z,sensor.kitchen_temp_temperature,74.66,0
2026-08-16T20:06:39.084460Z,sensor.bed_1_temperature_delta,2.5,0
2026-08-16T20:06:39.084782Z,sensor.bed_2_temperature_delta,2.9,0
2026-08-16T20:06:39.085094Z,sensor.bed_3_temperature_delta,1.3,0
2026-08-16T20:06:39.085869Z,sensor.bed_3_booster_target_speed,0,0
2026-08-16T20:06:39.087062Z,sensor.bed_3_booster_pi_target_speed,0,0
2026-08-16T20:06:39.087329Z,sensor.bed_3_booster_effective_percentage,0,0
2026-08-16T20:11:03.571345Z,sensor.bed_2_temp_temperature,77.72,0
2026-08-16T20:11:03.571787Z,sensor.bed_2_temperature_delta,3.1,0
2026-08-16T20:11:57.921090Z,sensor.bed_1_temp_temperature,77.54,0
2026-08-16T20:11:57.921304Z,sensor.bed_1_temperature_delta,2.9,0
2026-08-16T20:12:04.791080Z,sensor.bed_3_temp_temperature,76.64,0
2026-08-16T20:12:04.791515Z,sensor.bed_3_temperature_delta,2.0,0
2026-08-16T20:12:04.791887Z,sensor.bed_3_booster_target_speed,2,0
2026-08-16T20:12:04.792915Z,sensor.bed_3_booster_pi_target_speed,2,0
2026-08-16T20:12:04.793313Z,sensor.bed_3_booster_effective_percentage,20,0
2026-08-16T20:20:00.423696Z,sensor.bed_1_booster_adaptive_boost,1,0
2026-08-16T20:20:00.424232Z,sensor.bed_1_booster_pi_target_speed,7,0
2026-08-16T20:20:00.424704Z,sensor.bed_1_booster_effective_percentage,70,0
2026-08-16T20:20:00.428726Z,sensor.bed_2_booster_adaptive_boost,1,0
2026-08-16T20:20:00.429215Z,sensor.bed_2_booster_pi_target_speed,9,0
2026-08-16T20:20:00.432157Z,sensor.bed_2_booster_effective_percentage,90,0
2026-08-16T20:21:41.213966Z,sensor.kitchen_temp_temperature,75.02,0
2026-08-16T20:21:41.214451Z,sensor.bed_1_temperature_delta,2.5,0
2026-08-16T20:21:41.214771Z,sensor.bed_2_temperature_delta,2.7,0
2026-08-16T20:21:41.215082Z,sensor.bed_3_temperature_delta,1.6,0
2026-08-16T20:21:41.215644Z,sensor.bed_2_booster_target_speed,6,0
2026-08-16T20:21:41.216722Z,sensor.bed_2_booster_pi_target_speed,7,0
2026-08-16T20:21:41.216866Z,sensor.bed_2_booster_effective_percentage,70,0
2026-08-16T20:26:06.420789Z,sensor.bed_2_temp_temperature,78.08,0
2026-08-16T20:26:06.421283Z,sensor.bed_2_temperature_delta,3.1,0
2026-08-16T20:26:06.421665Z,sensor.bed_2_booster_target_speed,8,0
2026-08-16T20:26:06.422774Z,sensor.bed_2_booster_pi_target_speed,9,0
2026-08-16T20:26:06.423227Z,sensor.bed_2_booster_effective_percentage,90,0
2026-08-16T20:27:00.306721Z,sensor.bed_1_temp_temperature,77.9,0
2026-08-16T20:27:00.307140Z,sensor.bed_1_temperature_delta,2.9,0
2026-08-16T20:27:07.221355Z,sensor.bed_3_temp_temperature,77.36,0
2026-08-16T20:27:07.221833Z,sensor.bed_3_temperature_delta,2.3,0
2026-08-16T20:27:07.222232Z,sensor.bed_3_booster_target_speed,4,0
2026-08-16T20:27:07.223335Z,sensor.bed_3_booster_pi_target_speed,4,0
2026-08-16T20:27:07.223764Z,sensor.bed_3_booster_effective_percentage,40,0
2026-08-16T20:35:29.649934Z,climate.kitchen,cool,0
2026-08-16T20:35:29.651801Z,sensor.bed_1_booster_adaptive_boost,0,0
2026-08-16T20:35:29.653130Z,sensor.bed_2_booster_adaptive_boost,0,0
2026-08-16T20:35:29.658457Z,sensor.bed_1_booster_pi_target_speed,6,0
2026-08-16T20:35:29.658667Z,sensor.bed_2_booster_pi_target_speed,8,0
2026-08-16T20:35:29.659054Z,sensor.bed_1_booster_effective_percentage,60,0
2026-08-16T20:35:29.659397Z,sensor.bed_2_booster_effective_percentage,80,0
2026-08-16T20:35:29.659646Z,sensor.kitchen_temperature,75.56,0
2026-08-16T20:36:40.921308Z,sensor.kitchen_temp_temperature,75.38,0
2026-08-16T20:36:40.921786Z,sensor.bed_1_temperature_delta,2.5,0
2026-08-16T20:36:40.922115Z,sensor.bed_2_temperature_delta,2.7,0
2026-08-16T20:36:40.922393Z,sensor.bed_3_temperature_delta,2.0,0
2026-08-16T20:36:40.922956Z,sensor.bed_2_booster_target_speed,6,0
2026-08-16T20:36:40.924105Z,sensor.bed_2_booster_pi_target_speed,6,0
2026-08-16T20:36:40.924243Z,sensor.bed_2_booster_effective_percentage,60,0
2026-08-16T20:41:05.863832Z,sensor.bed_2_temp_temperature,78.26,0
2026-08-16T20:41:05.864200Z,sensor.bed_2_temperature_delta,2.9,0
2026-08-16T20:41:53.461643Z,climate.kitchen,cool,0
2026-08-16T20:42:02.800122Z,sensor.bed_1_temp_temperature,78.26,0
2026-08-16T20:42:02.800641Z,sensor.bed_1_temperature_delta,2.9,0
2026-08-16T20:42:10.342134Z,sensor.bed_3_temp_temperature,77.54,0
2026-08-16T20:42:10.342629Z,sensor.bed_3_temperature_delta,2.2,0
2026-08-16T20:51:40.759131Z,sensor.kitchen_temp_temperature,75.92,0
2026-08-16T20:51:40.759352Z,sensor.bed_1_temperature_delta,2.3,0
2026-08-16T20:51:40.759465Z,sensor.bed_2_temperature_delta,2.3,0
2026-08-16T20:51:40.759563Z,sensor.bed_3_temperature_delta,1.6,0
2026-08-16T20:51:40.759861Z,sensor.bed_3_booster_target_speed,2,0
2026-08-16T20:51:40.760373Z,sensor.bed_3_booster_pi_target_speed,2,0
2026-08-16T20:51:40.760521Z,sensor.bed_3_booster_effective_percentage,20,0
2026-08-16T20:56:05.848099Z,sensor.bed_2_temp_temperature,78.44,0
2026-08-16T20:56:05.848541Z,sensor.bed_2_temperature_delta,2.5,0
2026-08-16T20:57:04.857636Z,sensor.bed_1_temp_temperature,78.8,0
2026-08-16T20:57:04.858140Z,sensor.bed_1_temperature_delta,2.9,0
2026-08-16T20:57:13.412144Z,sensor.bed_3_temp_temperature,78.08,0
2026-08-16T20:57:13.412620Z,sensor.bed_3_temperature_delta,2.2,0
2026-08-16T20:57:13.413016Z,sensor.bed_3_booster_target_speed,4,0
2026-08-16T20:57:13.414146Z,sensor.bed_3_booster_pi_target_speed,4,0
2026-08-16T20:57:13.414630Z,sensor.bed_3_booster_effective_percentage,40,0
2026-08-16T21:05:00.423493Z,sensor.bed_1_booster_adaptive_boost,1,0
2026-08-16T21:05:00.424057Z,sensor.bed_1_booster_pi_target_speed,7,0
2026-08-16T21:05:00.424568Z,sensor.bed_1_booster_effective_percentage,70,0
2026-08-16T21:05:00.429063Z,sensor.bed_3_booster_adaptive_boost,1,0
2026-08-16T21:05:00.431042Z,sensor.bed_3_booster_pi_target_speed,5,0
2026-08-16T21:05:00.431550Z,sensor.bed_3_booster_effective_percentage,50,0
2026-08-16T21:06:40.651745Z,sensor.kitchen_temp_temperature,76.1,0
2026-08-16T21:06:40.652204Z,sensor.bed_1_temperature_delta,2.7,0
2026-08-16T21:06:40.652496Z,sensor.bed_2_temperature_delta,2.3,0
2026-08-16T21:06:40.652759Z,sensor.bed_3_temperature_delta,2.0,0
2026-08-16T21:11:06.380747Z,sensor.bed_2_temp_temperature,78.8,0
2026-08-16T21:11:06.381264Z,sensor.bed_2_temperature_delta,2.7,0
2026-08-16T21:12:06.968288Z,sensor.bed_1_temp_temperature,79.52,0
2026-08-16T21:12:06.968765Z,sensor.bed_1_temperature_delta,3.4,0
2026-08-16T21:12:06.969165Z,sensor.bed_1_booster_target_speed,8,0
2026-08-16T21:12:06.970272Z,sensor.bed_1_booster_pi_target_speed,9,0
2026-08-16T21:12:06.970653Z,sensor.bed_1_booster_effective_percentage,90,0
2026-08-16T21:12:16.624040Z,sensor.bed_3_temp_temperature,78.44,0
2026-08-16T21:12:16.624528Z,sensor.bed_3_temperature_delta,2.3,0
2026-08-16T21:12:19.934528Z,climate.kitchen,cool,0
2026-08-16T21:12:19.936550Z,sensor.bed_1_booster_adaptive_boost,0,0
2026-08-16T21:12:19.938235Z,sensor.bed_3_booster_adaptive_boost,0,0
2026-08-16T21:12:19.942746Z,sensor.bed_1_booster_pi_target_speed,8,0
2026-08-16T21:12:19.943119Z,sensor.bed_3_booster_pi_target_speed,4,0
2026-08-16T21:12:19.943302Z,sensor.bed_1_booster_effective_percentage,80,0
2026-08-16T21:12:19.943615Z,sensor.bed_3_booster_effective_percentage,40,0
2026-08-16T21:19:14.476565Z,climate.kitchen,cool,0
2026-08-16T21:19:14.485617Z,sensor.kitchen_temperature,76.64,0
2026-08-16T21:19:23.761495Z,climate.kitchen,cool,0
2026-08-16T21:21:40.790291Z,sensor.kitchen_temp_temperature,76.46,0
2026-08-16T21:21:40.790656Z,sensor.bed_1_temperature_delta,3.1,0
2026-08-16T21:21:40.790910Z,sensor.bed_2_temperature_delta,2.3,0
2026-08-16T21:21:40.791122Z,sensor.bed_3_temperature_delta,2.0,0
2026-08-16T21:26:06.717552Z,sensor.bed_2_temp_temperature,78.98,0
2026-08-16T21:26:06.718075Z,sensor.bed_2_temperature_delta,2.5,0
2026-08-16T21:27:10.589523Z,climate.kitchen,cool,0
2026-08-16T21:27:10.597224Z,sensor.kitchen_temperature,76.46,0
2026-08-16T21:28:57.380173Z,climate.kitchen,cool,0
2026-08-16T21:36:40.952699Z,sensor.kitchen_temp_temperature,76.64,0
2026-08-16T21:36:40.953202Z,sensor.bed_1_temperature_delta,2.9,0
2026-08-16T21:36:40.953525Z,sensor.bed_2_temperature_delta,2.3,0
2026-08-16T21:36:40.953813Z,sensor.bed_3_temperature_delta,1.8,0
2026-08-16T21:36:40.954591Z,sensor.bed_3_booster_target_speed,2,0
2026-08-16T21:36:40.955651Z,sensor.bed_3_booster_pi_target_speed,2,0
2026-08-16T21:36:40.955790Z,sensor.bed_3_booster_effective_percentage,20,0
2026-08-16T21:41:06.974368Z,sensor.bed_2_temp_temperature,79.16,0
2026-08-16T21:41:06.974865Z,sensor.bed_2_temperature_delta,2.5,0
2026-08-16T21:42:12.533969Z,sensor.bed_1_temp_temperature,79.88,0
2026-08-16T21:42:12.534456Z,sensor.bed_1_temperature_delta,3.2,0
2026-08-16T21:42:22.621438Z,sensor.bed_3_temp_temperature,78.62,0
2026-08-16T21:42:22.621901Z,sensor.bed_3_temperature_delta,2.0,0
2026-08-16T21:50:00.423794Z,sensor.bed_1_booster_adaptive_boost,1,0
2026-08-16T21:50:00.424373Z,sensor.bed_1_booster_pi_target_speed,9,0
2026-08-16T21:50:00.424900Z,sensor.bed_1_booster_effective_percentage,90,0
2026-08-16T21:50:00.429112Z,sensor.bed_2_booster_adaptive_boost,1,0
2026-08-16T21:50:00.429578Z,sensor.bed_2_booster_pi_target_speed,7,0
2026-08-16T21:50:00.436594Z,sensor.bed_2_booster_effective_percentage,70,0
2026-08-16T21:50:00.439014Z,sensor.bed_3_booster_adaptive_boost,1,0
2026-08-16T21:50:00.439491Z,sensor.bed_3_booster_pi_target_speed,3,0
2026-08-16T21:50:00.439928Z,sensor.bed_3_booster_effective_percentage,30,0
2026-08-16T21:51:17.180529Z,climate.kitchen,cool,0
2026-08-16T21:51:17.182427Z,sensor.bed_1_booster_adaptive_boost,0,0
2026-08-16T21:51:17.183779Z,sensor.bed_2_booster_adaptive_boost,0,0
2026-08-16T21:51:17.184711Z,sensor.bed_3_booster_adaptive_boost,0,0
2026-08-16T21:51:17.188283Z,sensor.bed_1_booster_pi_target_speed,8,0
2026-08-16T21:51:17.188514Z,sensor.bed_2_booster_pi_target_speed,6,0
2026-08-16T21:51:17.188723Z,sensor.bed_3_booster_pi_target_speed,2,0
2026-08-16T21:51:17.188957Z,sensor.bed_1_booster_effective_percentage,80,0
2026-08-16T21:51:17.189329Z,sensor.bed_2_booster_effective_percentage,60,0
2026-08-16T21:51:17.189630Z,sensor.bed_3_booster_effective_percentage,20,0
2026-08-16T21:51:17.189932Z,sensor.kitchen_temperature,77.54,0
2026-08-16T21:51:40.926908Z,sensor.kitchen_temp_temperature,76.82,0
2026-08-16T21:51:40.927355Z,sensor.bed_1_temperature_delta,3.1,0
2026-08-16T21:51:40.927651Z,sensor.bed_2_temperature_delta,2.3,0
2026-08-16T21:51:40.927932Z,sensor.bed_3_temperature_delta,1.8,0
2026-08-16T21:55:05.734891Z,climate.kitchen,cool,0
2026-08-16T21:56:07.654125Z,sensor.bed_2_temp_temperature,79.52,0
2026-08-16T21:56:07.654563Z,sensor.bed_2_temperature_delta,2.7,0
2026-08-16T21:57:26.428290Z,sensor.bed_3_temp_temperature,78.8,0
2026-08-16T21:57:26.428776Z,sensor.bed_3_temperature_delta,2.0,0
2026-08-16T21:59:13.195754Z,climate.kitchen,cool,0
2026-08-16T22:04:13.853298Z,climate.kitchen,cool,0
2026-08-16T22:04:14.398739Z,climate.kitchen,cool,0
2026-08-16T22:04:14.405104Z,sensor.kitchen_temperature,77.36,0
2026-08-16T22:06:41.771862Z,sensor.kitchen_temp_temperature,76.28,0
2026-08-16T22:06:41.772298Z,sensor.bed_1_temperature_delta,3.6,0
2026-08-16T22:06:41.772585Z,sensor.bed_2_temperature_delta,3.2,0
2026-08-16T22:06:41.772853Z,sensor.bed_3_temperature_delta,2.5,0
2026-08-16T22:06:41.773174Z,sensor.bed_1_booster_target_speed,10,0
2026-08-16T22:06:41.773463Z,sensor.bed_2_booster_target_speed,8,0
2026-08-16T22:06:41.773742Z,sensor.bed_3_booster_target_speed,6,0
2026-08-16T22:06:41.774810Z,sensor.bed_1_booster_pi_target_speed,10,0
2026-08-16T22:06:41.775335Z,sensor.bed_2_booster_pi_target_speed,8,0
2026-08-16T22:06:41.775569Z,sensor.bed_3_booster_pi_target_speed,6,0
2026-08-16T22:06:41.775706Z,sensor.bed_1_booster_effective_percentage,100,0
2026-08-16T22:06:41.776728Z,sensor.bed_2_booster_effective_percentage,80,0
2026-08-16T22:06:41.777051Z,sensor.bed_3_booster_effective_percentage,60,0
2026-08-16T22:06:51.039319Z,climate.kitchen,cool,0
2026-08-16T22:07:21.144749Z,sensor.bed_1_temp_temperature,78.98,0
2026-08-16T22:07:21.145270Z,sensor.bed_1_temperature_delta,2.7,0
2026-08-16T22:07:21.145653Z,sensor.bed_1_booster_target_speed,6,0
2026-08-16T22:07:21.146752Z,sensor.bed_1_booster_pi_target_speed,6,0
2026-08-16T22:07:21.147259Z,sensor.bed_1_booster_effective_percentage,60,0
2026-08-16T22:08:09.325665Z,climate.kitchen,cool,0
2026-08-16T22:11:02.879651Z,sensor.bed_2_temp_temperature,78.62,0
2026-08-16T22:11:02.880155Z,sensor.bed_2_temperature_delta,2.3,0
2026-08-16T22:11:02.880531Z,sensor.bed_2_booster_target_speed,6,0
2026-08-16T22:11:02.881635Z,sensor.bed_2_booster_pi_target_speed,6,0
2026-08-16T22:11:02.882084Z,sensor.bed_2_booster_effective_percentage,60,0
2026-08-16T22:12:29.808153Z,sensor.bed_3_temp_temperature,78.98,0
2026-08-16T22:12:29.808356Z,sensor.bed_3_temperature_delta,2.7,0
2026-08-16T22:14:14.951258Z,climate.kitchen,cool,0
2026-08-16T22:14:14.957360Z,sensor.kitchen_temperature,76.46,0
2026-08-16T22:14:15.034622Z,climate.kitchen,cool,0
2026-08-16T22:19:34.042361Z,climate.kitchen,cool,0
2026-08-16T22:19:34.053493Z,climate.kitchen,cool,0
2026-08-16T22:22:23.338409Z,sensor.bed_1_temp_temperature,78.8,0
2026-08-16T22:22:23.338942Z,sensor.bed_1_temperature_delta,2.5,0
2026-08-16T22:26:03.409962Z,sensor.bed_2_temp_temperature,78.98,0
2026-08-16T22:26:03.410443Z,sensor.bed_2_temperature_delta,2.7,0
2026-08-16T22:27:11.765613Z,climate.kitchen,cool,0
2026-08-16T22:36:41.273965Z,sensor.kitchen_temp_temperature,76.64,0
2026-08-16T22:36:41.274465Z,sensor.bed_1_temperature_delta,2.2,0
2026-08-16T22:36:41.274791Z,sensor.bed_2_temperature_delta,2.3,0
2026-08-16T22:36:41.275102Z,sensor.bed_3_temperature_delta,2.3,0
2026-08-16T22:36:41.275462Z,sensor.bed_1_booster_target_speed,4,0
2026-08-16T22:36:41.277096Z,sensor.bed_1_booster_pi_target_speed,4,0
2026-08-16T22:36:41.277333Z,sensor.bed_1_booster_effective_percentage,40,0
2026-08-16T22:37:25.987268Z,sensor.bed_1_temp_temperature,79.16,0
2026-08-16T22:37:25.987783Z,sensor.bed_1_temperature_delta,2.5,0
2026-08-16T22:37:25.988187Z,sensor.bed_1_booster_target_speed,6,0
2026-08-16T22:37:25.989290Z,sensor.bed_1_booster_pi_target_speed,6,0
2026-08-16T22:37:25.989717Z,sensor.bed_1_booster_effective_percentage,60,0
2026-08-16T22:41:03.848959Z,sensor.bed_2_temp_temperature,79.16,0
2026-08-16T22:41:03.849440Z,sensor.bed_2_temperature_delta,2.5,0
2026-08-16T22:42:37.119977Z,sensor.bed_3_temp_temperature,79.16,0
2026-08-16T22:42:37.120468Z,sensor.bed_3_temperature_delta,2.5,0
2026-08-16T22:50:00.423944Z,sensor.bed_1_booster_adaptive_boost,1,0
2026-08-16T22:50:00.424535Z,sensor.bed_1_booster_pi_target_speed,7,0
2026-08-16T22:50:00.425080Z,sensor.bed_1_booster_effective_percentage,70,0
2026-08-16T22:50:00.429415Z,sensor.bed_2_booster_adaptive_boost,1,0
2026-08-16T22:50:00.432447Z,sensor.bed_2_booster_pi_target_speed,7,0
2026-08-16T22:50:00.433028Z,sensor.bed_2_booster_effective_percentage,70,0
2026-08-16T22:50:00.435506Z,sensor.bed_3_booster_adaptive_boost,1,0
2026-08-16T22:50:00.435997Z,sensor.bed_3_booster_pi_target_speed,7,0
2026-08-16T22:50:00.436415Z,sensor.bed_3_booster_effective_percentage,70,0
2026-08-16T22:51:43.301976Z,sensor.kitchen_temp_temperature,76.82,0
2026-08-16T22:51:43.302465Z,sensor.bed_1_temperature_delta,2.3,0
2026-08-16T22:51:43.302782Z,sensor.bed_2_temperature_delta,2.3,0
2026-08-16T22:51:43.303094Z,sensor.bed_3_temperature_delta,2.3,0
2026-08-16T22:52:28.867568Z,sensor.bed_1_temp_temperature,79.34,0
2026-08-16T22:52:28.867999Z,sensor.bed_1_temperature_delta,2.5,0
2026-08-16T22:56:04.136096Z,sensor.bed_2_temp_temperature,79.34,0
2026-08-16T22:56:04.136571Z,sensor.bed_2_temperature_delta,2.5,0
2026-08-16T22:57:42.154137Z,sensor.bed_3_temp_temperature,79.34,0
2026-08-16T22:57:42.154629Z,sensor.bed_3_temperature_delta,2.5,0
2026-08-16T23:04:13.159460Z,climate.kitchen,cool,0
2026-08-16T23:04:13.161169Z,sensor.bed_1_booster_adaptive_boost,0,0
2026-08-16T23:04:13.162513Z,sensor.bed_2_booster_adaptive_boost,0,0
2026-08-16T23:04:13.163479Z,sensor.bed_3_booster_adaptive_boost,0,0
2026-08-16T23:04:13.164905Z,sensor.bed_1_booster_pi_target_speed,6,0
2026-08-16T23:04:13.165099Z,sensor.bed_2_booster_pi_target_speed,6,0
2026-08-16T23:04:13.165282Z,sensor.bed_3_booster_pi_target_speed,6,0
2026-08-16T23:04:13.165421Z,sensor.bed_1_booster_effective_percentage,60,0
2026-08-16T23:04:13.165683Z,sensor.bed_2_booster_effective_percentage,60,0
2026-08-16T23:04:13.165938Z,sensor.bed_3_booster_effective_percentage,60,0
2026-08-16T23:06:44.974394Z,sensor.kitchen_temp_temperature,77.0,0
2026-08-16T23:06:44.974851Z,sensor.bed_1_temperature_delta,2.3,0
2026-08-16T23:06:44.975143Z,sensor.bed_2_temperature_delta,2.3,0
2026-08-16T23:06:44.975402Z,sensor.bed_3_temperature_delta,2.3,0
2026-08-16T23:07:30.979011Z,sensor.bed_1_temp_temperature,79.52,0
2026-08-16T23:07:30.979472Z,sensor.bed_1_temperature_delta,2.5,0
2026-08-16T23:11:06.762788Z,sensor.bed_2_temp_temperature,79.52,0
2026-08-16T23:11:06.763305Z,sensor.bed_2_temperature_delta,2.5,0
2026-08-16T23:12:45.719192Z,sensor.bed_3_temp_temperature,79.52,0
2026-08-16T23:12:45.719671Z,sensor.bed_3_temperature_delta,2.5,0
2026-08-16T23:21:45.839787Z,sensor.kitchen_temp_temperature,77.18,0
2026-08-16T23:21:45.840260Z,sensor.bed_1_temperature_delta,2.3,0
2026-08-16T23:21:45.840548Z,sensor.bed_2_temperature_delta,2.3,0
2026-08-16T23:21:45.840806Z,sensor.bed_3_temperature_delta,2.3,0
2026-08-16T23:22:35.711008Z,sensor.bed_1_temp_temperature,79.7,0
2026-08-16T23:22:35.711449Z,sensor.bed_1_temperature_delta,2.5,0
2026-08-16T23:25:00.423479Z,sensor.bed_1_booster_adaptive_boost,1,0
2026-08-16T23:25:00.424061Z,sensor.bed_1_booster_pi_target_speed,7,0
2026-08-16T23:25:00.424588Z,sensor.bed_1_booster_effective_percentage,70,0
2026-08-16T23:25:00.428639Z,sensor.bed_2_booster_adaptive_boost,1,0
2026-08-16T23:25:00.429125Z,sensor.bed_2_booster_pi_target_speed,7,0
2026-08-16T23:25:00.432040Z,sensor.bed_2_booster_effective_percentage,70,0
2026-08-16T23:25:00.434237Z,sensor.bed_3_booster_adaptive_boost,1,0
2026-08-16T23:25:00.434710Z,sensor.bed_3_booster_pi_target_speed,7,0
2026-08-16T23:25:00.435137Z,sensor.bed_3_booster_effective_percentage,70,0
2026-08-16T23:26:08.167596Z,sensor.bed_2_temp_temperature,79.7,0
2026-08-16T23:26:08.168059Z,sensor.bed_2_temperature_delta,2.5,0
2026-08-16T23:34:15.049078Z,climate.kitchen,cool,0
2026-08-16T23:34:15.050781Z,sensor.bed_1_booster_adaptive_boost,0,0
2026-08-16T23:34:15.051517Z,sensor.bed_2_booster_adaptive_boost,0,0
2026-08-16T23:34:15.052021Z,sensor.bed_3_booster_adaptive_boost,0,0
2026-08-16T23:34:15.057021Z,sensor.bed_1_booster_pi_target_speed,6,0
2026-08-16T23:34:15.057262Z,sensor.bed_2_booster_pi_target_speed,6,0
2026-08-16T23:34:15.057465Z,sensor.bed_3_booster_pi_target_speed,6,0
2026-08-16T23:34:15.057685Z,sensor.bed_1_booster_effective_percentage,60,0
2026-08-16T23:34:15.058073Z,sensor.bed_2_booster_effective_percentage,60,0
2026-08-16T23:34:15.058357Z,sensor.bed_3_booster_effective_percentage,60,0
2026-08-16T23:34:15.058645Z,sensor.kitchen_temperature,77.54,0
2026-08-16T23:36:47.722324Z,sensor.kitchen_temp_temperature,77.36,0
2026-08-16T23:36:47.722801Z,sensor.bed_1_temperature_delta,2.3,0
2026-08-16T23:36:47.723145Z,sensor.bed_2_temperature_delta,2.3,0
2026-08-16T23:36:47.723432Z,sensor.bed_3_temperature_delta,2.2,0
2026-08-16T23:36:47.724195Z,sensor.bed_3_booster_target_speed,4,0
2026-08-16T23:36:47.724966Z,sensor.bed_3_booster_pi_target_speed,4,0
2026-08-16T23:36:47.725100Z,sensor.bed_3_booster_effective_percentage,40,0
2026-08-16T23:37:40.418127Z,sensor.bed_1_temp_temperature,79.88,0
2026-08-16T23:37:40.418577Z,sensor.bed_1_temperature_delta,2.5,0
2026-08-16T23:42:52.711777Z,sensor.bed_3_temp_temperature,79.7,0
2026-08-16T23:42:52.712306Z,sensor.bed_3_temperature_delta,2.3,0
2026-08-16T23:51:48.168720Z,sensor.kitchen_temp_temperature,77.54,0
2026-08-16T23:51:48.169229Z,sensor.bed_1_temperature_delta,2.3,0
2026-08-16T23:51:48.169545Z,sensor.bed_2_temperature_delta,2.2,0
2026-08-16T23:51:48.169830Z,sensor.bed_3_temperature_delta,2.2,0
2026-08-16T23:51:48.170401Z,sensor.bed_2_booster_target_speed,4,0
2026-08-16T23:51:48.171771Z,sensor.bed_2_booster_pi_target_speed,4,0
2026-08-16T23:51:48.171973Z,sensor.bed_2_booster_effective_percentage,40,0
2026-08-16T23:52:43.358514Z,sensor.bed_1_temp_temperature,80.06,0
2026-08-16T23:52:43.359014Z,sensor.bed_1_temperature_delta,2.5,0
2026-08-16T23:55:00.423715Z,sensor.bed_1_booster_adaptive_boost,1,0
2026-08-16T23:55:00.424319Z,sensor.bed_1_booster_pi_target_speed,7,0
2026-08-16T23:55:00.424827Z,sensor.bed_1_booster_effective_percentage,70,0
2026-08-16T23:55:00.427818Z,sensor.bed_3_booster_adaptive_boost,1,0
2026-08-16T23:55:00.427993Z,sensor.bed_3_booster_pi_target_speed,5,0
2026-08-16T23:55:00.428138Z,sensor.bed_3_booster_effective_percentage,50,0
2026-08-16T23:56:09.124028Z,sensor.bed_2_temp_temperature,79.88,0
2026-08-16T23:56:09.124552Z,sensor.bed_2_temperature_delta,2.3,0
2026-08-16T23:57:55.972699Z,sensor.bed_3_temp_temperature,79.88,0
2026-08-16T23:57:55.973237Z,sensor.bed_3_temperature_delta,2.3,0
2026-08-17T00:06:48.597064Z,sensor.kitchen_temp_temperature,77.72,0
2026-08-17T00:06:48.597503Z,sensor.bed_1_temperature_delta,2.3,0
2026-08-17T00:06:48.597795Z,sensor.bed_2_temperature_delta,2.2,0
2026-08-17T00:06:48.598080Z,sensor.bed_3_temperature_delta,2.2,0
2026-08-17T00:11:09.764684Z,sensor.bed_2_temp_temperature,80.24,0
2026-08-17T00:11:09.765190Z,sensor.bed_2_temperature_delta,2.5,0
2026-08-17T00:11:09.765569Z,sensor.bed_2_booster_target_speed,6,0
2026-08-17T00:11:09.766679Z,sensor.bed_2_booster_pi_target_speed,6,0
2026-08-17T00:11:09.767135Z,sensor.bed_2_booster_effective_percentage,60,0
2026-08-17T00:12:59.600069Z,sensor.bed_3_temp_temperature,80.06,0
2026-08-17T00:12:59.600523Z,sensor.bed_3_temperature_delta,2.3,0
2026-08-17T00:20:00.425201Z,sensor.bed_2_booster_adaptive_boost,1,0
2026-08-17T00:20:00.425519Z,sensor.bed_2_booster_pi_target_speed,7,0
2026-08-17T00:20:00.425726Z,sensor.bed_2_booster_effective_percentage,70,0
2026-08-17T00:21:49.085231Z,sensor.kitchen_temp_temperature,77.9,0
2026-08-17T00:21:49.085735Z,sensor.bed_1_temperature_delta,2.2,0
2026-08-17T00:21:49.086076Z,sensor.bed_2_temperature_delta,2.3,0
2026-08-17T00:21:49.086373Z,sensor.bed_3_temperature_delta,2.2,0
2026-08-17T00:21:49.086733Z,sensor.bed_1_booster_target_speed,4,0
2026-08-17T00:21:49.088354Z,sensor.bed_1_booster_pi_target_speed,5,0
2026-08-17T00:21:49.088494Z,sensor.bed_1_booster_effective_percentage,50,0
2026-08-17T00:22:48.741173Z,sensor.bed_1_temp_temperature,80.24,0
2026-08-17T00:22:48.741650Z,sensor.bed_1_temperature_delta,2.3,0
2026-08-17T00:26:11.299999Z,sensor.bed_2_temp_temperature,80.06,0
2026-08-17T00:26:11.300495Z,sensor.bed_2_temperature_delta,2.2,0
2026-08-17T00:26:11.300897Z,sensor.bed_2_booster_target_speed,4,0
2026-08-17T00:26:11.302017Z,sensor.bed_2_booster_pi_target_speed,5,0
2026-08-17T00:26:11.302450Z,sensor.bed_2_booster_effective_percentage,50,0
2026-08-17T00:28:03.757314Z,sensor.bed_3_temp_temperature,80.24,0
2026-08-17T00:28:03.757758Z,sensor.bed_3_temperature_delta,2.3,0
2026-08-17T00:36:49.598691Z,sensor.kitchen_temp_temperature,78.08,0
2026-08-17T00:36:49.599198Z,sensor.bed_1_temperature_delta,2.2,0
2026-08-17T00:36:49.599514Z,sensor.bed_2_temperature_delta,2.0,0
2026-08-17T00:36:49.599801Z,sensor.bed_3_temperature_delta,2.2,0
2026-08-17T00:37:51.647570Z,sensor.bed_1_temp_temperature,80.06,0
2026-08-17T00:37:51.648082Z,sensor.bed_1_temperature_delta,2.0,0
2026-08-17T00:40:00.426590Z,sensor.bed_2_booster_adaptive_boost,0,0
2026-08-17T00:40:00.427084Z,sensor.bed_2_booster_pi_target_speed,4,0
2026-08-17T00:40:00.427498Z,sensor.bed_2_booster_effective_percentage,40,0
2026-08-17T00:40:00.437501Z,sensor.bed_3_booster_adaptive_boost,2,0
2026-08-17T00:40:00.437724Z,sensor.bed_3_booster_pi_target_speed,6,0
2026-08-17T00:40:00.437940Z,sensor.bed_3_booster_effective_percentage,60,0
2026-08-17T00:52:54.539948Z,sensor.bed_1_temp_temperature,80.24,0
2026-08-17T00:52:54.540413Z,sensor.bed_1_temperature_delta,2.2,0
2026-08-17T00:56:11.932993Z,sensor.bed_2_temp_temperature,80.24,0
2026-08-17T00:56:11.933471Z,sensor.bed_2_temperature_delta,2.2,0
2026-08-17T01:05:00.424050Z,sensor.bed_1_booster_adaptive_boost,2,0
2026-08-17T01:05:00.424607Z,sensor.bed_1_booster_pi_target_speed,6,0
2026-08-17T01:05:00.425143Z,sensor.bed_1_booster_effective_percentage,60,0
2026-08-17T01:05:00.432158Z,sensor.bed_2_booster_adaptive_boost,1,0
2026-08-17T01:05:00.432656Z,sensor.bed_2_booster_pi_target_speed,5,0
2026-08-17T01:05:00.433101Z,sensor.bed_2_booster_effective_percentage,50,0
2026-08-17T01:05:00.435260Z,sensor.bed_3_booster_adaptive_boost,3,0
2026-08-17T01:05:00.435730Z,sensor.bed_3_booster_pi_target_speed,7,0
2026-08-17T01:05:00.436157Z,sensor.bed_3_booster_effective_percentage,70,0
2026-08-17T01:13:15.021867Z,sensor.bed_3_temp_temperature,80.06,0
2026-08-17T01:13:15.022310Z,sensor.bed_3_temperature_delta,2.0,0
2026-08-17T01:21:51.169919Z,sensor.kitchen_temp_temperature,78.26,0
2026-08-17T01:21:51.170367Z,sensor.bed_1_temperature_delta,2.0,0
2026-08-17T01:21:51.170658Z,sensor.bed_2_temperature_delta,2.0,0
2026-08-17T01:21:51.170933Z,sensor.bed_3_temperature_delta,1.8,0
2026-08-17T01:21:51.171616Z,sensor.bed_3_booster_target_speed,2,0
2026-08-17T01:21:51.172677Z,sensor.bed_3_booster_pi_target_speed,5,0
2026-08-17T01:21:51.173005Z,sensor.bed_3_booster_effective_percentage,50,0
2026-08-17T01:22:59.771924Z,sensor.bed_1_temp_temperature,80.06,0
2026-08-17T01:22:59.772366Z,sensor.bed_1_temperature_delta,1.8,0
2026-08-17T01:22:59.772726Z,sensor.bed_1_booster_target_speed,2,0
2026-08-17T01:22:59.773762Z,sensor.bed_1_booster_pi_target_speed,4,0
2026-08-17T01:22:59.774184Z,sensor.bed_1_booster_effective_percentage,40,0
2026-08-17T01:26:13.287001Z,sensor.bed_2_temp_temperature,80.06,0
2026-08-17T01:26:13.287490Z,sensor.bed_2_temperature_delta,1.8,0
2026-08-17T01:26:13.287897Z,sensor.bed_2_booster_target_speed,2,0
2026-08-17T01:26:13.289025Z,sensor.bed_2_booster_pi_target_speed,3,0
2026-08-17T01:26:13.289452Z,sensor.bed_2_booster_effective_percentage,30,0
2026-08-17T01:36:52.095781Z,sensor.kitchen_temp_temperature,78.08,0
2026-08-17T01:36:52.096249Z,sensor.bed_1_temperature_delta,2.0,0
2026-08-17T01:36:52.096532Z,sensor.bed_2_temperature_delta,2.0,0
2026-08-17T01:36:52.096791Z,sensor.bed_3_temperature_delta,2.0,0
2026-08-17T01:50:00.423687Z,sensor.bed_1_booster_adaptive_boost,3,0
2026-08-17T01:50:00.424270Z,sensor.bed_1_booster_pi_target_speed,5,0
2026-08-17T01:50:00.424781Z,sensor.bed_1_booster_effective_percentage,50,0
2026-08-17T01:50:00.428792Z,sensor.bed_2_booster_adaptive_boost,2,0
2026-08-17T01:50:00.429276Z,sensor.bed_2_booster_pi_target_speed,4,0
2026-08-17T01:50:00.436008Z,sensor.bed_2_booster_effective_percentage,40,0
2026-08-17T01:50:00.438410Z,sensor.bed_3_booster_adaptive_boost,4,0
2026-08-17T01:50:00.438910Z,sensor.bed_3_booster_pi_target_speed,6,0
2026-08-17T01:50:00.439324Z,sensor.bed_3_booster_effective_percentage,60,0
2026-08-17T01:51:54.268433Z,sensor.kitchen_temp_temperature,78.26,0
2026-08-17T01:51:54.268938Z,sensor.bed_1_temperature_delta,1.8,0
2026-08-17T01:51:54.269261Z,sensor.bed_2_temperature_delta,1.8,0
2026-08-17T01:51:54.269547Z,sensor.bed_3_temperature_delta,1.8,0
2026-08-17T02:13:32.401554Z,sensor.bed_3_temp_temperature,79.88,0
2026-08-17T02:13:32.402024Z,sensor.bed_3_temperature_delta,1.6,0
2026-08-17T02:15:00.425620Z,sensor.bed_2_booster_adaptive_boost,3,0
2026-08-17T02:15:00.426180Z,sensor.bed_2_booster_pi_target_speed,5,0
2026-08-17T02:15:00.426696Z,sensor.bed_2_booster_effective_percentage,50,0
2026-08-17T02:21:59.333188Z,sensor.kitchen_temp_temperature,78.08,0
2026-08-17T02:21:59.333675Z,sensor.bed_1_temperature_delta,2.0,0
2026-08-17T02:21:59.334009Z,sensor.bed_2_temperature_delta,2.0,0
2026-08-17T02:21:59.334301Z,sensor.bed_3_temperature_delta,1.8,0
2026-08-17T02:23:12.873333Z,sensor.bed_1_temp_temperature,79.88,0
2026-08-17T02:23:12.873781Z,sensor.bed_1_temperature_delta,1.8,0
2026-08-17T02:26:21.728755Z,sensor.bed_2_temp_temperature,79.88,0
2026-08-17T02:26:21.729009Z,sensor.bed_2_temperature_delta,1.8,0
2026-08-17T02:30:17.473428Z,climate.kitchen,cool,0
2026-08-17T02:30:17.474086Z,sensor.bed_1_booster_adaptive_boost,0,0
2026-08-17T02:30:17.474571Z,sensor.bed_2_booster_adaptive_boost,0,0
2026-08-17T02:30:17.475047Z,sensor.bed_3_booster_adaptive_boost,0,0
2026-08-17T02:30:17.480006Z,sensor.bed_1_booster_pi_target_speed,2,0
2026-08-17T02:30:17.480222Z,sensor.bed_2_booster_pi_target_speed,2,0
2026-08-17T02:30:17.480415Z,sensor.bed_3_booster_pi_target_speed,2,0
2026-08-17T02:30:17.480654Z,sensor.bed_1_booster_effective_percentage,20,0
2026-08-17T02:30:17.481000Z,sensor.bed_2_booster_effective_percentage,20,0
2026-08-17T02:30:17.481307Z,sensor.bed_3_booster_effective_percentage,20,0
2026-08-17T02:47:06.594005Z,climate.kitchen,cool,0
2026-08-17T02:52:01.127424Z,sensor.kitchen_temp_temperature,77.9,0
2026-08-17T02:52:01.127887Z,sensor.bed_1_temperature_delta,2.0,0
2026-08-17T02:52:01.128176Z,sensor.bed_2_temperature_delta,2.0,0
2026-08-17T02:52:01.128442Z,sensor.bed_3_temperature_delta,2.0,0
2026-08-17T02:52:17.806682Z,climate.kitchen,cool,0
2026-08-17T02:53:18.691125Z,sensor.bed_1_temp_temperature,79.7,0
2026-08-17T02:53:18.691625Z,sensor.bed_1_temperature_delta,1.8,0
2026-08-17T02:56:22.842326Z,sensor.bed_2_temp_temperature,79.16,0
2026-08-17T02:56:22.842806Z,sensor.bed_2_temperature_delta,1.3,0
2026-08-17T02:56:22.843206Z,sensor.bed_2_booster_target_speed,0,0
2026-08-17T02:56:22.844296Z,sensor.bed_2_booster_pi_target_speed,0,0
2026-08-17T02:56:22.844741Z,sensor.bed_2_booster_effective_percentage,10,0
2026-08-17T02:58:43.615019Z,sensor.bed_3_temp_temperature,79.7,0
2026-08-17T02:58:43.615478Z,sensor.bed_3_temperature_delta,1.8,0
2026-08-17T02:59:14.530880Z,climate.kitchen,cool,0
2026-08-17T02:59:14.625039Z,climate.kitchen,cool,0
2026-08-17T02:59:14.629041Z,sensor.kitchen_temperature,77.0,0
2026-08-17T03:00:00.662178Z,sensor.kitchen_temp_temperature,77.0,0
2026-08-17T03:00:00.662699Z,sensor.bed_1_temperature_delta,2.7,0
2026-08-17T03:00:00.663007Z,sensor.bed_2_temperature_delta,2.2,0
2026-08-17T03:00:00.663272Z,sensor.bed_3_temperature_delta,2.7,0
2026-08-17T03:00:00.663585Z,sensor.bed_1_booster_target_speed,6,0
2026-08-17T03:00:00.663889Z,sensor.bed_2_booster_target_speed,4,0
2026-08-17T03:00:00.664171Z,sensor.bed_3_booster_target_speed,6,0
2026-08-17T03:00:00.665244Z,sensor.bed_1_booster_pi_target_speed,6,0
2026-08-17T03:00:00.665548Z,sensor.bed_2_booster_pi_target_speed,4,0
2026-08-17T03:00:00.665782Z,sensor.bed_3_booster_pi_target_speed,6,0
2026-08-17T03:00:00.665926Z,sensor.bed_1_booster_effective_percentage,60,0
2026-08-17T03:00:00.666233Z,sensor.bed_2_booster_effective_percentage,40,0
2026-08-17T03:00:00.666483Z,sensor.bed_3_booster_effective_percentage,60,0
2026-08-17T03:00:02.514918Z,climate.kitchen,cool,0
2026-08-17T03:00:02.521399Z,sensor.kitchen_temperature,79.52,0
2026-08-17T03:04:12.203593Z,climate.kitchen,cool,0
2026-08-17T03:04:12.209665Z,sensor.kitchen_temperature,79.34,0
2026-08-17T03:06:16.308769Z,sensor.bed_1_temp_temperature,78.8,0
2026-08-17T03:06:16.309229Z,sensor.bed_1_temperature_delta,1.8,0
2026-08-17T03:06:16.309573Z,sensor.bed_1_booster_target_speed,2,0
2026-08-17T03:06:16.310582Z,sensor.bed_1_booster_pi_target_speed,2,0
2026-08-17T03:06:16.311000Z,sensor.bed_1_booster_effective_percentage,20,0
2026-08-17T03:08:29.195139Z,sensor.bed_2_temp_temperature,78.26,0
2026-08-17T03:08:29.195637Z,sensor.bed_2_temperature_delta,1.3,0
2026-08-17T03:08:29.196038Z,sensor.bed_2_booster_target_speed,0,0
2026-08-17T03:08:29.197166Z,sensor.bed_2_booster_pi_target_speed,0,0
2026-08-17T03:08:29.197593Z,sensor.bed_2_booster_effective_percentage,10,0
2026-08-17T03:09:12.582097Z,climate.kitchen,cool,0
2026-08-17T03:13:47.072425Z,sensor.bed_3_temp_temperature,79.34,0
2026-08-17T03:13:47.072929Z,sensor.bed_3_temperature_delta,2.3,0
2026-08-17T03:13:52.580025Z,sensor.kitchen_temp_temperature,76.1,0
2026-08-17T03:13:52.580506Z,sensor.bed_1_temperature_delta,2.7,0
2026-08-17T03:13:52.580821Z,sensor.bed_2_temperature_delta,2.2,0
2026-08-17T03:13:52.581125Z,sensor.bed_3_temperature_delta,3.2,0
2026-08-17T03:13:52.581467Z,sensor.bed_1_booster_target_speed,6,0
2026-08-17T03:13:52.581786Z,sensor.bed_2_booster_target_speed,4,0
2026-08-17T03:13:52.582114Z,sensor.bed_3_booster_target_speed,8,0
2026-08-17T03:13:52.583001Z,sensor.bed_1_booster_pi_target_speed,6,0
2026-08-17T03:13:52.583239Z,sensor.bed_2_booster_pi_target_speed,4,0
2026-08-17T03:13:52.583501Z,sensor.bed_3_booster_pi_target_speed,8,0
2026-08-17T03:13:52.583640Z,sensor.bed_1_booster_effective_percentage,60,0
2026-08-17T03:13:52.583939Z,sensor.bed_2_booster_effective_percentage,40,0
2026-08-17T03:13:52.584188Z,sensor.bed_3_booster_effective_percentage,80,0
2026-08-17T03:14:25.804468Z,climate.kitchen,cool,0
2026-08-17T03:19:12.667102Z,climate.kitchen,cool,0
2026-08-17T03:21:17.974134Z,sensor.bed_1_temp_temperature,78.44,0
2026-08-17T03:21:17.974588Z,sensor.bed_1_temperature_delta,2.3,0
2026-08-17T03:23:29.088994Z,sensor.bed_2_temp_temperature,77.54,0
2026-08-17T03:23:29.089484Z,sensor.bed_2_temperature_delta,1.4,0
2026-08-17T03:23:29.089885Z,sensor.bed_2_booster_target_speed,2,0
2026-08-17T03:23:29.091192Z,sensor.bed_2_booster_pi_target_speed,2,0
2026-08-17T03:23:29.091551Z,sensor.bed_2_booster_effective_percentage,20,0
2026-08-17T03:27:33.732572Z,sensor.kitchen_temp_temperature,75.2,0
2026-08-17T03:27:33.733109Z,sensor.bed_1_temperature_delta,3.2,0
2026-08-17T03:27:33.733428Z,sensor.bed_2_temperature_delta,2.3,0
2026-08-17T03:27:33.733715Z,sensor.bed_3_temperature_delta,4.1,0
2026-08-17T03:27:33.734080Z,sensor.bed_1_booster_target_speed,8,0
2026-08-17T03:27:33.734395Z,sensor.bed_2_booster_target_speed,4,0
2026-08-17T03:27:33.734703Z,sensor.bed_3_booster_target_speed,10,0
2026-08-17T03:27:33.735545Z,sensor.bed_1_booster_pi_target_speed,8,0
2026-08-17T03:27:33.735822Z,sensor.bed_2_booster_pi_target_speed,4,0
2026-08-17T03:27:33.736110Z,sensor.bed_3_booster_pi_target_speed,10,0
2026-08-17T03:27:33.736282Z,sensor.bed_1_booster_effective_percentage,80,0
2026-08-17T03:27:33.737306Z,sensor.bed_2_booster_effective_percentage,40,0
2026-08-17T03:27:33.737647Z,sensor.bed_3_booster_effective_percentage,100,0
2026-08-17T03:28:50.468134Z,sensor.bed_3_temp_temperature,79.16,0
2026-08-17T03:28:50.468579Z,sensor.bed_3_temperature_delta,4.0,0
2026-08-17T03:33:52.948541Z,sensor.bed_1_temp_temperature,77.54,0
2026-08-17T03:33:52.949079Z,sensor.bed_1_temperature_delta,2.3,0
2026-08-17T03:33:52.949492Z,sensor.bed_1_booster_target_speed,6,0
2026-08-17T03:33:52.950684Z,sensor.bed_1_booster_pi_target_speed,6,0
2026-08-17T03:33:52.951185Z,sensor.bed_1_booster_effective_percentage,60,0
2026-08-17T03:34:12.064678Z,climate.kitchen,cool,0
2026-08-17T03:34:12.075759Z,sensor.kitchen_temperature,78.44,0
2026-08-17T03:38:29.249328Z,sensor.bed_2_temp_temperature,76.82,0
2026-08-17T03:38:29.249813Z,sensor.bed_2_temperature_delta,1.6,0
2026-08-17T03:38:29.250208Z,sensor.bed_2_booster_target_speed,2,0
2026-08-17T03:38:29.251333Z,sensor.bed_2_booster_pi_target_speed,2,0
2026-08-17T03:38:29.251795Z,sensor.bed_2_booster_effective_percentage,20,0
2026-08-17T03:39:03.666187Z,sensor.bed_3_temp_temperature,78.26,0
2026-08-17T03:39:03.666683Z,sensor.bed_3_temperature_delta,3.1,0
2026-08-17T03:39:03.667076Z,sensor.bed_3_booster_target_speed,8,0
2026-08-17T03:39:03.668180Z,sensor.bed_3_booster_pi_target_speed,8,0
2026-08-17T03:39:03.668628Z,sensor.bed_3_booster_effective_percentage,80,0
2026-08-17T03:42:33.575371Z,sensor.kitchen_temp_temperature,74.48,0
2026-08-17T03:42:33.575883Z,sensor.bed_1_temperature_delta,3.1,0
2026-08-17T03:42:33.576207Z,sensor.bed_2_temperature_delta,2.3,0
2026-08-17T03:42:33.576495Z,sensor.bed_3_temperature_delta,3.8,0
2026-08-17T03:42:33.576853Z,sensor.bed_1_booster_target_speed,8,0
2026-08-17T03:42:33.577169Z,sensor.bed_2_booster_target_speed,4,0
2026-08-17T03:42:33.577474Z,sensor.bed_3_booster_target_speed,10,0
2026-08-17T03:42:33.578413Z,sensor.bed_1_booster_pi_target_speed,8,0
2026-08-17T03:42:33.578658Z,sensor.bed_2_booster_pi_target_speed,4,0
2026-08-17T03:42:33.578907Z,sensor.bed_3_booster_pi_target_speed,10,0
2026-08-17T03:42:33.579044Z,sensor.bed_1_booster_effective_percentage,80,0
2026-08-17T03:42:33.580085Z,sensor.bed_2_booster_effective_percentage,40,0
2026-08-17T03:42:33.580404Z,sensor.bed_3_booster_effective_percentage,100,0
2026-08-17T03:42:42.961939Z,climate.kitchen,cool,0
2026-08-17T03:44:16.347219Z,sensor.bed_1_temp_temperature,76.64,0
2026-08-17T03:44:16.347674Z,sensor.bed_1_temperature_delta,2.2,0
2026-08-17T03:44:16.348046Z,sensor.bed_1_booster_target_speed,4,0
2026-08-17T03:44:16.349068Z,sensor.bed_1_booster_pi_target_speed,4,0
2026-08-17T03:44:16.349481Z,sensor.bed_1_booster_effective_percentage,40,0
2026-08-17T03:53:28.860719Z,sensor.bed_2_temp_temperature,76.1,0
2026-08-17T03:53:28.861182Z,sensor.bed_2_temperature_delta,1.6,0
2026-08-17T03:53:28.861531Z,sensor.bed_2_booster_target_speed,2,0
2026-08-17T03:53:28.862534Z,sensor.bed_2_booster_pi_target_speed,2,0
2026-08-17T03:53:28.862950Z,sensor.bed_2_booster_effective_percentage,20,0
2026-08-17T03:54:06.908863Z,sensor.bed_3_temp_temperature,77.54,0
2026-08-17T03:54:06.909339Z,sensor.bed_3_temperature_delta,3.1,0
2026-08-17T03:54:06.909714Z,sensor.bed_3_booster_target_speed,8,0
2026-08-17T03:54:06.910825Z,sensor.bed_3_booster_pi_target_speed,8,0
2026-08-17T03:54:06.911283Z,sensor.bed_3_booster_effective_percentage,80,0
2026-08-17T03:57:33.649076Z,sensor.kitchen_temp_temperature,73.76,0
2026-08-17T03:57:33.649552Z,sensor.bed_1_temperature_delta,2.9,0
2026-08-17T03:57:33.649896Z,sensor.bed_2_temperature_delta,2.3,0
2026-08-17T03:57:33.650191Z,sensor.bed_3_temperature_delta,3.8,0
2026-08-17T03:57:33.650546Z,sensor.bed_1_booster_target_speed,6,0
2026-08-17T03:57:33.650851Z,sensor.bed_2_booster_target_speed,4,0
2026-08-17T03:57:33.651138Z,sensor.bed_3_booster_target_speed,10,0
2026-08-17T03:57:33.651790Z,sensor.bed_1_booster_pi_target_speed,6,0
2026-08-17T03:57:33.652039Z,sensor.bed_2_booster_pi_target_speed,4,0
2026-08-17T03:57:33.652275Z,sensor.bed_3_booster_pi_target_speed,10,0
2026-08-17T03:57:33.652418Z,sensor.bed_1_booster_effective_percentage,60,0
2026-08-17T03:57:33.653447Z,sensor.bed_2_booster_effective_percentage,40,0
2026-08-17T03:57:33.653767Z,sensor.bed_3_booster_effective_percentage,100,0
2026-08-17T03:59:18.295496Z,sensor.bed_1_temp_temperature,76.46,0
2026-08-17T03:59:18.296074Z,sensor.bed_1_temperature_delta,2.7,0
2026-08-17T04:04:12.503453Z,climate.kitchen,cool,0
2026-08-17T04:04:12.511970Z,sensor.kitchen_temperature,77.36,0
2026-08-17T04:08:27.976782Z,sensor.bed_2_temp_temperature,75.38,0
2026-08-17T04:08:27.977251Z,sensor.bed_2_temperature_delta,1.6,0
2026-08-17T04:08:27.977602Z,sensor.bed_2_booster_target_speed,2,0
2026-08-17T04:08:27.978657Z,sensor.bed_2_booster_pi_target_speed,2,0
2026-08-17T04:08:27.979091Z,sensor.bed_2_booster_effective_percentage,20,0
2026-08-17T04:09:00.381126Z,sensor.bed_1_temp_temperature,75.56,0
2026-08-17T04:09:00.381611Z,sensor.bed_1_temperature_delta,1.8,0
2026-08-17T04:09:00.382009Z,sensor.bed_1_booster_target_speed,2,0
2026-08-17T04:09:00.383140Z,sensor.bed_1_booster_pi_target_speed,2,0
2026-08-17T04:09:00.383574Z,sensor.bed_1_booster_effective_percentage,20,0
2026-08-17T04:09:09.870387Z,sensor.bed_3_temp_temperature,76.82,0
2026-08-17T04:09:09.870831Z,sensor.bed_3_temperature_delta,3.1,0
2026-08-17T04:09:09.871201Z,sensor.bed_3_booster_target_speed,8,0
2026-08-17T04:09:09.872205Z,sensor.bed_3_booster_pi_target_speed,8,0
2026-08-17T04:09:09.872608Z,sensor.bed_3_booster_effective_percentage,80,0
2026-08-17T04:12:32.251631Z,sensor.kitchen_temp_temperature,73.04,0
2026-08-17T04:12:32.252096Z,sensor.bed_1_temperature_delta,2.5,0
2026-08-17T04:12:32.252386Z,sensor.bed_2_temperature_delta,2.3,0
2026-08-17T04:12:32.252647Z,sensor.bed_3_temperature_delta,3.8,0
2026-08-17T04:12:32.252977Z,sensor.bed_1_booster_target_speed,6,0
2026-08-17T04:12:32.253270Z,sensor.bed_2_booster_target_speed,4,0
2026-08-17T04:12:32.253550Z,sensor.bed_3_booster_target_speed,10,0
2026-08-17T04:12:32.254613Z,sensor.bed_1_booster_pi_target_speed,6,0
2026-08-17T04:12:32.255209Z,sensor.bed_2_booster_pi_target_speed,4,0
2026-08-17T04:12:32.255444Z,sensor.bed_3_booster_pi_target_speed,10,0
2026-08-17T04:12:32.255581Z,sensor.bed_1_booster_effective_percentage,60,0
2026-08-17T04:12:32.256604Z,sensor.bed_2_booster_effective_percentage,40,0
2026-08-17T04:12:32.256961Z,sensor.bed_3_booster_effective_percentage,100,0
2026-08-17T04:23:27.369047Z,sensor.bed_2_temp_temperature,74.66,0
2026-08-17T04:23:27.369543Z,sensor.bed_2_temperature_delta,1.6,0
2026-08-17T04:23:27.369947Z,sensor.bed_2_booster_target_speed,2,0
2026-08-17T04:23:27.371070Z,sensor.bed_2_booster_pi_target_speed,2,0
2026-08-17T04:23:27.371515Z,sensor.bed_2_booster_effective_percentage,20,0
2026-08-17T04:24:02.137646Z,sensor.bed_1_temp_temperature,74.84,0
2026-08-17T04:24:02.138145Z,sensor.bed_1_temperature_delta,1.8,0
2026-08-17T04:24:02.138530Z,sensor.bed_1_booster_target_speed,2,0
2026-08-17T04:24:02.139661Z,sensor.bed_1_booster_pi_target_speed,2,0
2026-08-17T04:24:02.140131Z,sensor.bed_1_booster_effective_percentage,20,0
2026-08-17T04:24:12.656894Z,sensor.bed_3_temp_temperature,76.1,0
2026-08-17T04:24:12.657406Z,sensor.bed_3_temperature_delta,3.1,0
2026-08-17T04:24:12.657797Z,sensor.bed_3_booster_target_speed,8,0
2026-08-17T04:24:12.658947Z,sensor.bed_3_booster_pi_target_speed,8,0
2026-08-17T04:24:12.659400Z,sensor.bed_3_booster_effective_percentage,80,0
2026-08-17T04:24:13.418770Z,climate.kitchen,cool,0
2026-08-17T04:24:13.424472Z,sensor.kitchen_temperature,76.46,0
2026-08-17T04:27:30.980742Z,sensor.kitchen_temp_temperature,72.32,0
2026-08-17T04:27:30.981232Z,sensor.bed_1_temperature_delta,2.5,0
2026-08-17T04:27:30.981527Z,sensor.bed_2_temperature_delta,2.3,0
2026-08-17T04:27:30.981797Z,sensor.bed_3_temperature_delta,3.8,0
2026-08-17T04:27:30.982134Z,sensor.bed_1_booster_target_speed,6,0
2026-08-17T04:27:30.982428Z,sensor.bed_2_booster_target_speed,4,0
2026-08-17T04:27:30.982716Z,sensor.bed_3_booster_target_speed,10,0
2026-08-17T04:27:30.983811Z,sensor.bed_1_booster_pi_target_speed,6,0
2026-08-17T04:27:30.984495Z,sensor.bed_2_booster_pi_target_speed,4,0
2026-08-17T04:27:30.985174Z,sensor.bed_3_booster_pi_target_speed,10,0
2026-08-17T04:27:30.985562Z,sensor.bed_1_booster_effective_percentage,60,0
2026-08-17T04:27:30.988211Z,sensor.bed_2_booster_effective_percentage,40,0
2026-08-17T04:27:30.991599Z,sensor.bed_3_booster_effective_percentage,100,0
2026-08-17T04:38:14.403477Z,sensor.bed_1_temp_temperature,73.94,0
2026-08-17T04:38:14.403982Z,sensor.bed_1_temperature_delta,1.6,0
2026-08-17T04:38:14.404376Z,sensor.bed_1_booster_target_speed,2,0
2026-08-17T04:38:14.405485Z,sensor.bed_1_booster_pi_target_speed,2,0
2026-08-17T04:38:14.405916Z,sensor.bed_1_booster_effective_percentage,20,0
2026-08-17T04:38:26.352598Z,sensor.bed_2_temp_temperature,74.12,0
2026-08-17T04:38:26.353148Z,sensor.bed_2_temperature_delta,1.8,0
2026-08-17T04:39:15.868646Z,sensor.bed_3_temp_temperature,75.56,0
2026-08-17T04:39:15.869113Z,sensor.bed_3_temperature_delta,3.2,0
2026-08-17T04:39:15.869466Z,sensor.bed_3_booster_target_speed,8,0
2026-08-17T04:39:15.870486Z,sensor.bed_3_booster_pi_target_speed,8,0
2026-08-17T04:39:15.870909Z,sensor.bed_3_booster_effective_percentage,80,0
2026-08-17T04:42:34.577228Z,sensor.kitchen_temp_temperature,71.78,0
2026-08-17T04:42:34.577700Z,sensor.bed_1_temperature_delta,2.2,0
2026-08-17T04:42:34.578037Z,sensor.bed_2_temperature_delta,2.3,0
2026-08-17T04:42:34.578325Z,sensor.bed_3_temperature_delta,3.8,0
2026-08-17T04:42:34.578666Z,sensor.bed_1_booster_target_speed,4,0
2026-08-17T04:42:34.579213Z,sensor.bed_3_booster_target_speed,10,0
2026-08-17T04:42:34.580399Z,sensor.bed_1_booster_pi_target_speed,4,0
2026-08-17T04:42:34.581162Z,sensor.bed_3_booster_pi_target_speed,10,0
2026-08-17T04:42:34.581585Z,sensor.bed_1_booster_effective_percentage,40,0
2026-08-17T04:42:34.584366Z,sensor.bed_3_booster_effective_percentage,100,0
2026-08-17T04:45:00.423733Z,sensor.bed_1_booster_adaptive_boost,1,0
2026-08-17T04:45:00.424313Z,sensor.bed_1_booster_pi_target_speed,5,0
2026-08-17T04:45:00.424860Z,sensor.bed_1_booster_effective_percentage,50,0
2026-08-17T04:45:00.429304Z,sensor.bed_2_booster_adaptive_boost,1,0
2026-08-17T04:45:00.432088Z,sensor.bed_2_booster_pi_target_speed,5,0
2026-08-17T04:45:00.432596Z,sensor.bed_2_booster_effective_percentage,50,0
2026-08-17T04:49:11.936310Z,climate.kitchen,cool,0
2026-08-17T04:49:11.938382Z,sensor.bed_1_booster_adaptive_boost,0,0
2026-08-17T04:49:11.939906Z,sensor.bed_2_booster_adaptive_boost,0,0
2026-08-17T04:49:11.945900Z,sensor.bed_1_booster_pi_target_speed,4,0
2026-08-17T04:49:11.946138Z,sensor.bed_2_booster_pi_target_speed,4,0
2026-08-17T04:49:11.946540Z,sensor.bed_1_booster_effective_percentage,40,0
2026-08-17T04:49:11.946914Z,sensor.bed_2_booster_effective_percentage,40,0
2026-08-17T04:49:11.947253Z,sensor.kitchen_temperature,75.38,0
2026-08-17T04:49:16.067523Z,climate.kitchen,cool,0
2026-08-17T04:53:15.546037Z,sensor.bed_1_temp_temperature,73.58,0
2026-08-17T04:53:15.546518Z,sensor.bed_1_temperature_delta,1.8,0
2026-08-17T04:53:15.546913Z,sensor.bed_1_booster_target_speed,2,0
2026-08-17T04:53:15.548015Z,sensor.bed_1_booster_pi_target_speed,2,0
2026-08-17T04:53:15.548464Z,sensor.bed_1_booster_effective_percentage,20,0
2026-08-17T04:53:26.145164Z,sensor.bed_2_temp_temperature,73.4,0
2026-08-17T04:53:26.145478Z,sensor.bed_2_temperature_delta,1.6,0
2026-08-17T04:53:26.145709Z,sensor.bed_2_booster_target_speed,2,0
2026-08-17T04:53:26.146505Z,sensor.bed_2_booster_pi_target_speed,2,0
2026-08-17T04:53:26.146824Z,sensor.bed_2_booster_effective_percentage,20,0
2026-08-17T04:54:13.401068Z,sensor.bed_3_temp_temperature,74.66,0
2026-08-17T04:54:13.401568Z,sensor.bed_3_temperature_delta,2.9,0
2026-08-17T04:54:13.401974Z,sensor.bed_3_booster_target_speed,8,0
2026-08-17T04:54:13.403097Z,sensor.bed_3_booster_pi_target_speed,8,0
2026-08-17T04:54:13.403538Z,sensor.bed_3_booster_effective_percentage,80,0
2026-08-17T04:57:32.761166Z,sensor.kitchen_temp_temperature,71.06,0
2026-08-17T04:57:32.761674Z,sensor.bed_1_temperature_delta,2.5,0
2026-08-17T04:57:32.762026Z,sensor.bed_2_temperature_delta,2.3,0
2026-08-17T04:57:32.762321Z,sensor.bed_3_temperature_delta,3.6,0
2026-08-17T04:57:32.762682Z,sensor.bed_1_booster_target_speed,6,0
2026-08-17T04:57:32.763023Z,sensor.bed_2_booster_target_speed,4,0
2026-08-17T04:57:32.763346Z,sensor.bed_3_booster_target_speed,10,0
2026-08-17T04:57:32.764545Z,sensor.bed_1_booster_pi_target_speed,6,0
2026-08-17T04:57:32.765312Z,sensor.bed_2_booster_pi_target_speed,4,0
2026-08-17T04:57:32.766068Z,sensor.bed_3_booster_pi_target_speed,10,0
2026-08-17T04:57:32.766499Z,sensor.bed_1_booster_effective_percentage,60,0
2026-08-17T04:57:32.770924Z,sensor.bed_2_booster_effective_percentage,40,0
2026-08-17T04:57:32.771916Z,sensor.bed_3_booster_effective_percentage,100,0
2026-08-17T05:08:16.984163Z,sensor.bed_1_temp_temperature,72.86,0
2026-08-17T05:08:16.984673Z,sensor.bed_1_temperature_delta,1.8,0
2026-08-17T05:08:16.985083Z,sensor.bed_1_booster_target_speed,2,0
2026-08-17T05:08:16.986219Z,sensor.bed_1_booster_pi_target_speed,2,0
2026-08-17T05:08:16.986674Z,sensor.bed_1_booster_effective_percentage,20,0
2026-08-17T05:08:27.390034Z,sensor.bed_2_temp_temperature,72.86,0
2026-08-17T05:08:27.390527Z,sensor.bed_2_temperature_delta,1.8,0
2026-08-17T05:08:27.390929Z,sensor.bed_2_booster_target_speed,2,0
2026-08-17T05:08:27.392057Z,sensor.bed_2_booster_pi_target_speed,2,0
2026-08-17T05:08:27.392505Z,sensor.bed_2_booster_effective_percentage,20,0
2026-08-17T05:09:12.513133Z,climate.kitchen,cool,0
2026-08-17T05:09:12.521472Z,sensor.kitchen_temperature,74.48,0
2026-08-17T05:09:15.839014Z,sensor.bed_3_temp_temperature,74.12,0
2026-08-17T05:09:15.839490Z,sensor.bed_3_temperature_delta,3.1,0
2026-08-17T05:09:15.839863Z,sensor.bed_3_booster_target_speed,8,0
2026-08-17T05:09:15.840900Z,sensor.bed_3_booster_pi_target_speed,8,0
2026-08-17T05:09:15.841316Z,sensor.bed_3_booster_effective_percentage,80,0
2026-08-17T05:12:35.385489Z,sensor.kitchen_temp_temperature,70.52,0
2026-08-17T05:12:35.385988Z,sensor.bed_1_temperature_delta,2.3,0
2026-08-17T05:12:35.386319Z,sensor.bed_2_temperature_delta,2.3,0
2026-08-17T05:12:35.386614Z,sensor.bed_3_temperature_delta,3.6,0
2026-08-17T05:12:35.386986Z,sensor.bed_1_booster_target_speed,4,0
2026-08-17T05:12:35.387317Z,sensor.bed_2_booster_target_speed,4,0
2026-08-17T05:12:35.387638Z,sensor.bed_3_booster_target_speed,10,0
2026-08-17T05:12:35.388706Z,sensor.bed_1_booster_pi_target_speed,4,0
2026-08-17T05:12:35.388957Z,sensor.bed_2_booster_pi_target_speed,4,0
2026-08-17T05:12:35.389194Z,sensor.bed_3_booster_pi_target_speed,10,0
2026-08-17T05:12:35.389337Z,sensor.bed_1_booster_effective_percentage,40,0
2026-08-17T05:12:35.390381Z,sensor.bed_2_booster_effective_percentage,40,0
2026-08-17T05:12:35.390706Z,sensor.bed_3_booster_effective_percentage,100,0
2026-08-17T05:23:20.561959Z,sensor.bed_1_temp_temperature,72.68,0
2026-08-17T05:23:20.562442Z,sensor.bed_1_temperature_delta,2.2,0
2026-08-17T05:23:26.904319Z,sensor.bed_2_temp_temperature,72.32,0
2026-08-17T05:23:26.904859Z,sensor.bed_2_temperature_delta,1.8,0
2026-08-17T05:23:26.905276Z,sensor.bed_2_booster_target_speed,2,0
2026-08-17T05:23:26.906486Z,sensor.bed_2_booster_pi_target_speed,2,0
2026-08-17T05:23:26.906705Z,sensor.bed_2_booster_effective_percentage,20,0
2026-08-17T05:24:17.592247Z,sensor.bed_3_temp_temperature,73.4,0
2026-08-17T05:24:17.592730Z,sensor.bed_3_temperature_delta,2.9,0
2026-08-17T05:24:17.593128Z,sensor.bed_3_booster_target_speed,8,0
2026-08-17T05:24:17.594244Z,sensor.bed_3_booster_pi_target_speed,8,0
2026-08-17T05:24:17.594683Z,sensor.bed_3_booster_effective_percentage,80,0
2026-08-17T05:27:33.397191Z,sensor.kitchen_temp_temperature,69.98,0
2026-08-17T05:27:33.397681Z,sensor.bed_1_temperature_delta,2.7,0
2026-08-17T05:27:33.398027Z,sensor.bed_2_temperature_delta,2.3,0
2026-08-17T05:27:33.398318Z,sensor.bed_3_temperature_delta,3.4,0
2026-08-17T05:27:33.398662Z,sensor.bed_1_booster_target_speed,6,0
2026-08-17T05:27:33.398993Z,sensor.bed_2_booster_target_speed,4,0
2026-08-17T05:27:33.400146Z,sensor.bed_1_booster_pi_target_speed,6,0
2026-08-17T05:27:33.400386Z,sensor.bed_2_booster_pi_target_speed,4,0
2026-08-17T05:27:33.400525Z,sensor.bed_1_booster_effective_percentage,60,0
2026-08-17T05:27:33.401512Z,sensor.bed_2_booster_effective_percentage,40,0
2026-08-17T05:30:00.424097Z,sensor.bed_1_booster_adaptive_boost,1,0
2026-08-17T05:30:00.424640Z,sensor.bed_1_booster_pi_target_speed,7,0
2026-08-17T05:30:00.425195Z,sensor.bed_1_booster_effective_percentage,70,0
2026-08-17T05:30:00.428327Z,sensor.bed_2_booster_adaptive_boost,1,0
2026-08-17T05:30:00.428497Z,sensor.bed_2_booster_pi_target_speed,5,0
2026-08-17T05:30:00.428650Z,sensor.bed_2_booster_effective_percentage,50,0
2026-08-17T05:30:00.429454Z,sensor.bed_3_booster_adaptive_boost,1,0
2026-08-17T05:30:00.429621Z,sensor.bed_3_booster_pi_target_speed,9,0
2026-08-17T05:30:00.429774Z,sensor.bed_3_booster_effective_percentage,90,0
2026-08-17T05:35:18.708616Z,sensor.bed_1_temp_temperature,71.78,0
2026-08-17T05:35:18.709131Z,sensor.bed_1_temperature_delta,1.8,0
2026-08-17T05:35:18.709517Z,sensor.bed_1_booster_target_speed,2,0
2026-08-17T05:35:18.710638Z,sensor.bed_1_booster_pi_target_speed,3,0
2026-08-17T05:35:18.711061Z,sensor.bed_1_booster_effective_percentage,30,0
2026-08-17T05:38:27.995854Z,sensor.bed_2_temp_temperature,71.96,0
2026-08-17T05:38:27.996354Z,sensor.bed_2_temperature_delta,2.0,0
2026-08-17T05:39:19.351786Z,sensor.bed_3_temp_temperature,72.86,0
2026-08-17T05:39:19.352059Z,sensor.bed_3_temperature_delta,2.9,0
2026-08-17T05:40:22.241335Z,climate.kitchen,cool,0
2026-08-17T05:40:22.243208Z,sensor.bed_1_booster_adaptive_boost,0,0
2026-08-17T05:40:22.244691Z,sensor.bed_2_booster_adaptive_boost,0,0
2026-08-17T05:40:22.246146Z,sensor.bed_3_booster_adaptive_boost,0,0
2026-08-17T05:40:22.257822Z,sensor.bed_1_booster_pi_target_speed,2,0
2026-08-17T05:40:22.258070Z,sensor.bed_2_booster_pi_target_speed,4,0
2026-08-17T05:40:22.258258Z,sensor.bed_3_booster_pi_target_speed,8,0
2026-08-17T05:40:22.258470Z,sensor.bed_1_booster_effective_percentage,20,0
2026-08-17T05:40:22.258789Z,sensor.bed_2_booster_effective_percentage,40,0
2026-08-17T05:40:22.259081Z,sensor.bed_3_booster_effective_percentage,80,0
2026-08-17T05:40:22.259389Z,sensor.kitchen_temperature,73.4,0
2026-08-17T05:42:31.395697Z,sensor.kitchen_temp_temperature,69.44,0
2026-08-17T05:42:31.396209Z,sensor.bed_1_temperature_delta,2.3,0
2026-08-17T05:42:31.396531Z,sensor.bed_2_temperature_delta,2.5,0
2026-08-17T05:42:31.396824Z,sensor.bed_3_temperature_delta,3.4,0
2026-08-17T05:42:31.397202Z,sensor.bed_1_booster_target_speed,4,0
2026-08-17T05:42:31.397518Z,sensor.bed_2_booster_target_speed,6,0
2026-08-17T05:42:31.398599Z,sensor.bed_1_booster_pi_target_speed,4,0
2026-08-17T05:42:31.398846Z,sensor.bed_2_booster_pi_target_speed,6,0
2026-08-17T05:42:31.398992Z,sensor.bed_1_booster_effective_percentage,40,0
2026-08-17T05:42:31.400081Z,sensor.bed_2_booster_effective_percentage,60,0
2026-08-17T05:50:22.050640Z,sensor.bed_1_temp_temperature,71.6,0
2026-08-17T05:50:22.051160Z,sensor.bed_1_temperature_delta,2.2,0
2026-08-17T05:53:25.478070Z,sensor.bed_2_temp_temperature,71.42,0
2026-08-17T05:53:25.478557Z,sensor.bed_2_temperature_delta,2.0,0
2026-08-17T05:53:25.478961Z,sensor.bed_2_booster_target_speed,4,0
2026-08-17T05:53:25.480083Z,sensor.bed_2_booster_pi_target_speed,4,0
2026-08-17T05:53:25.480537Z,sensor.bed_2_booster_effective_percentage,40,0
2026-08-17T05:54:21.262349Z,sensor.bed_3_temp_temperature,72.32,0
2026-08-17T05:54:21.262828Z,sensor.bed_3_temperature_delta,2.9,0
2026-08-17T05:57:29.239861Z,sensor.kitchen_temp_temperature,68.9,0
2026-08-17T05:57:29.240352Z,sensor.bed_1_temperature_delta,2.7,0
2026-08-17T05:57:29.240669Z,sensor.bed_2_temperature_delta,2.5,0
2026-08-17T05:57:29.240984Z,sensor.bed_3_temperature_delta,3.4,0
2026-08-17T05:57:29.241329Z,sensor.bed_1_booster_target_speed,6,0
2026-08-17T05:57:29.241641Z,sensor.bed_2_booster_target_speed,6,0
2026-08-17T05:57:29.243071Z,sensor.bed_1_booster_pi_target_speed,6,0
2026-08-17T05:57:29.243339Z,sensor.bed_2_booster_pi_target_speed,6,0
2026-08-17T05:57:29.243481Z,sensor.bed_1_booster_effective_percentage,60,0
2026-08-17T05:57:29.244500Z,sensor.bed_2_booster_effective_percentage,60,0
2026-08-17T06:00:00Z,climate.kitchen,cool,1
2026-08-17T06:00:00Z,sensor.bed_1_booster_adaptive_boost,0,1
2026-08-17T06:00:00Z,sensor.bed_1_booster_effective_percentage,60,1
2026-08-17T06:00:00Z,sensor.bed_1_booster_pi_target_speed,6,1
2026-08-17T06:00:00Z,sensor.bed_1_booster_target_speed,6,1
2026-08-17T06:00:00Z,sensor.bed_1_temp_temperature,71.6,1
2026-08-17T06:00:00Z,sensor.bed_1_temperature_delta,2.7,1
2026-08-17T06:00:00Z,sensor.bed_2_booster_adaptive_boost,0,1
2026-08-17T06:00:00Z,sensor.bed_2_booster_effective_percentage,60,1
2026-08-17T06:00:00Z,sensor.bed_2_booster_pi_target_speed,6,1
2026-08-17T06:00:00Z,sensor.bed_2_booster_target_speed,6,1
2026-08-17T06:00:00Z,sensor.bed_2_temp_temperature,71.42,1
2026-08-17T06:00:00Z,sensor.bed_2_temperature_delta,2.5,1
2026-08-17T06:00:00Z,sensor.bed_3_booster_adaptive_boost,0,1
2026-08-17T06:00:00Z,sensor.bed_3_booster_effective_percentage,80,1
2026-08-17T06:00:00Z,sensor.bed_3_booster_pi_target_speed,8,1
2026-08-17T06:00:00Z,sensor.bed_3_booster_target_speed,8,1
2026-08-17T06:00:00Z,sensor.bed_3_temp_temperature,72.32,1
2026-08-17T06:00:00Z,sensor.bed_3_temperature_delta,3.4,1
2026-08-17T06:00:00Z,sensor.kitchen_temp_temperature,68.9,1
2026-08-17T06:00:00Z,sensor.kitchen_temperature,73.4,1
2026-08-17T06:04:14.982718Z,sensor.bed_1_temp_temperature,70.7,0
2026-08-17T06:04:14.983187Z,sensor.bed_1_temperature_delta,1.8,0
2026-08-17T06:04:14.983532Z,sensor.bed_1_booster_target_speed,2,0
2026-08-17T06:04:14.984556Z,sensor.bed_1_booster_pi_target_speed,2,0
2026-08-17T06:04:14.984985Z,sensor.bed_1_booster_effective_percentage,20,0
2026-08-17T06:05:00.423470Z,sensor.bed_1_booster_adaptive_boost,1,0
2026-08-17T06:05:00.424052Z,sensor.bed_1_booster_pi_target_speed,3,0
2026-08-17T06:05:00.424533Z,sensor.bed_1_booster_effective_percentage,30,0
2026-08-17T06:05:00.427523Z,sensor.bed_2_booster_adaptive_boost,1,0
2026-08-17T06:05:00.427691Z,sensor.bed_2_booster_pi_target_speed,7,0
2026-08-17T06:05:00.427868Z,sensor.bed_2_booster_effective_percentage,70,0
2026-08-17T06:05:00.428674Z,sensor.bed_3_booster_adaptive_boost,1,0
2026-08-17T06:05:00.428847Z,sensor.bed_3_booster_pi_target_speed,9,0
2026-08-17T06:05:00.429081Z,sensor.bed_3_booster_effective_percentage,90,0
2026-08-17T06:08:23.206913Z,sensor.bed_2_temp_temperature,70.88,0
2026-08-17T06:08:23.207403Z,sensor.bed_2_temperature_delta,2.0,0
2026-08-17T06:08:23.207787Z,sensor.bed_2_booster_target_speed,4,0
2026-08-17T06:08:23.208923Z,sensor.bed_2_booster_pi_target_speed,5,0
2026-08-17T06:08:23.209385Z,sensor.bed_2_booster_effective_percentage,50,0
2026-08-17T06:09:22.031484Z,sensor.bed_3_temp_temperature,71.78,0
2026-08-17T06:09:22.031977Z,sensor.bed_3_temperature_delta,2.9,0
2026-08-17T06:10:22.033760Z,climate.kitchen,cool,0
2026-08-17T06:10:22.035535Z,sensor.bed_1_booster_adaptive_boost,0,0
2026-08-17T06:10:22.036923Z,sensor.bed_2_booster_adaptive_boost,0,0
2026-08-17T06:10:22.038255Z,sensor.bed_3_booster_adaptive_boost,0,0
2026-08-17T06:10:22.049495Z,sensor.bed_1_booster_pi_target_speed,2,0
2026-08-17T06:10:22.049714Z,sensor.bed_2_booster_pi_target_speed,4,0
2026-08-17T06:10:22.049942Z,sensor.bed_3_booster_pi_target_speed,8,0
2026-08-17T06:10:22.050169Z,sensor.bed_1_booster_effective_percentage,20,0
2026-08-17T06:10:22.050494Z,sensor.bed_2_booster_effective_percentage,40,0
2026-08-17T06:10:22.050774Z,sensor.bed_3_booster_effective_percentage,80,0
2026-08-17T06:10:22.051139Z,sensor.kitchen_temperature,72.14,0
2026-08-17T06:12:27.097474Z,sensor.kitchen_temp_temperature,68.36,0
2026-08-17T06:12:27.098008Z,sensor.bed_1_temperature_delta,2.3,0
2026-08-17T06:12:27.098351Z,sensor.bed_2_temperature_delta,2.5,0
2026-08-17T06:12:27.098664Z,sensor.bed_3_temperature_delta,3.4,0
2026-08-17T06:12:27.099060Z,sensor.bed_1_booster_target_speed,4,0
2026-08-17T06:12:27.099400Z,sensor.bed_2_booster_target_speed,6,0
2026-08-17T06:12:27.100436Z,sensor.bed_1_booster_pi_target_speed,4,0
2026-08-17T06:12:27.100672Z,sensor.bed_2_booster_pi_target_speed,6,0
2026-08-17T06:12:27.100811Z,sensor.bed_1_booster_effective_percentage,40,0
2026-08-17T06:12:27.101834Z,sensor.bed_2_booster_effective_percentage,60,0
2026-08-17T06:19:14.922785Z,sensor.bed_1_temp_temperature,70.52,0
2026-08-17T06:19:14.923283Z,sensor.bed_1_temperature_delta,2.2,0
2026-08-17T06:23:21.188209Z,sensor.bed_2_temp_temperature,70.34,0
2026-08-17T06:23:21.188753Z,sensor.bed_2_temperature_delta,2.0,0
2026-08-17T06:23:21.189161Z,sensor.bed_2_booster_target_speed,4,0
2026-08-17T06:23:21.190302Z,sensor.bed_2_booster_pi_target_speed,4,0
2026-08-17T06:23:21.190815Z,sensor.bed_2_booster_effective_percentage,40,0
2026-08-17T06:24:24.042191Z,sensor.bed_3_temp_temperature,71.24,0
2026-08-17T06:24:24.042681Z,sensor.bed_3_temperature_delta,2.9,0
2026-08-17T06:27:24.707222Z,sensor.kitchen_temp_temperature,67.82,0
2026-08-17T06:27:24.707739Z,sensor.bed_1_temperature_delta,2.7,0
2026-08-17T06:27:24.708102Z,sensor.bed_2_temperature_delta,2.5,0
2026-08-17T06:27:24.708414Z,sensor.bed_3_temperature_delta,3.4,0
2026-08-17T06:27:24.708787Z,sensor.bed_1_booster_target_speed,6,0
2026-08-17T06:27:24.709156Z,sensor.bed_2_booster_target_speed,6,0
2026-08-17T06:27:24.710329Z,sensor.bed_1_booster_pi_target_speed,6,0
2026-08-17T06:27:24.710572Z,sensor.bed_2_booster_pi_target_speed,6,0
2026-08-17T06:27:24.710714Z,sensor.bed_1_booster_effective_percentage,60,0
2026-08-17T06:27:24.711701Z,sensor.bed_2_booster_effective_percentage,60,0
2026-08-17T06:30:46.787503Z,climate.kitchen,cool,0
2026-08-17T06:30:46.797411Z,sensor.kitchen_temperature,71.42,0
2026-08-17T06:32:16.117228Z,sensor.bed_1_temp_temperature,69.62,0
2026-08-17T06:32:16.117716Z,sensor.bed_1_temperature_delta,1.8,0
2026-08-17T06:32:16.118119Z,sensor.bed_1_booster_target_speed,4,0
2026-08-17T06:32:16.119230Z,sensor.bed_1_booster_pi_target_speed,4,0
2026-08-17T06:32:16.119678Z,sensor.bed_1_booster_effective_percentage,40,0
2026-08-17T06:38:19.188589Z,sensor.bed_2_temp_temperature,69.8,0
2026-08-17T06:38:19.189129Z,sensor.bed_2_temperature_delta,2.0,0
2026-08-17T06:38:19.189542Z,sensor.bed_2_booster_target_speed,4,0
2026-08-17T06:38:19.190701Z,sensor.bed_2_booster_pi_target_speed,4,0
2026-08-17T06:38:19.191002Z,sensor.bed_2_booster_effective_percentage,40,0
2026-08-17T06:39:24.379289Z,sensor.bed_3_temp_temperature,70.7,0
2026-08-17T06:39:24.379807Z,sensor.bed_3_temperature_delta,2.9,0
2026-08-17T06:42:22.833769Z,sensor.kitchen_temp_temperature,67.46,0
2026-08-17T06:42:22.834271Z,sensor.bed_1_temperature_delta,2.2,0
2026-08-17T06:42:22.834589Z,sensor.bed_2_temperature_delta,2.3,0
2026-08-17T06:42:22.834895Z,sensor.bed_3_temperature_delta,3.2,0
2026-08-17T06:47:15.991423Z,sensor.bed_1_temp_temperature,69.44,0
2026-08-17T06:47:15.991968Z,sensor.bed_1_temperature_delta,2.0,0
2026-08-17T06:47:52.316180Z,sensor.bed_2_temp_temperature,68.9,0
2026-08-17T06:47:52.316703Z,sensor.bed_2_temperature_delta,1.4,0
2026-08-17T06:47:52.317133Z,sensor.bed_2_booster_target_speed,2,0
2026-08-17T06:47:52.318343Z,sensor.bed_2_booster_pi_target_speed,2,0
2026-08-17T06:47:52.318810Z,sensor.bed_2_booster_effective_percentage,20,0
2026-08-17T06:54:25.544971Z,sensor.bed_3_temp_temperature,70.16,0
2026-08-17T06:54:25.545424Z,sensor.bed_3_temperature_delta,2.7,0
2026-08-17T06:54:25.545771Z,sensor.bed_3_booster_target_speed,6,0
2026-08-17T06:54:25.546823Z,sensor.bed_3_booster_pi_target_speed,6,0
2026-08-17T06:54:25.547252Z,sensor.bed_3_booster_effective_percentage,60,0
2026-08-17T06:55:57.169676Z,climate.kitchen,cool,0
2026-08-17T06:55:57.176087Z,sensor.kitchen_temperature,70.34,0
2026-08-17T06:57:20.039068Z,sensor.kitchen_temp_temperature,66.92,0
2026-08-17T06:57:20.039505Z,sensor.bed_1_temperature_delta,2.5,0
2026-08-17T06:57:20.039794Z,sensor.bed_2_temperature_delta,2.0,0
2026-08-17T06:57:20.040078Z,sensor.bed_3_temperature_delta,3.2,0
2026-08-17T06:57:20.040398Z,sensor.bed_1_booster_target_speed,6,0
2026-08-17T06:57:20.040886Z,sensor.bed_3_booster_target_speed,8,0
2026-08-17T06:57:20.041961Z,sensor.bed_1_booster_pi_target_speed,6,0
2026-08-17T06:57:20.042340Z,sensor.bed_3_booster_pi_target_speed,8,0
2026-08-17T06:57:20.042480Z,sensor.bed_1_booster_effective_percentage,60,0
2026-08-17T06:57:20.042817Z,sensor.bed_3_booster_effective_percentage,80,0
2026-08-17T07:00:55.623182Z,sensor.bed_1_temp_temperature,68.54,0
2026-08-17T07:00:55.623628Z,sensor.bed_1_temperature_delta,1.6,0
2026-08-17T07:00:55.623988Z,sensor.bed_1_booster_target_speed,2,0
2026-08-17T07:00:55.625004Z,sensor.bed_1_booster_pi_target_speed,2,0
2026-08-17T07:00:55.625405Z,sensor.bed_1_booster_effective_percentage,20,0
2026-08-17T07:09:25.884435Z,sensor.bed_3_temp_temperature,69.62,0
2026-08-17T07:09:25.884904Z,sensor.bed_3_temperature_delta,2.7,0
2026-08-17T07:09:25.885256Z,sensor.bed_3_booster_target_speed,6,0
2026-08-17T07:09:25.886317Z,sensor.bed_3_booster_pi_target_speed,6,0
2026-08-17T07:09:25.886715Z,sensor.bed_3_booster_effective_percentage,60,0
2026-08-17T07:12:17.254148Z,sensor.kitchen_temp_temperature,66.38,0
2026-08-17T07:12:17.254639Z,sensor.bed_1_temperature_delta,2.2,0
2026-08-17T07:12:17.254983Z,sensor.bed_2_temperature_delta,2.5,0
2026-08-17T07:12:17.255278Z,sensor.bed_3_temperature_delta,3.2,0
2026-08-17T07:12:17.255625Z,sensor.bed_1_booster_target_speed,4,0
2026-08-17T07:12:17.255965Z,sensor.bed_2_booster_target_speed,6,0
2026-08-17T07:12:17.256280Z,sensor.bed_3_booster_target_speed,8,0
2026-08-17T07:12:17.256903Z,sensor.bed_1_booster_pi_target_speed,4,0
2026-08-17T07:12:17.257147Z,sensor.bed_2_booster_pi_target_speed,6,0
2026-08-17T07:12:17.257386Z,sensor.bed_3_booster_pi_target_speed,8,0
2026-08-17T07:12:17.257528Z,sensor.bed_1_booster_effective_percentage,40,0
2026-08-17T07:12:17.257824Z,sensor.bed_2_booster_effective_percentage,60,0
2026-08-17T07:12:17.258126Z,sensor.bed_3_booster_effective_percentage,80,0
2026-08-17T07:15:56.086551Z,sensor.bed_1_temp_temperature,68.36,0
2026-08-17T07:15:56.087052Z,sensor.bed_1_temperature_delta,2.0,0
2026-08-17T07:17:46.346527Z,sensor.bed_2_temp_temperature,68.36,0
2026-08-17T07:17:46.346732Z,sensor.bed_2_temperature_delta,2.0,0
2026-08-17T07:17:46.346883Z,sensor.bed_2_booster_target_speed,4,0
2026-08-17T07:17:46.347299Z,sensor.bed_2_booster_pi_target_speed,4,0
2026-08-17T07:17:46.347459Z,sensor.bed_2_booster_effective_percentage,40,0
2026-08-17T07:20:00.424776Z,sensor.bed_1_booster_adaptive_boost,1,0
2026-08-17T07:20:00.425389Z,sensor.bed_1_booster_pi_target_speed,5,0
2026-08-17T07:20:00.425972Z,sensor.bed_1_booster_effective_percentage,50,0
2026-08-17T07:20:00.428343Z,sensor.bed_2_booster_adaptive_boost,1,0
2026-08-17T07:20:00.428511Z,sensor.bed_2_booster_pi_target_speed,5,0
2026-08-17T07:20:00.428663Z,sensor.bed_2_booster_effective_percentage,50,0
2026-08-17T07:20:00.429419Z,sensor.bed_3_booster_adaptive_boost,1,0
2026-08-17T07:20:00.429583Z,sensor.bed_3_booster_pi_target_speed,9,0
2026-08-17T07:20:00.429734Z,sensor.bed_3_booster_effective_percentage,90,0
2026-08-17T07:24:26.420099Z,sensor.bed_3_temp_temperature,69.08,0
2026-08-17T07:24:26.420574Z,sensor.bed_3_temperature_delta,2.7,0
2026-08-17T07:24:26.420976Z,sensor.bed_3_booster_target_speed,6,0
2026-08-17T07:24:26.422116Z,sensor.bed_3_booster_pi_target_speed,7,0
2026-08-17T07:24:26.422562Z,sensor.bed_3_booster_effective_percentage,70,0
2026-08-17T07:26:32.581381Z,climate.kitchen,cool,0
2026-08-17T07:26:32.583273Z,sensor.bed_1_booster_adaptive_boost,0,0
2026-08-17T07:26:32.584604Z,sensor.bed_2_booster_adaptive_boost,0,0
2026-08-17T07:26:32.585076Z,sensor.bed_3_booster_adaptive_boost,0,0
2026-08-17T07:26:32.586584Z,sensor.bed_1_booster_pi_target_speed,4,0
2026-08-17T07:26:32.586775Z,sensor.bed_2_booster_pi_target_speed,4,0
2026-08-17T07:26:32.586963Z,sensor.bed_3_booster_pi_target_speed,6,0
2026-08-17T07:26:32.587126Z,sensor.bed_1_booster_effective_percentage,40,0
2026-08-17T07:26:32.587398Z,sensor.bed_2_booster_effective_percentage,40,0
2026-08-17T07:26:32.587654Z,sensor.bed_3_booster_effective_percentage,60,0
2026-08-17T07:26:32.587962Z,sensor.kitchen_temperature,69.44,0
2026-08-17T07:27:13.904642Z,sensor.kitchen_temp_temperature,65.84,0
2026-08-17T07:27:13.905154Z,sensor.bed_1_temperature_delta,2.5,0
2026-08-17T07:27:13.905473Z,sensor.bed_2_temperature_delta,2.5,0
2026-08-17T07:27:13.905766Z,sensor.bed_3_temperature_delta,3.2,0
2026-08-17T07:27:13.906137Z,sensor.bed_1_booster_target_speed,6,0
2026-08-17T07:27:13.906463Z,sensor.bed_2_booster_target_speed,6,0
2026-08-17T07:27:13.906780Z,sensor.bed_3_booster_target_speed,8,0
2026-08-17T07:27:13.907311Z,sensor.bed_1_booster_pi_target_speed,6,0
2026-08-17T07:27:13.907554Z,sensor.bed_2_booster_pi_target_speed,6,0
2026-08-17T07:27:13.907794Z,sensor.bed_3_booster_pi_target_speed,8,0
2026-08-17T07:27:13.907969Z,sensor.bed_1_booster_effective_percentage,60,0
2026-08-17T07:27:13.908264Z,sensor.bed_2_booster_effective_percentage,60,0
2026-08-17T07:27:13.908522Z,sensor.bed_3_booster_effective_percentage,80,0
2026-08-17T07:29:18.200591Z,sensor.bed_1_temp_temperature,67.46,0
2026-08-17T07:29:18.200896Z,sensor.bed_1_temperature_delta,1.6,0
2026-08-17T07:29:18.201108Z,sensor.bed_1_booster_target_speed,2,0
2026-08-17T07:29:18.201808Z,sensor.bed_1_booster_pi_target_speed,2,0
2026-08-17T07:29:18.202064Z,sensor.bed_1_booster_effective_percentage,20,0
2026-08-17T07:32:43.815267Z,sensor.bed_2_temp_temperature,67.82,0
2026-08-17T07:32:43.815747Z,sensor.bed_2_temperature_delta,2.0,0
2026-08-17T07:32:43.816151Z,sensor.bed_2_booster_target_speed,4,0
2026-08-17T07:32:43.817269Z,sensor.bed_2_booster_pi_target_speed,4,0
2026-08-17T07:32:43.817723Z,sensor.bed_2_booster_effective_percentage,40,0
2026-08-17T07:39:29.025179Z,sensor.bed_3_temp_temperature,68.54,0
2026-08-17T07:39:29.025630Z,sensor.bed_3_temperature_delta,2.7,0
2026-08-17T07:39:29.025995Z,sensor.bed_3_booster_target_speed,6,0
2026-08-17T07:39:29.027033Z,sensor.bed_3_booster_pi_target_speed,6,0
2026-08-17T07:39:29.027439Z,sensor.bed_3_booster_effective_percentage,60,0
2026-08-17T07:41:53.545966Z,sensor.bed_2_temp_temperature,66.92,0
2026-08-17T07:41:53.546415Z,sensor.bed_2_temperature_delta,1.1,0
2026-08-17T07:41:53.546762Z,sensor.bed_2_booster_target_speed,0,0
2026-08-17T07:41:53.547786Z,sensor.bed_2_booster_pi_target_speed,0,0
2026-08-17T07:41:53.548209Z,sensor.bed_2_booster_effective_percentage,10,0
2026-08-17T07:42:12.770298Z,sensor.kitchen_temp_temperature,65.3,0
2026-08-17T07:42:12.770806Z,sensor.bed_1_temperature_delta,2.2,0
2026-08-17T07:42:12.771158Z,sensor.bed_2_temperature_delta,1.6,0
2026-08-17T07:42:12.771454Z,sensor.bed_3_temperature_delta,3.2,0
2026-08-17T07:42:12.771796Z,sensor.bed_1_booster_target_speed,4,0
2026-08-17T07:42:12.772141Z,sensor.bed_2_booster_target_speed,2,0
2026-08-17T07:42:12.772456Z,sensor.bed_3_booster_target_speed,8,0
2026-08-17T07:42:12.773535Z,sensor.bed_1_booster_pi_target_speed,4,0
2026-08-17T07:42:12.773788Z,sensor.bed_2_booster_pi_target_speed,2,0
2026-08-17T07:42:12.774067Z,sensor.bed_3_booster_pi_target_speed,8,0
2026-08-17T07:42:12.774215Z,sensor.bed_1_booster_effective_percentage,40,0
2026-08-17T07:42:12.774553Z,sensor.bed_2_booster_effective_percentage,20,0
2026-08-17T07:42:12.774889Z,sensor.bed_3_booster_effective_percentage,80,0
2026-08-17T07:48:31.261547Z,climate.kitchen,cool,0
2026-08-17T07:54:30.298107Z,sensor.bed_3_temp_temperature,67.82,0
2026-08-17T07:54:30.298598Z,sensor.bed_3_temperature_delta,2.5,0
2026-08-17T07:54:30.299003Z,sensor.bed_3_booster_target_speed,6,0
2026-08-17T07:54:30.300137Z,sensor.bed_3_booster_pi_target_speed,6,0
2026-08-17T07:54:30.300565Z,sensor.bed_3_booster_effective_percentage,60,0
2026-08-17T07:58:29.437931Z,climate.kitchen,cool,0
2026-08-17T07:58:29.444223Z,sensor.kitchen_temperature,68.36,0
2026-08-17T07:58:29.517398Z,climate.kitchen,cool,0
2026-08-17T07:59:17.576277Z,sensor.bed_1_temp_temperature,67.1,0
2026-08-17T07:59:17.576760Z,sensor.bed_1_temperature_delta,1.8,0
2026-08-17T07:59:17.577164Z,sensor.bed_1_booster_target_speed,2,0
2026-08-17T07:59:17.578279Z,sensor.bed_1_booster_pi_target_speed,2,0
2026-08-17T07:59:17.578701Z,sensor.bed_1_booster_effective_percentage,20,0
2026-08-17T07:59:44.339900Z,climate.kitchen,cool,0
2026-08-17T08:05:08.647526Z,climate.kitchen,cool,0
2026-08-17T08:05:19.390225Z,climate.kitchen,cool,0
2026-08-17T08:09:31.508097Z,sensor.bed_3_temp_temperature,67.46,0
2026-08-17T08:09:31.508591Z,sensor.bed_3_temperature_delta,2.2,0
2026-08-17T08:09:31.508992Z,sensor.bed_3_booster_target_speed,4,0
2026-08-17T08:09:31.510117Z,sensor.bed_3_booster_pi_target_speed,4,0
2026-08-17T08:09:31.510542Z,sensor.bed_3_booster_effective_percentage,40,0
2026-08-17T08:11:47.084542Z,sensor.bed_2_temp_temperature,67.1,0
2026-08-17T08:11:47.085083Z,sensor.bed_2_temperature_delta,1.8,0
2026-08-17T08:12:06.369808Z,sensor.kitchen_temp_temperature,66.02,0
2026-08-17T08:12:06.370287Z,sensor.bed_1_temperature_delta,1.1,0
2026-08-17T08:12:06.370584Z,sensor.bed_2_temperature_delta,1.1,0
2026-08-17T08:12:06.370905Z,sensor.bed_3_temperature_delta,1.4,0
2026-08-17T08:12:06.371230Z,sensor.bed_1_booster_target_speed,0,0
2026-08-17T08:12:06.371526Z,sensor.bed_2_booster_target_speed,0,0
2026-08-17T08:12:06.371814Z,sensor.bed_3_booster_target_speed,2,0
2026-08-17T08:12:06.372905Z,sensor.bed_1_booster_pi_target_speed,0,0
2026-08-17T08:12:06.373203Z,sensor.bed_2_booster_pi_target_speed,0,0
2026-08-17T08:12:06.373438Z,sensor.bed_3_booster_pi_target_speed,2,0
2026-08-17T08:12:06.373574Z,sensor.bed_1_booster_effective_percentage,0,0
2026-08-17T08:12:06.373863Z,sensor.bed_2_booster_effective_percentage,0,0
2026-08-17T08:12:06.374167Z,sensor.bed_3_booster_effective_percentage,20,0
2026-08-17T08:14:17.249453Z,sensor.bed_1_temp_temperature,67.28,0
2026-08-17T08:14:17.249653Z,sensor.bed_1_temperature_delta,1.3,0
2026-08-17T08:23:45.200550Z,climate.kitchen,cool,0
2026-08-17T08:26:43.853650Z,sensor.bed_2_temp_temperature,67.46,0
2026-08-17T08:26:43.854154Z,sensor.bed_2_temperature_delta,1.4,0
2026-08-17T08:27:03.301080Z,sensor.kitchen_temp_temperature,66.56,0
2026-08-17T08:27:03.301554Z,sensor.bed_1_temperature_delta,0.7,0
2026-08-17T08:27:03.301889Z,sensor.bed_2_temperature_delta,0.9,0
2026-08-17T08:27:03.302176Z,sensor.bed_3_temperature_delta,0.9,0
2026-08-17T08:27:03.302933Z,sensor.bed_3_booster_target_speed,0,0
2026-08-17T08:27:03.303623Z,sensor.bed_3_booster_pi_target_speed,0,0
2026-08-17T08:27:03.303762Z,sensor.bed_3_booster_effective_percentage,0,0
2026-08-17T08:29:15.703942Z,sensor.bed_1_temp_temperature,67.64,0
2026-08-17T08:29:15.704362Z,sensor.bed_1_temperature_delta,1.1,0
2026-08-17T08:39:31.829866Z,sensor.bed_3_temp_temperature,67.28,0
2026-08-17T08:39:31.830361Z,sensor.bed_3_temperature_delta,0.7,0
2026-08-17T08:41:40.769287Z,sensor.bed_2_temp_temperature,67.64,0
2026-08-17T08:41:40.769746Z,sensor.bed_2_temperature_delta,1.1,0
2026-08-17T08:42:00.300800Z,sensor.kitchen_temp_temperature,66.74,0
2026-08-17T08:42:00.301295Z,sensor.bed_1_temperature_delta,0.9,0
2026-08-17T08:42:00.301614Z,sensor.bed_2_temperature_delta,0.9,0
2026-08-17T08:42:00.301923Z,sensor.bed_3_temperature_delta,0.5,0
2026-08-17T08:43:29.624211Z,climate.kitchen,cool,0
2026-08-17T08:44:18.806629Z,sensor.bed_1_temp_temperature,67.82,0
2026-08-17T08:44:18.807133Z,sensor.bed_1_temperature_delta,1.1,0
2026-08-17T08:56:57.897602Z,sensor.kitchen_temp_temperature,66.92,0
2026-08-17T08:56:57.898161Z,sensor.bed_1_temperature_delta,0.9,0
2026-08-17T08:56:57.898515Z,sensor.bed_2_temperature_delta,0.7,0
2026-08-17T08:56:57.898831Z,sensor.bed_3_temperature_delta,0.4,0
2026-08-17T09:11:54.818012Z,sensor.kitchen_temp_temperature,67.1,0
2026-08-17T09:11:54.818467Z,sensor.bed_1_temperature_delta,0.7,0
2026-08-17T09:11:54.818760Z,sensor.bed_2_temperature_delta,0.5,0
2026-08-17T09:11:54.819047Z,sensor.bed_3_temperature_delta,0.2,0
2026-08-17T09:14:17.591508Z,sensor.bed_1_temp_temperature,68.0,0
2026-08-17T09:14:17.592007Z,sensor.bed_1_temperature_delta,0.9,0
2026-08-17T09:26:51.721682Z,sensor.kitchen_temp_temperature,67.28,0
2026-08-17T09:26:51.722223Z,sensor.bed_1_temperature_delta,0.7,0
2026-08-17T09:26:51.722568Z,sensor.bed_2_temperature_delta,0.4,0
2026-08-17T09:26:51.722896Z,sensor.bed_3_temperature_delta,0.0,0
2026-08-17T09:41:49.264027Z,sensor.kitchen_temp_temperature,67.46,0
2026-08-17T09:41:49.264220Z,sensor.bed_1_temperature_delta,0.5,0
2026-08-17T09:41:49.264330Z,sensor.bed_2_temperature_delta,0.2,0
2026-08-17T09:41:49.264428Z,sensor.bed_3_temperature_delta,-0.2,0
2026-08-17T09:49:40.008743Z,climate.kitchen,cool,0
2026-08-17T09:56:25.103252Z,sensor.bed_2_temp_temperature,67.46,0
2026-08-17T09:56:25.103455Z,sensor.bed_2_temperature_delta,0.0,0
2026-08-17T09:59:14.828433Z,sensor.bed_1_temp_temperature,68.18,0
2026-08-17T09:59:14.828968Z,sensor.bed_1_temperature_delta,0.7,0
2026-08-17T10:39:31.643047Z,sensor.bed_3_temp_temperature,67.46,0
2026-08-17T10:39:31.643539Z,sensor.bed_3_temperature_delta,0.0,0
2026-08-17T10:54:34.065339Z,sensor.bed_3_temp_temperature,67.28,0
2026-08-17T10:54:34.065832Z,sensor.bed_3_temperature_delta,-0.2,0
2026-08-17T11:09:33.851216Z,sensor.bed_3_temp_temperature,67.46,0
2026-08-17T11:09:33.851677Z,sensor.bed_3_temperature_delta,0.0,0
2026-08-17T11:11:08.843633Z,sensor.bed_2_temp_temperature,67.28,0
2026-08-17T11:11:08.844106Z,sensor.bed_2_temperature_delta,-0.2,0
2026-08-17T11:29:14.309670Z,sensor.bed_1_temp_temperature,68.36,0
2026-08-17T11:29:14.310174Z,sensor.bed_1_temperature_delta,0.9,0
2026-08-17T11:44:15.282734Z,sensor.bed_1_temp_temperature,68.18,0
2026-08-17T11:44:15.283235Z,sensor.bed_1_temperature_delta,0.7,0
2026-08-17T11:55:59.092075Z,sensor.bed_2_temp_temperature,67.1,0
2026-08-17T11:55:59.092608Z,sensor.bed_2_temperature_delta,-0.4,0
2026-08-17T11:56:27.918921Z,sensor.kitchen_temp_temperature,67.64,0
2026-08-17T11:56:27.919430Z,sensor.bed_1_temperature_delta,0.5,0
2026-08-17T11:56:27.919755Z,sensor.bed_2_temperature_delta,-0.5,0
2026-08-17T11:56:27.920071Z,sensor.bed_3_temperature_delta,-0.2,0
2026-08-17T12:00:12.021047Z,climate.kitchen,cool,0
2026-08-17T12:09:36.005122Z,sensor.bed_3_temp_temperature,67.64,0
2026-08-17T12:09:36.005601Z,sensor.bed_3_temperature_delta,0.0,0
2026-08-17T12:39:36.219341Z,sensor.bed_3_temp_temperature,67.46,0
2026-08-17T12:39:36.219748Z,sensor.bed_3_temperature_delta,-0.2,0
2026-08-17T12:55:45.993670Z,sensor.bed_2_temp_temperature,67.28,0
2026-08-17T12:55:45.994182Z,sensor.bed_2_temperature_delta,-0.4,0
2026-08-17T12:59:12.488416Z,sensor.bed_1_temp_temperature,68.54,0
2026-08-17T12:59:12.488932Z,sensor.bed_1_temperature_delta,0.9,0
2026-08-17T12:59:39.011360Z,climate.kitchen,cool,0
2026-08-17T12:59:39.018130Z,sensor.kitchen_temperature,68.54,0
2026-08-17T13:00:02.940064Z,climate.kitchen,cool,0
2026-08-17T13:00:02.945741Z,sensor.kitchen_temperature,68.0,0
2026-08-17T13:09:36.841892Z,sensor.bed_3_temp_temperature,67.64,0
2026-08-17T13:09:36.842374Z,sensor.bed_3_temperature_delta,0.0,0
2026-08-17T13:10:42.461486Z,sensor.bed_2_temp_temperature,67.46,0
2026-08-17T13:10:42.461962Z,sensor.bed_2_temperature_delta,-0.2,0
2026-08-17T13:14:12.374657Z,sensor.bed_1_temp_temperature,68.72,0
2026-08-17T13:14:12.375165Z,sensor.bed_1_temperature_delta,1.1,0
2026-08-17T13:23:47.536869Z,climate.kitchen,cool,0
2026-08-17T13:23:47.543031Z,sensor.kitchen_temperature,68.54,0
2026-08-17T13:24:36.356580Z,sensor.bed_3_temp_temperature,67.82,0
2026-08-17T13:24:36.357045Z,sensor.bed_3_temperature_delta,0.2,0
2026-08-17T13:25:39.691236Z,sensor.bed_2_temp_temperature,67.82,0
2026-08-17T13:25:39.691779Z,sensor.bed_2_temperature_delta,0.2,0
2026-08-17T13:26:11.734475Z,sensor.kitchen_temp_temperature,67.82,0
2026-08-17T13:26:11.734974Z,sensor.bed_1_temperature_delta,0.9,0
2026-08-17T13:26:11.735291Z,sensor.bed_2_temperature_delta,0.0,0
2026-08-17T13:26:11.735574Z,sensor.bed_3_temperature_delta,0.0,0
2026-08-17T13:39:37.261952Z,sensor.bed_3_temp_temperature,68.0,0
2026-08-17T13:39:37.262430Z,sensor.bed_3_temperature_delta,0.2,0
2026-08-17T13:40:36.729293Z,sensor.bed_2_temp_temperature,68.0,0
2026-08-17T13:40:36.729730Z,sensor.bed_2_temperature_delta,0.2,0
2026-08-17T13:41:11.850741Z,sensor.kitchen_temp_temperature,68.0,0
2026-08-17T13:41:11.851251Z,sensor.bed_1_temperature_delta,0.7,0
2026-08-17T13:41:11.851569Z,sensor.bed_2_temperature_delta,0.0,0
2026-08-17T13:41:11.851871Z,sensor.bed_3_temperature_delta,0.0,0
2026-08-17T13:44:11.109629Z,sensor.bed_1_temp_temperature,68.9,0
2026-08-17T13:44:11.110143Z,sensor.bed_1_temperature_delta,0.9,0
2026-08-17T13:54:38.396661Z,sensor.bed_3_temp_temperature,68.36,0
2026-08-17T13:54:38.397166Z,sensor.bed_3_temperature_delta,0.4,0
2026-08-17T13:55:33.036225Z,sensor.bed_2_temp_temperature,68.54,0
2026-08-17T13:55:33.036724Z,sensor.bed_2_temperature_delta,0.5,0
2026-08-17T13:56:09.559451Z,sensor.kitchen_temp_temperature,68.18,0
2026-08-17T13:56:09.559956Z,sensor.bed_1_temperature_delta,0.7,0
2026-08-17T13:56:09.560282Z,sensor.bed_2_temperature_delta,0.4,0
2026-08-17T13:56:09.560578Z,sensor.bed_3_temperature_delta,0.2,0
2026-08-17T13:59:11.800772Z,sensor.bed_1_temp_temperature,69.08,0
2026-08-17T13:59:11.801289Z,sensor.bed_1_temperature_delta,0.9,0
2026-08-17T14:09:39.886269Z,sensor.bed_3_temp_temperature,68.72,0
2026-08-17T14:09:39.886547Z,sensor.bed_3_temperature_delta,0.5,0
2026-08-17T14:10:30.701425Z,sensor.bed_2_temp_temperature,68.9,0
2026-08-17T14:10:30.701959Z,sensor.bed_2_temperature_delta,0.7,0
2026-08-17T14:11:07.192668Z,sensor.kitchen_temp_temperature,68.36,0
2026-08-17T14:11:07.193172Z,sensor.bed_1_temperature_delta,0.7,0
2026-08-17T14:11:07.193494Z,sensor.bed_2_temperature_delta,0.5,0
2026-08-17T14:11:07.193785Z,sensor.bed_3_temperature_delta,0.4,0
2026-08-17T14:14:14.380461Z,sensor.bed_1_temp_temperature,69.44,0
2026-08-17T14:14:14.380920Z,sensor.bed_1_temperature_delta,1.1,0
2026-08-17T14:15:34.948769Z,climate.kitchen,cool,0
2026-08-17T14:15:34.955270Z,sensor.kitchen_temperature,69.62,0
2026-08-17T14:25:27.917528Z,sensor.bed_2_temp_temperature,69.44,0
2026-08-17T14:25:27.918032Z,sensor.bed_2_temperature_delta,1.1,0
2026-08-17T14:26:06.385828Z,sensor.kitchen_temp_temperature,68.72,0
2026-08-17T14:26:06.386338Z,sensor.bed_1_temperature_delta,0.7,0
2026-08-17T14:26:06.386655Z,sensor.bed_2_temperature_delta,0.7,0
2026-08-17T14:26:06.386961Z,sensor.bed_3_temperature_delta,0.0,0
2026-08-17T14:29:14.289308Z,sensor.bed_1_temp_temperature,69.98,0
2026-08-17T14:29:14.289804Z,sensor.bed_1_temperature_delta,1.3,0
2026-08-17T14:39:40.425999Z,climate.kitchen,cool,0
2026-08-17T14:39:40.607024Z,climate.kitchen,cool,0
2026-08-17T14:39:40.612463Z,sensor.kitchen_temperature,70.52,0
2026-08-17T14:39:41.559160Z,sensor.bed_3_temp_temperature,69.8,0
2026-08-17T14:39:41.559645Z,sensor.bed_3_temperature_delta,1.1,0
2026-08-17T14:40:25.080499Z,sensor.bed_2_temp_temperature,69.8,0
2026-08-17T14:40:25.081023Z,sensor.bed_2_temperature_delta,1.1,0
2026-08-17T14:41:03.656541Z,sensor.kitchen_temp_temperature,68.9,0
2026-08-17T14:41:03.657043Z,sensor.bed_1_temperature_delta,1.1,0
2026-08-17T14:41:03.657362Z,sensor.bed_2_temperature_delta,0.9,0
2026-08-17T14:41:03.657648Z,sensor.bed_3_temperature_delta,0.9,0
2026-08-17T14:44:16.726715Z,sensor.bed_1_temp_temperature,70.7,0
2026-08-17T14:44:16.727175Z,sensor.bed_1_temperature_delta,1.8,0
2026-08-17T14:44:16.727522Z,sensor.bed_1_booster_target_speed,2,0
2026-08-17T14:44:16.728538Z,sensor.bed_1_booster_pi_target_speed,2,0
2026-08-17T14:44:16.728945Z,sensor.bed_1_booster_effective_percentage,20,0
2026-08-17T14:49:22.653835Z,climate.kitchen,cool,0
2026-08-17T14:49:22.663059Z,sensor.kitchen_temperature,70.34,0
2026-08-17T14:54:42.268245Z,sensor.bed_3_temp_temperature,69.98,0
2026-08-17T14:54:42.268474Z,sensor.bed_3_temperature_delta,1.1,0
2026-08-17T14:55:22.851864Z,sensor.bed_2_temp_temperature,70.34,0
2026-08-17T14:55:22.852357Z,sensor.bed_2_temperature_delta,1.4,0
2026-08-17T14:56:01.330960Z,sensor.kitchen_temp_temperature,69.08,0
2026-08-17T14:56:01.331431Z,sensor.bed_1_temperature_delta,1.6,0
2026-08-17T14:56:01.331743Z,sensor.bed_2_temperature_delta,1.3,0
2026-08-17T14:56:01.332053Z,sensor.bed_3_temperature_delta,0.9,0
2026-08-17T14:59:16.738145Z,sensor.bed_1_temp_temperature,71.42,0
2026-08-17T14:59:16.738594Z,sensor.bed_1_temperature_delta,2.3,0
2026-08-17T14:59:16.738960Z,sensor.bed_1_booster_target_speed,4,0
2026-08-17T14:59:16.739981Z,sensor.bed_1_booster_pi_target_speed,4,0
2026-08-17T14:59:16.740369Z,sensor.bed_1_booster_effective_percentage,40,0
2026-08-17T15:05:06.328471Z,climate.kitchen,cool,0
2026-08-17T15:10:20.645278Z,sensor.bed_2_temp_temperature,70.88,0
2026-08-17T15:10:20.645785Z,sensor.bed_2_temperature_delta,1.8,0
2026-08-17T15:10:20.646198Z,sensor.bed_2_booster_target_speed,2,0
2026-08-17T15:10:20.647557Z,sensor.bed_2_booster_pi_target_speed,2,0
2026-08-17T15:10:20.648132Z,sensor.bed_2_booster_effective_percentage,20,0
2026-08-17T15:10:58.739125Z,sensor.kitchen_temp_temperature,69.26,0
2026-08-17T15:10:58.739615Z,sensor.bed_1_temperature_delta,2.2,0
2026-08-17T15:10:58.739954Z,sensor.bed_2_temperature_delta,1.6,0
2026-08-17T15:10:58.740250Z,sensor.bed_3_temperature_delta,0.7,0
2026-08-17T15:14:17.364590Z,sensor.bed_1_temp_temperature,71.96,0
2026-08-17T15:14:17.365105Z,sensor.bed_1_temperature_delta,2.7,0
2026-08-17T15:14:17.365496Z,sensor.bed_1_booster_target_speed,6,0
2026-08-17T15:14:17.366807Z,sensor.bed_1_booster_pi_target_speed,6,0
2026-08-17T15:14:17.367355Z,sensor.bed_1_booster_effective_percentage,60,0
2026-08-17T15:19:24.592218Z,climate.kitchen,cool,0
2026-08-17T15:24:43.448555Z,sensor.bed_3_temp_temperature,70.88,0
2026-08-17T15:24:43.449024Z,sensor.bed_3_temperature_delta,1.6,0
2026-08-17T15:24:43.449374Z,sensor.bed_3_booster_target_speed,2,0
2026-08-17T15:24:43.450581Z,sensor.bed_3_booster_pi_target_speed,2,0
2026-08-17T15:24:43.451074Z,sensor.bed_3_booster_effective_percentage,20,0
2026-08-17T15:25:18.539278Z,sensor.bed_2_temp_temperature,71.6,0
2026-08-17T15:25:18.539774Z,sensor.bed_2_temperature_delta,2.3,0
2026-08-17T15:25:18.540185Z,sensor.bed_2_booster_target_speed,4,0
2026-08-17T15:25:18.541521Z,sensor.bed_2_booster_pi_target_speed,4,0
2026-08-17T15:25:18.541891Z,sensor.bed_2_booster_effective_percentage,40,0
2026-08-17T15:25:57.218365Z,sensor.kitchen_temp_temperature,69.44,0
2026-08-17T15:25:57.218808Z,sensor.bed_1_temperature_delta,2.5,0
2026-08-17T15:25:57.219151Z,sensor.bed_2_temperature_delta,2.2,0
2026-08-17T15:25:57.219419Z,sensor.bed_3_temperature_delta,1.4,0
2026-08-17T15:29:17.932835Z,sensor.bed_1_temp_temperature,72.68,0
2026-08-17T15:29:17.933343Z,sensor.bed_1_temperature_delta,3.2,0
2026-08-17T15:29:17.933727Z,sensor.bed_1_booster_target_speed,8,0
2026-08-17T15:29:17.935073Z,sensor.bed_1_booster_pi_target_speed,8,0
2026-08-17T15:29:17.935576Z,sensor.bed_1_booster_effective_percentage,80,0
2026-08-17T15:29:28.060834Z,climate.kitchen,cool,0
2026-08-17T15:30:22.975974Z,climate.kitchen,cool,0
2026-08-17T15:34:40.029088Z,climate.kitchen,cool,0
2026-08-17T15:39:38.126813Z,climate.kitchen,cool,0
2026-08-17T15:39:45.263805Z,sensor.bed_3_temp_temperature,71.06,0
2026-08-17T15:39:45.264336Z,sensor.bed_3_temperature_delta,1.6,0
2026-08-17T15:40:16.489449Z,sensor.bed_2_temp_temperature,71.96,0
2026-08-17T15:40:16.489989Z,sensor.bed_2_temperature_delta,2.5,0
2026-08-17T15:40:16.490473Z,sensor.bed_2_booster_target_speed,6,0
2026-08-17T15:40:16.491817Z,sensor.bed_2_booster_pi_target_speed,6,0
2026-08-17T15:40:16.492359Z,sensor.bed_2_booster_effective_percentage,60,0
2026-08-17T15:40:54.876000Z,sensor.kitchen_temp_temperature,69.62,0
2026-08-17T15:40:54.876498Z,sensor.bed_1_temperature_delta,3.1,0
2026-08-17T15:40:54.876816Z,sensor.bed_2_temperature_delta,2.3,0
2026-08-17T15:40:54.877135Z,sensor.bed_3_temperature_delta,1.4,0
2026-08-17T15:44:39.987161Z,climate.kitchen,cool,0
2026-08-17T15:54:45.915415Z,sensor.bed_3_temp_temperature,71.42,0
2026-08-17T15:54:45.915965Z,sensor.bed_3_temperature_delta,1.8,0
2026-08-17T15:55:15.036267Z,sensor.bed_2_temp_temperature,72.5,0
2026-08-17T15:55:15.036750Z,sensor.bed_2_temperature_delta,2.9,0
2026-08-17T15:55:53.267286Z,sensor.kitchen_temp_temperature,69.98,0
2026-08-17T15:55:53.267770Z,sensor.bed_1_temperature_delta,2.7,0
2026-08-17T15:55:53.268113Z,sensor.bed_2_temperature_delta,2.5,0
2026-08-17T15:55:53.268405Z,sensor.bed_3_temperature_delta,1.4,0
2026-08-17T15:55:53.268755Z,sensor.bed_1_booster_target_speed,6,0
2026-08-17T15:55:53.270607Z,sensor.bed_1_booster_pi_target_speed,6,0
2026-08-17T15:55:53.270778Z,sensor.bed_1_booster_effective_percentage,60,0
2026-08-17T15:59:18.973318Z,sensor.bed_1_temp_temperature,73.04,0
2026-08-17T15:59:18.973870Z,sensor.bed_1_temperature_delta,3.1,0
2026-08-17T15:59:18.974295Z,sensor.bed_1_booster_target_speed,8,0
2026-08-17T15:59:18.975748Z,sensor.bed_1_booster_pi_target_speed,8,0
2026-08-17T15:59:18.976330Z,sensor.bed_1_booster_effective_percentage,80,0
2026-08-17T16:05:00.423943Z,sensor.bed_1_booster_adaptive_boost,1,0
2026-08-17T16:05:00.424503Z,sensor.bed_1_booster_pi_target_speed,9,0
2026-08-17T16:05:00.425160Z,sensor.bed_1_booster_effective_percentage,90,0
2026-08-17T16:05:00.427776Z,sensor.bed_2_booster_adaptive_boost,1,0
2026-08-17T16:05:00.427954Z,sensor.bed_2_booster_pi_target_speed,7,0
2026-08-17T16:05:00.428141Z,sensor.bed_2_booster_effective_percentage,70,0
2026-08-17T16:09:46.885605Z,sensor.bed_3_temp_temperature,71.96,0
2026-08-17T16:09:46.886122Z,sensor.bed_3_temperature_delta,2.0,0
2026-08-17T16:09:57.277378Z,sensor.bed_3_temp_temperature,71.78,0
2026-08-17T16:09:57.277903Z,sensor.bed_3_temperature_delta,1.8,0
2026-08-17T16:10:13.830588Z,sensor.bed_2_temp_temperature,73.04,0
2026-08-17T16:10:13.831082Z,sensor.bed_2_temperature_delta,3.1,0
2026-08-17T16:10:13.831461Z,sensor.bed_2_booster_target_speed,8,0
2026-08-17T16:10:13.832779Z,sensor.bed_2_booster_pi_target_speed,9,0
2026-08-17T16:10:13.833319Z,sensor.bed_2_booster_effective_percentage,90,0
2026-08-17T16:10:24.390350Z,climate.kitchen,cool,0
2026-08-17T16:10:24.392230Z,sensor.bed_1_booster_adaptive_boost,0,0
2026-08-17T16:10:24.393728Z,sensor.bed_2_booster_adaptive_boost,0,0
2026-08-17T16:10:24.398224Z,sensor.bed_1_booster_pi_target_speed,8,0
2026-08-17T16:10:24.398485Z,sensor.bed_2_booster_pi_target_speed,8,0
2026-08-17T16:10:24.398963Z,sensor.bed_1_booster_effective_percentage,80,0
2026-08-17T16:10:24.399351Z,sensor.bed_2_booster_effective_percentage,80,0
2026-08-17T16:10:50.719864Z,sensor.kitchen_temp_temperature,70.52,0
2026-08-17T16:10:50.720084Z,sensor.bed_1_temperature_delta,2.5,0
2026-08-17T16:10:50.720209Z,sensor.bed_2_temperature_delta,2.5,0
2026-08-17T16:10:50.720319Z,sensor.bed_3_temperature_delta,1.3,0
2026-08-17T16:10:50.720457Z,sensor.bed_1_booster_target_speed,6,0
2026-08-17T16:10:50.720577Z,sensor.bed_2_booster_target_speed,6,0
2026-08-17T16:10:50.720696Z,sensor.bed_3_booster_target_speed,0,0
2026-08-17T16:10:50.721319Z,sensor.bed_1_booster_pi_target_speed,6,0
2026-08-17T16:10:50.721645Z,sensor.bed_2_booster_pi_target_speed,6,0
2026-08-17T16:10:50.721968Z,sensor.bed_3_booster_pi_target_speed,0,0
2026-08-17T16:10:50.722158Z,sensor.bed_1_booster_effective_percentage,60,0
2026-08-17T16:10:50.723558Z,sensor.bed_2_booster_effective_percentage,60,0
2026-08-17T16:10:50.724005Z,sensor.bed_3_booster_effective_percentage,0,0
2026-08-17T16:14:20.211429Z,sensor.bed_1_temp_temperature,73.4,0
2026-08-17T16:14:20.211949Z,sensor.bed_1_temperature_delta,2.9,0
2026-08-17T16:14:40.254697Z,climate.kitchen,cool,0
2026-08-17T16:14:40.261032Z,sensor.kitchen_temperature,70.52,0
2026-08-17T16:16:21.764584Z,sensor.bed_3_temp_temperature,72.5,0
2026-08-17T16:16:21.765054Z,sensor.bed_3_temperature_delta,2.0,0
2026-08-17T16:16:21.765402Z,sensor.bed_3_booster_target_speed,2,0
2026-08-17T16:16:21.766597Z,sensor.bed_3_booster_pi_target_speed,2,0
2026-08-17T16:16:21.767090Z,sensor.bed_3_booster_effective_percentage,20,0
2026-08-17T16:21:30.492053Z,climate.kitchen,cool,0
2026-08-17T16:24:48.490657Z,sensor.bed_3_temp_temperature,72.68,0
2026-08-17T16:24:48.491255Z,sensor.bed_3_temperature_delta,2.2,0
2026-08-17T16:24:48.491700Z,sensor.bed_3_booster_target_speed,4,0
2026-08-17T16:24:48.493004Z,sensor.bed_3_booster_pi_target_speed,4,0
2026-08-17T16:24:48.493176Z,sensor.bed_3_booster_effective_percentage,40,0
2026-08-17T16:25:11.762475Z,sensor.bed_2_temp_temperature,73.58,0
2026-08-17T16:25:11.762996Z,sensor.bed_2_temperature_delta,3.1,0
2026-08-17T16:25:11.763380Z,sensor.bed_2_booster_target_speed,8,0
2026-08-17T16:25:11.764704Z,sensor.bed_2_booster_pi_target_speed,8,0
2026-08-17T16:25:11.765264Z,sensor.bed_2_booster_effective_percentage,80,0
2026-08-17T16:25:32.575293Z,climate.kitchen,cool,0
2026-08-17T16:25:49.255552Z,sensor.kitchen_temp_temperature,70.88,0
2026-08-17T16:25:49.256015Z,sensor.bed_1_temperature_delta,2.5,0
2026-08-17T16:25:49.256306Z,sensor.bed_2_temperature_delta,2.7,0
2026-08-17T16:25:49.256569Z,sensor.bed_3_temperature_delta,1.8,0
2026-08-17T16:25:49.257101Z,sensor.bed_2_booster_target_speed,6,0
2026-08-17T16:25:49.258498Z,sensor.bed_2_booster_pi_target_speed,6,0
2026-08-17T16:25:49.258666Z,sensor.bed_2_booster_effective_percentage,60,0
2026-08-17T16:29:20.994355Z,sensor.bed_1_temp_temperature,73.94,0
2026-08-17T16:29:20.994899Z,sensor.bed_1_temperature_delta,3.1,0
2026-08-17T16:29:20.995316Z,sensor.bed_1_booster_target_speed,8,0
2026-08-17T16:29:20.996753Z,sensor.bed_1_booster_pi_target_speed,8,0
2026-08-17T16:29:20.997333Z,sensor.bed_1_booster_effective_percentage,80,0
2026-08-17T16:39:51.963323Z,sensor.bed_3_temp_temperature,72.86,0
2026-08-17T16:39:51.963770Z,sensor.bed_3_temperature_delta,2.0,0
2026-08-17T16:40:10.606972Z,sensor.bed_2_temp_temperature,74.3,0
2026-08-17T16:40:10.607468Z,sensor.bed_2_temperature_delta,3.4,0
2026-08-17T16:40:10.607865Z,sensor.bed_2_booster_target_speed,8,0
2026-08-17T16:40:10.609219Z,sensor.bed_2_booster_pi_target_speed,8,0
2026-08-17T16:40:10.609743Z,sensor.bed_2_booster_effective_percentage,80,0
2026-08-17T16:40:51.435689Z,sensor.kitchen_temp_temperature,71.24,0
2026-08-17T16:40:51.436159Z,sensor.bed_1_temperature_delta,2.7,0
2026-08-17T16:40:51.436454Z,sensor.bed_2_temperature_delta,3.1,0
2026-08-17T16:40:51.436723Z,sensor.bed_3_temperature_delta,1.6,0
2026-08-17T16:40:51.437058Z,sensor.bed_1_booster_target_speed,6,0
2026-08-17T16:40:51.437538Z,sensor.bed_3_booster_target_speed,2,0
2026-08-17T16:40:51.438617Z,sensor.bed_1_booster_pi_target_speed,6,0
2026-08-17T16:40:51.438905Z,sensor.bed_3_booster_pi_target_speed,2,0
2026-08-17T16:40:51.439074Z,sensor.bed_1_booster_effective_percentage,60,0
2026-08-17T16:40:51.440102Z,sensor.bed_3_booster_effective_percentage,20,0
2026-08-17T16:44:00.322137Z,climate.kitchen,cool,0
2026-08-17T16:44:00.331400Z,sensor.kitchen_temperature,71.6,0
2026-08-17T16:44:21.976099Z,sensor.bed_1_temp_temperature,74.12,0
2026-08-17T16:44:21.976618Z,sensor.bed_1_temperature_delta,2.9,0
2026-08-17T16:45:27.529099Z,climate.kitchen,cool,0
2026-08-17T16:54:54.105853Z,sensor.bed_3_temp_temperature,73.22,0
2026-08-17T16:54:54.106340Z,sensor.bed_3_temperature_delta,2.0,0
2026-08-17T16:55:09.398320Z,sensor.bed_2_temp_temperature,74.84,0
2026-08-17T16:55:09.398755Z,sensor.bed_2_temperature_delta,3.6,0
2026-08-17T16:55:09.399106Z,sensor.bed_2_booster_target_speed,10,0
2026-08-17T16:55:09.400248Z,sensor.bed_2_booster_pi_target_speed,10,0
2026-08-17T16:55:09.400712Z,sensor.bed_2_booster_effective_percentage,100,0
2026-08-17T16:55:52.645364Z,sensor.kitchen_temp_temperature,71.78,0
2026-08-17T16:55:52.645822Z,sensor.bed_1_temperature_delta,2.3,0
2026-08-17T16:55:52.646134Z,sensor.bed_2_temperature_delta,3.1,0
2026-08-17T16:55:52.646409Z,sensor.bed_3_temperature_delta,1.4,0
2026-08-17T16:55:52.646946Z,sensor.bed_2_booster_target_speed,8,0
2026-08-17T16:55:52.648409Z,sensor.bed_2_booster_pi_target_speed,8,0
2026-08-17T16:55:52.648590Z,sensor.bed_2_booster_effective_percentage,80,0
2026-08-17T16:59:23.376836Z,sensor.bed_1_temp_temperature,74.66,0
2026-08-17T16:59:23.377074Z,sensor.bed_1_temperature_delta,2.9,0
2026-08-17T17:09:38.886814Z,climate.kitchen,cool,0
2026-08-17T17:09:56.293721Z,sensor.bed_3_temp_temperature,73.76,0
2026-08-17T17:09:56.293954Z,sensor.bed_3_temperature_delta,2.0,0
2026-08-17T17:10:10.137347Z,sensor.bed_2_temp_temperature,75.38,0
2026-08-17T17:10:10.137902Z,sensor.bed_2_temperature_delta,3.6,0
2026-08-17T17:10:10.138326Z,sensor.bed_2_booster_target_speed,10,0
2026-08-17T17:10:10.139674Z,sensor.bed_2_booster_pi_target_speed,10,0
2026-08-17T17:10:10.140165Z,sensor.bed_2_booster_effective_percentage,100,0
2026-08-17T17:10:52.336746Z,sensor.kitchen_temp_temperature,72.14,0
2026-08-17T17:10:52.337253Z,sensor.bed_1_temperature_delta,2.5,0
2026-08-17T17:10:52.337577Z,sensor.bed_2_temperature_delta,3.2,0
2026-08-17T17:10:52.337888Z,sensor.bed_3_temperature_delta,1.6,0
2026-08-17T17:10:52.338451Z,sensor.bed_2_booster_target_speed,8,0
2026-08-17T17:10:52.340052Z,sensor.bed_2_booster_pi_target_speed,8,0
2026-08-17T17:10:52.340228Z,sensor.bed_2_booster_effective_percentage,80,0
2026-08-17T17:14:27.411853Z,sensor.bed_1_temp_temperature,74.84,0
2026-08-17T17:14:27.412379Z,sensor.bed_1_temperature_delta,2.7,0
2026-08-17T17:19:13.637235Z,sensor.bed_3_temp_temperature,74.12,0
2026-08-17T17:19:13.637762Z,sensor.bed_3_temperature_delta,2.0,0
2026-08-17T17:19:40.716049Z,climate.kitchen,cool,0
2026-08-17T17:19:40.723281Z,sensor.kitchen_temperature,72.5,0
2026-08-17T17:24:58.484205Z,sensor.bed_3_temp_temperature,74.3,0
2026-08-17T17:24:58.484692Z,sensor.bed_3_temperature_delta,2.2,0
2026-08-17T17:24:58.485090Z,sensor.bed_3_booster_target_speed,4,0
2026-08-17T17:24:58.486425Z,sensor.bed_3_booster_pi_target_speed,4,0
2026-08-17T17:24:58.486962Z,sensor.bed_3_booster_effective_percentage,40,0
2026-08-17T17:25:09.942398Z,sensor.bed_2_temp_temperature,75.92,0
2026-08-17T17:25:09.942909Z,sensor.bed_2_temperature_delta,3.8,0
2026-08-17T17:25:09.943298Z,sensor.bed_2_booster_target_speed,10,0
2026-08-17T17:25:09.944604Z,sensor.bed_2_booster_pi_target_speed,10,0
2026-08-17T17:25:09.945055Z,sensor.bed_2_booster_effective_percentage,100,0
2026-08-17T17:25:50.480627Z,sensor.kitchen_temp_temperature,72.32,0
2026-08-17T17:25:50.481146Z,sensor.bed_1_temperature_delta,2.5,0
2026-08-17T17:25:50.481468Z,sensor.bed_2_temperature_delta,3.6,0
2026-08-17T17:25:50.481756Z,sensor.bed_3_temperature_delta,2.0,0
2026-08-17T17:29:30.025224Z,sensor.bed_1_temp_temperature,75.38,0
2026-08-17T17:29:30.025666Z,sensor.bed_1_temperature_delta,3.1,0
2026-08-17T17:29:30.026040Z,sensor.bed_1_booster_target_speed,8,0
2026-08-17T17:29:30.027252Z,sensor.bed_1_booster_pi_target_speed,8,0
2026-08-17T17:29:30.027739Z,sensor.bed_1_booster_effective_percentage,80,0
2026-08-17T17:40:00.289453Z,sensor.bed_3_temp_temperature,74.84,0
2026-08-17T17:40:00.289974Z,sensor.bed_3_temperature_delta,2.5,0
2026-08-17T17:40:00.290352Z,sensor.bed_3_booster_target_speed,6,0
2026-08-17T17:40:00.291685Z,sensor.bed_3_booster_pi_target_speed,6,0
2026-08-17T17:40:00.292108Z,sensor.bed_3_booster_effective_percentage,60,0
2026-08-17T17:40:00.422227Z,sensor.bed_1_booster_adaptive_boost,1,0
2026-08-17T17:40:00.422460Z,sensor.bed_1_booster_pi_target_speed,9,0
2026-08-17T17:40:00.422730Z,sensor.bed_1_booster_effective_percentage,90,0
2026-08-17T17:40:00.424623Z,sensor.bed_3_booster_adaptive_boost,1,0
2026-08-17T17:40:00.424821Z,sensor.bed_3_booster_pi_target_speed,7,0
2026-08-17T17:40:00.425044Z,sensor.bed_3_booster_effective_percentage,70,0
2026-08-17T17:40:09.616890Z,sensor.bed_2_temp_temperature,76.46,0
2026-08-17T17:40:09.617409Z,sensor.bed_2_temperature_delta,4.1,0
2026-08-17T17:40:49.156668Z,sensor.kitchen_temp_temperature,72.86,0
2026-08-17T17:40:49.157170Z,sensor.bed_1_temperature_delta,2.5,0
2026-08-17T17:40:49.157488Z,sensor.bed_2_temperature_delta,3.6,0
2026-08-17T17:40:49.157778Z,sensor.bed_3_temperature_delta,2.0,0
2026-08-17T17:40:49.158143Z,sensor.bed_1_booster_target_speed,6,0
2026-08-17T17:40:49.158669Z,sensor.bed_3_booster_target_speed,4,0
2026-08-17T17:40:49.159914Z,sensor.bed_1_booster_pi_target_speed,7,0
2026-08-17T17:40:49.160222Z,sensor.bed_3_booster_pi_target_speed,5,0
2026-08-17T17:40:49.160387Z,sensor.bed_1_booster_effective_percentage,70,0
2026-08-17T17:40:49.161498Z,sensor.bed_3_booster_effective_percentage,50,0
2026-08-17T17:44:31.637916Z,sensor.bed_1_temp_temperature,75.92,0
2026-08-17T17:44:31.638403Z,sensor.bed_1_temperature_delta,3.1,0
2026-08-17T17:44:31.638781Z,sensor.bed_1_booster_target_speed,8,0
2026-08-17T17:44:31.640110Z,sensor.bed_1_booster_pi_target_speed,9,0
2026-08-17T17:44:31.640630Z,sensor.bed_1_booster_effective_percentage,90,0
2026-08-17T17:44:41.522600Z,climate.kitchen,cool,0
2026-08-17T17:44:41.524513Z,sensor.bed_1_booster_adaptive_boost,0,0
2026-08-17T17:44:41.526446Z,sensor.bed_3_booster_adaptive_boost,0,0
2026-08-17T17:44:41.530236Z,sensor.bed_1_booster_pi_target_speed,8,0
2026-08-17T17:44:41.530672Z,sensor.bed_3_booster_pi_target_speed,4,0
2026-08-17T17:44:41.530964Z,sensor.bed_1_booster_effective_percentage,80,0
2026-08-17T17:44:41.531326Z,sensor.bed_3_booster_effective_percentage,40,0
2026-08-17T17:44:41.531651Z,sensor.kitchen_temperature,73.58,0
2026-08-17T17:46:06.719123Z,climate.kitchen,cool,0
2026-08-17T17:51:09.928619Z,climate.kitchen,cool,0
2026-08-17T17:53:23.354738Z,sensor.kitchen_temp_temperature,73.76,0
2026-08-17T17:53:23.355206Z,sensor.bed_1_temperature_delta,2.2,0
2026-08-17T17:53:23.355499Z,sensor.bed_2_temperature_delta,2.7,0
2026-08-17T17:53:23.355763Z,sensor.bed_3_temperature_delta,1.1,0
2026-08-17T17:53:23.356100Z,sensor.bed_1_booster_target_speed,4,0
2026-08-17T17:53:23.356393Z,sensor.bed_2_booster_target_speed,6,0
2026-08-17T17:53:23.356675Z,sensor.bed_3_booster_target_speed,0,0
2026-08-17T17:53:23.357980Z,sensor.bed_1_booster_pi_target_speed,4,0
2026-08-17T17:53:23.358264Z,sensor.bed_2_booster_pi_target_speed,6,0
2026-08-17T17:53:23.358536Z,sensor.bed_3_booster_pi_target_speed,0,0
2026-08-17T17:53:23.358698Z,sensor.bed_1_booster_effective_percentage,40,0
2026-08-17T17:53:23.359717Z,sensor.bed_2_booster_effective_percentage,60,0
2026-08-17T17:53:23.360033Z,sensor.bed_3_booster_effective_percentage,0,0
2026-08-17T17:53:38.972741Z,sensor.bed_2_temp_temperature,77.36,0
2026-08-17T17:53:38.973274Z,sensor.bed_2_temperature_delta,3.6,0
2026-08-17T17:53:38.973660Z,sensor.bed_2_booster_target_speed,10,0
2026-08-17T17:53:38.975011Z,sensor.bed_2_booster_pi_target_speed,10,0
2026-08-17T17:53:38.975545Z,sensor.bed_2_booster_effective_percentage,100,0
2026-08-17T17:53:49.046488Z,sensor.bed_3_temp_temperature,75.74,0
2026-08-17T17:53:49.047024Z,sensor.bed_3_temperature_delta,2.0,0
2026-08-17T17:53:49.047433Z,sensor.bed_3_booster_target_speed,2,0
2026-08-17T17:53:49.048773Z,sensor.bed_3_booster_pi_target_speed,2,0
2026-08-17T17:53:49.048953Z,sensor.bed_3_booster_effective_percentage,20,0
2026-08-17T17:55:32.894236Z,climate.kitchen,cool,0
2026-08-17T17:55:32.902824Z,sensor.kitchen_temperature,74.66,0
2026-08-17T17:59:33.342334Z,sensor.bed_1_temp_temperature,76.46,0
2026-08-17T17:59:33.342787Z,sensor.bed_1_temperature_delta,2.7,0
2026-08-17T17:59:33.343150Z,sensor.bed_1_booster_target_speed,6,0
2026-08-17T17:59:33.344339Z,sensor.bed_1_booster_pi_target_speed,6,0
2026-08-17T17:59:33.344807Z,sensor.bed_1_booster_effective_percentage,60,0
2026-08-17T18:03:41.615339Z,climate.kitchen,cool,0
2026-08-17T18:08:07.263883Z,climate.kitchen,cool,0
2026-08-17T18:08:07.273588Z,sensor.kitchen_temperature,75.56,0
2026-08-17T18:08:23.047163Z,sensor.kitchen_temp_temperature,74.48,0
2026-08-17T18:08:23.047653Z,sensor.bed_1_temperature_delta,2.0,0
2026-08-17T18:08:23.047999Z,sensor.bed_2_temperature_delta,2.9,0
2026-08-17T18:08:23.048298Z,sensor.bed_3_temperature_delta,1.3,0
2026-08-17T18:08:23.048650Z,sensor.bed_1_booster_target_speed,4,0
2026-08-17T18:08:23.048993Z,sensor.bed_2_booster_target_speed,8,0
2026-08-17T18:08:23.049305Z,sensor.bed_3_booster_target_speed,0,0
2026-08-17T18:08:23.050318Z,sensor.bed_1_booster_pi_target_speed,4,0
2026-08-17T18:08:23.050596Z,sensor.bed_2_booster_pi_target_speed,8,0
2026-08-17T18:08:23.050900Z,sensor.bed_3_booster_pi_target_speed,0,0
2026-08-17T18:08:23.051166Z,sensor.bed_1_booster_effective_percentage,40,0
2026-08-17T18:08:23.052239Z,sensor.bed_2_booster_effective_percentage,80,0
2026-08-17T18:08:23.052586Z,sensor.bed_3_booster_effective_percentage,0,0
2026-08-17T18:08:38.802028Z,sensor.bed_2_temp_temperature,77.72,0
2026-08-17T18:08:38.802506Z,sensor.bed_2_temperature_delta,3.2,0
2026-08-17T18:08:51.843744Z,sensor.bed_3_temp_temperature,76.28,0
2026-08-17T18:08:51.844249Z,sensor.bed_3_temperature_delta,1.8,0
2026-08-17T18:08:51.844627Z,sensor.bed_3_booster_target_speed,2,0
2026-08-17T18:08:51.845966Z,sensor.bed_3_booster_pi_target_speed,2,0
2026-08-17T18:08:51.846306Z,sensor.bed_3_booster_effective_percentage,20,0
2026-08-17T18:14:35.103884Z,sensor.bed_1_temp_temperature,76.82,0
2026-08-17T18:14:35.104383Z,sensor.bed_1_temperature_delta,2.3,0
2026-08-17T18:15:47.957229Z,climate.kitchen,cool,0
2026-08-17T18:15:47.973209Z,sensor.kitchen_temperature,76.46,0
2026-08-17T18:20:11.236522Z,sensor.kitchen_temp_temperature,75.38,0
2026-08-17T18:20:11.237073Z,sensor.bed_1_temperature_delta,1.4,0
2026-08-17T18:20:11.237397Z,sensor.bed_2_temperature_delta,2.3,0
2026-08-17T18:20:11.237696Z,sensor.bed_3_temperature_delta,0.9,0
2026-08-17T18:20:11.238074Z,sensor.bed_1_booster_target_speed,2,0
2026-08-17T18:20:11.238401Z,sensor.bed_2_booster_target_speed,6,0
2026-08-17T18:20:11.238713Z,sensor.bed_3_booster_target_speed,0,0
2026-08-17T18:20:11.239729Z,sensor.bed_1_booster_pi_target_speed,2,0
2026-08-17T18:20:11.240014Z,sensor.bed_2_booster_pi_target_speed,6,0
2026-08-17T18:20:11.240290Z,sensor.bed_3_booster_pi_target_speed,0,0
2026-08-17T18:20:11.240457Z,sensor.bed_1_booster_effective_percentage,20,0
2026-08-17T18:20:11.241549Z,sensor.bed_2_booster_effective_percentage,60,0
2026-08-17T18:20:11.241884Z,sensor.bed_3_booster_effective_percentage,0,0
2026-08-17T18:21:58.011617Z,sensor.bed_3_temp_temperature,77.18,0
2026-08-17T18:21:58.012103Z,sensor.bed_3_temperature_delta,1.8,0
2026-08-17T18:21:58.012459Z,sensor.bed_3_booster_target_speed,2,0
2026-08-17T18:21:58.013672Z,sensor.bed_3_booster_pi_target_speed,2,0
2026-08-17T18:21:58.014164Z,sensor.bed_3_booster_effective_percentage,20,0
2026-08-17T18:23:38.762103Z,sensor.bed_2_temp_temperature,78.44,0
2026-08-17T18:23:38.762592Z,sensor.bed_2_temperature_delta,3.1,0
2026-08-17T18:23:38.762988Z,sensor.bed_2_booster_target_speed,8,0
2026-08-17T18:23:38.764313Z,sensor.bed_2_booster_pi_target_speed,8,0
2026-08-17T18:23:38.764836Z,sensor.bed_2_booster_effective_percentage,80,0
2026-08-17T18:26:20.785673Z,climate.kitchen,cool,0
2026-08-17T18:26:51.949966Z,climate.kitchen,cool,0
2026-08-17T18:26:51.958534Z,sensor.kitchen_temperature,77.54,0
2026-08-17T18:29:36.792998Z,sensor.bed_1_temp_temperature,77.18,0
2026-08-17T18:29:36.793473Z,sensor.bed_1_temperature_delta,1.8,0
2026-08-17T18:30:15.513553Z,climate.kitchen,cool,0
2026-08-17T18:31:51.217929Z,climate.kitchen,cool,0
2026-08-17T18:32:51.364605Z,climate.kitchen,cool,0
2026-08-17T18:34:20.914298Z,climate.kitchen,cool,0
2026-08-17T18:35:11.187938Z,sensor.kitchen_temp_temperature,75.2,0
2026-08-17T18:35:11.188444Z,sensor.bed_1_temperature_delta,2.0,0
2026-08-17T18:35:11.188767Z,sensor.bed_2_temperature_delta,3.2,0
2026-08-17T18:35:11.189077Z,sensor.bed_3_temperature_delta,2.0,0
2026-08-17T18:37:01.470145Z,sensor.bed_3_temp_temperature,77.54,0
2026-08-17T18:37:01.470649Z,sensor.bed_3_temperature_delta,2.3,0
2026-08-17T18:37:01.471054Z,sensor.bed_3_booster_target_speed,4,0
2026-08-17T18:37:01.472440Z,sensor.bed_3_booster_pi_target_speed,4,0
2026-08-17T18:37:01.473017Z,sensor.bed_3_booster_effective_percentage,40,0
2026-08-17T18:37:53.315248Z,climate.kitchen,cool,0
2026-08-17T18:40:22.208195Z,climate.kitchen,cool,0
2026-08-17T18:44:39.237699Z,sensor.bed_1_temp_temperature,76.82,0
2026-08-17T18:44:39.238204Z,sensor.bed_1_temperature_delta,1.6,0
2026-08-17T18:47:51.057704Z,climate.kitchen,cool,0
2026-08-17T18:50:10.983374Z,sensor.kitchen_temp_temperature,75.38,0
2026-08-17T18:50:10.983576Z,sensor.bed_1_temperature_delta,1.4,0
2026-08-17T18:50:10.983688Z,sensor.bed_2_temperature_delta,3.1,0
2026-08-17T18:50:10.983788Z,sensor.bed_3_temperature_delta,2.2,0
2026-08-17T18:50:55.825754Z,climate.kitchen,cool,0
2026-08-17T18:52:04.148803Z,sensor.bed_3_temp_temperature,77.72,0
2026-08-17T18:52:04.149278Z,sensor.bed_3_temperature_delta,2.3,0
2026-08-17T18:53:39.223873Z,sensor.bed_2_temp_temperature,78.08,0
2026-08-17T18:53:39.224366Z,sensor.bed_2_temperature_delta,2.7,0
2026-08-17T18:53:39.224747Z,sensor.bed_2_booster_target_speed,6,0
2026-08-17T18:53:39.226092Z,sensor.bed_2_booster_pi_target_speed,6,0
2026-08-17T18:53:39.226597Z,sensor.bed_2_booster_effective_percentage,60,0
2026-08-17T18:58:27.765070Z,climate.kitchen,cool,0
2026-08-17T18:59:43.416737Z,sensor.bed_1_temp_temperature,77.0,0
2026-08-17T18:59:43.417001Z,sensor.bed_1_temperature_delta,1.6,0
2026-08-17T19:01:28.357566Z,climate.kitchen,cool,0
2026-08-17T19:01:59.166727Z,climate.kitchen,cool,0
2026-08-17T19:03:34.667536Z,climate.kitchen,cool,0
2026-08-17T19:05:09.871097Z,climate.kitchen,cool,0
2026-08-17T19:05:11.599601Z,sensor.kitchen_temp_temperature,75.74,0
2026-08-17T19:05:11.600075Z,sensor.bed_1_temperature_delta,1.3,0
2026-08-17T19:05:11.600365Z,sensor.bed_2_temperature_delta,2.3,0
2026-08-17T19:05:11.600630Z,sensor.bed_3_temperature_delta,2.0,0
2026-08-17T19:05:11.600963Z,sensor.bed_1_booster_target_speed,0,0
2026-08-17T19:05:11.602749Z,sensor.bed_1_booster_pi_target_speed,0,0
2026-08-17T19:05:11.603241Z,sensor.bed_1_booster_effective_percentage,0,0
2026-08-17T19:07:06.823971Z,sensor.bed_3_temp_temperature,77.9,0
2026-08-17T19:07:06.824460Z,sensor.bed_3_temperature_delta,2.2,0
2026-08-17T19:08:39.908156Z,sensor.bed_2_temp_temperature,78.44,0
2026-08-17T19:08:39.908652Z,sensor.bed_2_temperature_delta,2.7,0
2026-08-17T19:10:17.017504Z,climate.kitchen,cool,0
2026-08-17T19:14:44.928198Z,sensor.bed_1_temp_temperature,77.36,0
2026-08-17T19:14:44.928665Z,sensor.bed_1_temperature_delta,1.6,0
2026-08-17T19:14:44.929039Z,sensor.bed_1_booster_target_speed,2,0
2026-08-17T19:14:44.930260Z,sensor.bed_1_booster_pi_target_speed,2,0
2026-08-17T19:14:44.930729Z,sensor.bed_1_booster_effective_percentage,20,0
2026-08-17T19:18:25.716199Z,climate.kitchen,cool,0
2026-08-17T19:18:25.722513Z,climate.kitchen,cool,0
2026-08-17T19:18:25.728454Z,sensor.kitchen_temperature,78.62,0
2026-08-17T19:20:10.615232Z,sensor.kitchen_temp_temperature,76.1,0
2026-08-17T19:20:10.615721Z,sensor.bed_1_temperature_delta,1.3,0
2026-08-17T19:20:10.616061Z,sensor.bed_2_temperature_delta,2.3,0
2026-08-17T19:20:10.616358Z,sensor.bed_3_temperature_delta,1.8,0
2026-08-17T19:20:10.616672Z,sensor.bed_1_booster_target_speed,0,0
2026-08-17T19:20:10.618349Z,sensor.bed_1_booster_pi_target_speed,0,0
2026-08-17T19:20:10.618516Z,sensor.bed_1_booster_effective_percentage,0,0
2026-08-17T19:22:09.932690Z,sensor.bed_3_temp_temperature,78.08,0
2026-08-17T19:22:09.933162Z,sensor.bed_3_temperature_delta,2.0,0
2026-08-17T19:23:39.617016Z,sensor.bed_2_temp_temperature,78.98,0
2026-08-17T19:23:39.617504Z,sensor.bed_2_temperature_delta,2.9,0
2026-08-17T19:29:46.774022Z,sensor.bed_1_temp_temperature,78.08,0
2026-08-17T19:29:46.774507Z,sensor.bed_1_temperature_delta,2.0,0
2026-08-17T19:29:46.774904Z,sensor.bed_1_booster_target_speed,2,0
2026-08-17T19:29:46.776235Z,sensor.bed_1_booster_pi_target_speed,2,0
2026-08-17T19:29:46.776757Z,sensor.bed_1_booster_effective_percentage,20,0
2026-08-17T19:35:11.022009Z,sensor.kitchen_temp_temperature,76.46,0
2026-08-17T19:35:11.022493Z,sensor.bed_1_temperature_delta,1.6,0
2026-08-17T19:35:11.022810Z,sensor.bed_2_temperature_delta,2.5,0
2026-08-17T19:35:11.023114Z,sensor.bed_3_temperature_delta,1.6,0
2026-08-17T19:35:11.023878Z,sensor.bed_3_booster_target_speed,2,0
2026-08-17T19:35:11.024908Z,sensor.bed_3_booster_pi_target_speed,2,0
2026-08-17T19:35:11.025075Z,sensor.bed_3_booster_effective_percentage,20,0
2026-08-17T19:37:14.365413Z,sensor.bed_3_temp_temperature,78.44,0
2026-08-17T19:37:14.365927Z,sensor.bed_3_temperature_delta,2.0,0
2026-08-17T19:37:46.579798Z,climate.kitchen,cool,0
2026-08-17T19:38:41.655347Z,sensor.bed_2_temp_temperature,79.52,0
2026-08-17T19:38:41.655862Z,sensor.bed_2_temperature_delta,3.1,0
2026-08-17T19:38:41.656254Z,sensor.bed_2_booster_target_speed,8,0
2026-08-17T19:38:41.657623Z,sensor.bed_2_booster_pi_target_speed,8,0
2026-08-17T19:38:41.658149Z,sensor.bed_2_booster_effective_percentage,80,0
2026-08-17T19:38:51.203406Z,climate.kitchen,cool,0
2026-08-17T19:39:00.138171Z,climate.kitchen,cool,0
2026-08-17T19:43:59.927460Z,climate.kitchen,cool,0
2026-08-17T19:44:09.141629Z,climate.kitchen,cool,0
2026-08-17T19:44:09.150362Z,sensor.kitchen_temperature,78.44,0
2026-08-17T19:44:49.399933Z,sensor.bed_1_temp_temperature,78.44,0
2026-08-17T19:44:49.400420Z,sensor.bed_1_temperature_delta,2.0,0
2026-08-17T19:49:39.895130Z,climate.kitchen,cool,0
2026-08-17T19:49:51.310789Z,sensor.bed_2_temp_temperature,78.62,0
2026-08-17T19:49:51.311310Z,sensor.bed_2_temperature_delta,2.2,0
2026-08-17T19:49:51.311700Z,sensor.bed_2_booster_target_speed,4,0
2026-08-17T19:49:51.313080Z,sensor.bed_2_booster_pi_target_speed,4,0
2026-08-17T19:49:51.313371Z,sensor.bed_2_booster_effective_percentage,40,0
2026-08-17T19:50:12.438530Z,sensor.kitchen_temp_temperature,75.74,0
2026-08-17T19:50:12.439056Z,sensor.bed_1_temperature_delta,2.7,0
2026-08-17T19:50:12.439383Z,sensor.bed_2_temperature_delta,2.9,0
2026-08-17T19:50:12.439672Z,sensor.bed_3_temperature_delta,2.7,0
2026-08-17T19:50:12.440039Z,sensor.bed_1_booster_target_speed,6,0
2026-08-17T19:50:12.440359Z,sensor.bed_2_booster_target_speed,6,0
2026-08-17T19:50:12.440674Z,sensor.bed_3_booster_target_speed,6,0
2026-08-17T19:50:12.441673Z,sensor.bed_1_booster_pi_target_speed,6,0
2026-08-17T19:50:12.441977Z,sensor.bed_2_booster_pi_target_speed,6,0
2026-08-17T19:50:12.442299Z,sensor.bed_3_booster_pi_target_speed,6,0
2026-08-17T19:50:12.442483Z,sensor.bed_1_booster_effective_percentage,60,0
2026-08-17T19:50:12.442866Z,sensor.bed_2_booster_effective_percentage,60,0
2026-08-17T19:50:12.443202Z,sensor.bed_3_booster_effective_percentage,60,0
2026-08-17T19:52:17.850690Z,sensor.bed_3_temp_temperature,78.62,0
2026-08-17T19:52:17.851196Z,sensor.bed_3_temperature_delta,2.9,0
2026-08-17T19:55:12.975560Z,climate.kitchen,cool,0
2026-08-17T19:55:12.982120Z,sensor.kitchen_temperature,76.64,0
2026-08-17T19:55:12.985902Z,climate.kitchen,cool,0
2026-08-17T19:55:42.589696Z,climate.kitchen,cool,0
2026-08-17T19:58:13.848417Z,climate.kitchen,cool,0
2026-08-17T19:58:13.855018Z,sensor.kitchen_temperature,76.28,0
2026-08-17T19:59:52.989729Z,sensor.bed_1_temp_temperature,77.9,0
2026-08-17T19:59:52.990237Z,sensor.bed_1_temperature_delta,2.2,0
2026-08-17T19:59:52.990627Z,sensor.bed_1_booster_target_speed,4,0
2026-08-17T19:59:52.991754Z,sensor.bed_1_booster_pi_target_speed,4,0
2026-08-17T19:59:52.992200Z,sensor.bed_1_booster_effective_percentage,40,0
2026-08-17T20:05:08.779690Z,climate.kitchen,cool,0
2026-08-17T20:05:09.632395Z,climate.kitchen,cool,0
2026-08-17T20:05:14.331892Z,sensor.kitchen_temp_temperature,75.56,0
2026-08-17T20:05:14.332388Z,sensor.bed_1_temperature_delta,2.3,0
2026-08-17T20:05:14.332711Z,sensor.bed_2_temperature_delta,3.1,0
2026-08-17T20:05:14.333021Z,sensor.bed_3_temperature_delta,3.1,0
2026-08-17T20:05:14.333579Z,sensor.bed_2_booster_target_speed,8,0
2026-08-17T20:05:14.333910Z,sensor.bed_3_booster_target_speed,8,0
2026-08-17T20:05:14.335095Z,sensor.bed_2_booster_pi_target_speed,8,0
2026-08-17T20:05:14.335374Z,sensor.bed_3_booster_pi_target_speed,8,0
2026-08-17T20:05:14.335512Z,sensor.bed_2_booster_effective_percentage,80,0
2026-08-17T20:05:14.335864Z,sensor.bed_3_booster_effective_percentage,80,0
2026-08-17T20:06:06.824626Z,climate.kitchen,cool,0
2026-08-17T20:07:20.796236Z,sensor.bed_3_temp_temperature,78.44,0
2026-08-17T20:07:20.796721Z,sensor.bed_3_temperature_delta,2.9,0
2026-08-17T20:09:37.854706Z,climate.kitchen,cool,0
2026-08-17T20:14:55.935687Z,sensor.bed_1_temp_temperature,78.26,0
2026-08-17T20:14:55.936158Z,sensor.bed_1_temperature_delta,2.7,0
2026-08-17T20:14:55.936515Z,sensor.bed_1_booster_target_speed,6,0
2026-08-17T20:14:55.937548Z,sensor.bed_1_booster_pi_target_speed,6,0
2026-08-17T20:14:55.937960Z,sensor.bed_1_booster_effective_percentage,60,0
2026-08-17T20:15:06.177243Z,climate.kitchen,cool,0
2026-08-17T20:20:14.535139Z,sensor.kitchen_temp_temperature,76.1,0
2026-08-17T20:20:14.535635Z,sensor.bed_1_temperature_delta,2.2,0
2026-08-17T20:20:14.535975Z,sensor.bed_2_temperature_delta,2.5,0
2026-08-17T20:20:14.536268Z,sensor.bed_3_temperature_delta,2.3,0
2026-08-17T20:20:14.536608Z,sensor.bed_1_booster_target_speed,4,0
2026-08-17T20:20:14.536912Z,sensor.bed_2_booster_target_speed,6,0
2026-08-17T20:20:14.537195Z,sensor.bed_3_booster_target_speed,6,0
2026-08-17T20:20:14.538256Z,sensor.bed_1_booster_pi_target_speed,4,0
2026-08-17T20:20:14.538630Z,sensor.bed_2_booster_pi_target_speed,6,0
2026-08-17T20:20:14.538875Z,sensor.bed_3_booster_pi_target_speed,6,0
2026-08-17T20:20:14.539006Z,sensor.bed_1_booster_effective_percentage,40,0
2026-08-17T20:20:14.540013Z,sensor.bed_2_booster_effective_percentage,60,0
2026-08-17T20:20:14.540334Z,sensor.bed_3_booster_effective_percentage,60,0
2026-08-17T20:22:24.662515Z,sensor.bed_3_temp_temperature,77.72,0
2026-08-17T20:22:24.662816Z,sensor.bed_3_temperature_delta,1.6,0
2026-08-17T20:22:24.663052Z,sensor.bed_3_booster_target_speed,2,0
2026-08-17T20:22:24.663705Z,sensor.bed_3_booster_pi_target_speed,2,0
2026-08-17T20:22:24.663965Z,sensor.bed_3_booster_effective_percentage,20,0
2026-08-17T20:24:36.875547Z,climate.kitchen,cool,0
2026-08-17T20:24:36.881501Z,sensor.kitchen_temperature,76.46,0
2026-08-17T20:29:45.336194Z,climate.kitchen,cool,0
2026-08-17T20:29:58.564639Z,sensor.bed_1_temp_temperature,78.62,0
2026-08-17T20:29:58.565201Z,sensor.bed_1_temperature_delta,2.5,0
2026-08-17T20:29:58.565587Z,sensor.bed_1_booster_target_speed,6,0
2026-08-17T20:29:58.566705Z,sensor.bed_1_booster_pi_target_speed,6,0
2026-08-17T20:29:58.567585Z,sensor.bed_1_booster_effective_percentage,60,0
2026-08-17T20:34:56.828469Z,sensor.bed_2_temp_temperature,79.16,0
2026-08-17T20:34:56.828989Z,sensor.bed_2_temperature_delta,3.1,0
2026-08-17T20:34:56.829373Z,sensor.bed_2_booster_target_speed,8,0
2026-08-17T20:34:56.830492Z,sensor.bed_2_booster_pi_target_speed,8,0
2026-08-17T20:34:56.830926Z,sensor.bed_2_booster_effective_percentage,80,0
2026-08-17T20:35:16.711800Z,sensor.kitchen_temp_temperature,76.64,0
2026-08-17T20:35:16.712312Z,sensor.bed_1_temperature_delta,2.0,0
2026-08-17T20:35:16.712630Z,sensor.bed_2_temperature_delta,2.5,0
2026-08-17T20:35:16.712935Z,sensor.bed_3_temperature_delta,1.1,0
2026-08-17T20:35:16.713283Z,sensor.bed_1_booster_target_speed,4,0
2026-08-17T20:35:16.713599Z,sensor.bed_2_booster_target_speed,6,0
2026-08-17T20:35:16.713926Z,sensor.bed_3_booster_target_speed,0,0
2026-08-17T20:35:16.714728Z,sensor.bed_1_booster_pi_target_speed,4,0
2026-08-17T20:35:16.714973Z,sensor.bed_2_booster_pi_target_speed,6,0
2026-08-17T20:35:16.715207Z,sensor.bed_3_booster_pi_target_speed,0,0
2026-08-17T20:35:16.715340Z,sensor.bed_1_booster_effective_percentage,40,0
2026-08-17T20:35:16.716277Z,sensor.bed_2_booster_effective_percentage,60,0
2026-08-17T20:35:16.716592Z,sensor.bed_3_booster_effective_percentage,0,0
2026-08-17T20:35:59.369190Z,climate.kitchen,cool,0
2026-08-17T20:37:27.246875Z,sensor.bed_3_temp_temperature,78.44,0
2026-08-17T20:37:27.247096Z,sensor.bed_3_temperature_delta,1.8,0
2026-08-17T20:37:27.247255Z,sensor.bed_3_booster_target_speed,2,0
2026-08-17T20:37:27.247713Z,sensor.bed_3_booster_pi_target_speed,2,0
2026-08-17T20:37:27.247893Z,sensor.bed_3_booster_effective_percentage,20,0
2026-08-17T20:42:35.691462Z,climate.kitchen,cool,0
2026-08-17T20:42:36.664359Z,climate.kitchen,cool,0
2026-08-17T20:45:00.803428Z,sensor.bed_1_temp_temperature,79.34,0
2026-08-17T20:45:00.803922Z,sensor.bed_1_temperature_delta,2.7,0
2026-08-17T20:45:00.804303Z,sensor.bed_1_booster_target_speed,6,0
2026-08-17T20:45:00.805424Z,sensor.bed_1_booster_pi_target_speed,6,0
2026-08-17T20:45:00.805865Z,sensor.bed_1_booster_effective_percentage,60,0
2026-08-17T20:49:56.751634Z,sensor.bed_2_temp_temperature,79.52,0
2026-08-17T20:49:56.752076Z,sensor.bed_2_temperature_delta,2.9,0
2026-08-17T20:50:17.045490Z,sensor.kitchen_temp_temperature,77.0,0
2026-08-17T20:50:17.045996Z,sensor.bed_1_temperature_delta,2.3,0
2026-08-17T20:50:17.046314Z,sensor.bed_2_temperature_delta,2.5,0
2026-08-17T20:50:17.046599Z,sensor.bed_3_temperature_delta,1.4,0
2026-08-17T20:52:30.558440Z,sensor.bed_3_temp_temperature,78.8,0
2026-08-17T20:52:30.558955Z,sensor.bed_3_temperature_delta,1.8,0
2026-08-17T20:59:40.216797Z,climate.kitchen,cool,0
2026-08-17T20:59:40.224729Z,sensor.kitchen_temperature,77.54,0
2026-08-17T21:00:03.665339Z,sensor.bed_1_temp_temperature,80.06,0
2026-08-17T21:00:03.665829Z,sensor.bed_1_temperature_delta,3.1,0
2026-08-17T21:00:03.666232Z,sensor.bed_1_booster_target_speed,8,0
2026-08-17T21:00:03.667331Z,sensor.bed_1_booster_pi_target_speed,8,0
2026-08-17T21:00:03.667754Z,sensor.bed_1_booster_effective_percentage,80,0
2026-08-17T21:00:38.308435Z,climate.kitchen,cool,0
2026-08-17T21:04:57.412066Z,sensor.bed_2_temp_temperature,79.88,0
2026-08-17T21:04:57.412463Z,sensor.bed_2_temperature_delta,2.9,0
2026-08-17T21:05:17.621703Z,sensor.kitchen_temp_temperature,77.54,0
2026-08-17T21:05:17.622196Z,sensor.bed_1_temperature_delta,2.5,0
2026-08-17T21:05:17.622484Z,sensor.bed_2_temperature_delta,2.3,0
2026-08-17T21:05:17.622744Z,sensor.bed_3_temperature_delta,1.3,0
2026-08-17T21:05:17.623076Z,sensor.bed_1_booster_target_speed,6,0
2026-08-17T21:05:17.623560Z,sensor.bed_3_booster_target_speed,0,0
2026-08-17T21:05:17.624598Z,sensor.bed_1_booster_pi_target_speed,6,0
2026-08-17T21:05:17.625230Z,sensor.bed_3_booster_pi_target_speed,0,0
2026-08-17T21:05:17.625566Z,sensor.bed_1_booster_effective_percentage,60,0
2026-08-17T21:05:17.627933Z,sensor.bed_3_booster_effective_percentage,0,0
2026-08-17T21:07:33.959236Z,sensor.bed_3_temp_temperature,79.16,0
2026-08-17T21:07:33.959723Z,sensor.bed_3_temperature_delta,1.6,0
2026-08-17T21:07:33.960122Z,sensor.bed_3_booster_target_speed,2,0
2026-08-17T21:07:33.961232Z,sensor.bed_3_booster_pi_target_speed,2,0
2026-08-17T21:07:33.961622Z,sensor.bed_3_booster_effective_percentage,20,0
2026-08-17T21:12:42.531214Z,climate.kitchen,cool,0
2026-08-17T21:15:06.232409Z,sensor.bed_1_temp_temperature,80.24,0
2026-08-17T21:15:06.232912Z,sensor.bed_1_temperature_delta,2.7,0
2026-08-17T21:18:12.640149Z,climate.kitchen,cool,0
2026-08-17T21:19:58.374505Z,sensor.bed_2_temp_temperature,80.24,0
2026-08-17T21:19:58.374981Z,sensor.bed_2_temperature_delta,2.7,0
2026-08-17T21:20:17.909483Z,sensor.kitchen_temp_temperature,77.9,0
2026-08-17T21:20:17.909944Z,sensor.bed_1_temperature_delta,2.3,0
2026-08-17T21:20:17.910238Z,sensor.bed_2_temperature_delta,2.3,0
2026-08-17T21:20:17.910503Z,sensor.bed_3_temperature_delta,1.3,0
2026-08-17T21:20:17.911221Z,sensor.bed_3_booster_target_speed,0,0
2026-08-17T21:20:17.912302Z,sensor.bed_3_booster_pi_target_speed,0,0
2026-08-17T21:20:17.912702Z,sensor.bed_3_booster_effective_percentage,10,0
2026-08-17T21:21:41.887671Z,climate.kitchen,cool,0
2026-08-17T21:22:37.251805Z,sensor.bed_3_temp_temperature,79.34,0
2026-08-17T21:22:37.252325Z,sensor.bed_3_temperature_delta,1.4,0
2026-08-17T21:26:59.412297Z,climate.kitchen,cool,0
2026-08-17T21:30:09.050566Z,sensor.bed_1_temp_temperature,79.7,0
2026-08-17T21:30:09.051031Z,sensor.bed_1_temperature_delta,1.8,0
2026-08-17T21:30:09.051386Z,sensor.bed_1_booster_target_speed,2,0
2026-08-17T21:30:09.052402Z,sensor.bed_1_booster_pi_target_speed,2,0
2026-08-17T21:30:09.052806Z,sensor.bed_1_booster_effective_percentage,20,0
2026-08-17T21:33:40.232119Z,sensor.kitchen_temp_temperature,77.0,0
2026-08-17T21:33:40.232641Z,sensor.bed_1_temperature_delta,2.7,0
2026-08-17T21:33:40.233003Z,sensor.bed_2_temperature_delta,3.2,0
2026-08-17T21:33:40.233312Z,sensor.bed_3_temperature_delta,2.3,0
2026-08-17T21:33:40.233688Z,sensor.bed_1_booster_target_speed,6,0
2026-08-17T21:33:40.234025Z,sensor.bed_2_booster_target_speed,8,0
2026-08-17T21:33:40.234332Z,sensor.bed_3_booster_target_speed,4,0
2026-08-17T21:33:40.234944Z,sensor.bed_1_booster_pi_target_speed,6,0
2026-08-17T21:33:40.235184Z,sensor.bed_2_booster_pi_target_speed,8,0
2026-08-17T21:33:40.235419Z,sensor.bed_3_booster_pi_target_speed,4,0
2026-08-17T21:33:40.235559Z,sensor.bed_1_booster_effective_percentage,60,0
2026-08-17T21:33:40.235852Z,sensor.bed_2_booster_effective_percentage,80,0
2026-08-17T21:33:40.236103Z,sensor.bed_3_booster_effective_percentage,40,0
2026-08-17T21:33:49.930951Z,climate.kitchen,cool,0
2026-08-17T21:33:49.953197Z,climate.kitchen,cool,0
2026-08-17T21:33:49.958581Z,sensor.kitchen_temperature,77.18,0
2026-08-17T21:33:52.527523Z,climate.kitchen,cool,0
2026-08-17T21:34:58.865055Z,sensor.bed_2_temp_temperature,80.06,0
2026-08-17T21:34:58.865420Z,sensor.bed_2_temperature_delta,3.1,0
2026-08-17T21:37:40.871581Z,sensor.bed_3_temp_temperature,79.7,0
2026-08-17T21:37:40.872051Z,sensor.bed_3_temperature_delta,2.7,0
2026-08-17T21:37:40.872405Z,sensor.bed_3_booster_target_speed,6,0
2026-08-17T21:37:40.873434Z,sensor.bed_3_booster_pi_target_speed,6,0
2026-08-17T21:37:40.873852Z,sensor.bed_3_booster_effective_percentage,60,0
2026-08-17T21:42:41.842626Z,climate.kitchen,cool,0
2026-08-17T21:45:10.772655Z,climate.kitchen,cool,0
2026-08-17T21:45:11.902096Z,sensor.bed_1_temp_temperature,78.98,0
2026-08-17T21:45:11.902546Z,sensor.bed_1_temperature_delta,2.0,0
2026-08-17T21:45:11.902908Z,sensor.bed_1_booster_target_speed,4,0
2026-08-17T21:45:11.903950Z,sensor.bed_1_booster_pi_target_speed,4,0
2026-08-17T21:45:11.904338Z,sensor.bed_1_booster_effective_percentage,40,0
2026-08-17T21:48:10.843706Z,climate.kitchen,cool,0
2026-08-17T21:48:12.272394Z,climate.kitchen,cool,0
2026-08-17T21:48:12.283098Z,sensor.kitchen_temperature,76.46,0
2026-08-17T21:48:40.701077Z,sensor.kitchen_temp_temperature,76.64,0
2026-08-17T21:48:40.701522Z,sensor.bed_1_temperature_delta,2.3,0
2026-08-17T21:48:40.701813Z,sensor.bed_2_temperature_delta,3.4,0
2026-08-17T21:48:40.702093Z,sensor.bed_3_temperature_delta,3.1,0
2026-08-17T21:48:40.702777Z,sensor.bed_3_booster_target_speed,8,0
2026-08-17T21:48:40.703640Z,sensor.bed_3_booster_pi_target_speed,8,0
2026-08-17T21:48:40.703782Z,sensor.bed_3_booster_effective_percentage,80,0
2026-08-17T21:49:59.651752Z,sensor.bed_2_temp_temperature,79.52,0
2026-08-17T21:49:59.652221Z,sensor.bed_2_temperature_delta,2.9,0
2026-08-17T21:52:44.460157Z,sensor.bed_3_temp_temperature,79.52,0
2026-08-17T21:52:44.460678Z,sensor.bed_3_temperature_delta,2.9,0
2026-08-17T21:53:26.642550Z,climate.kitchen,cool,0
2026-08-17T21:53:26.655763Z,climate.kitchen,cool,0
2026-08-17T21:53:26.660106Z,sensor.kitchen_temperature,76.64,0
2026-08-17T22:00:02.165121Z,climate.kitchen,cool,0
2026-08-17T22:00:14.681872Z,sensor.bed_1_temp_temperature,79.52,0
2026-08-17T22:00:14.682369Z,sensor.bed_1_temperature_delta,2.9,0
2026-08-17T22:00:14.682754Z,sensor.bed_1_booster_target_speed,6,0
2026-08-17T22:00:14.683893Z,sensor.bed_1_booster_pi_target_speed,6,0
2026-08-17T22:00:14.684324Z,sensor.bed_1_booster_effective_percentage,60,0
2026-08-17T22:03:41.146364Z,sensor.kitchen_temp_temperature,77.0,0
2026-08-17T22:03:41.146874Z,sensor.bed_1_temperature_delta,2.5,0
2026-08-17T22:03:41.147191Z,sensor.bed_2_temperature_delta,2.5,0
2026-08-17T22:03:41.147476Z,sensor.bed_3_temperature_delta,2.5,0
2026-08-17T22:03:41.148059Z,sensor.bed_2_booster_target_speed,6,0
2026-08-17T22:03:41.148374Z,sensor.bed_3_booster_target_speed,6,0
2026-08-17T22:03:41.149285Z,sensor.bed_2_booster_pi_target_speed,6,0
2026-08-17T22:03:41.149527Z,sensor.bed_3_booster_pi_target_speed,6,0
2026-08-17T22:03:41.149662Z,sensor.bed_2_booster_effective_percentage,60,0
2026-08-17T22:03:41.150625Z,sensor.bed_3_booster_effective_percentage,60,0
2026-08-17T22:07:47.985025Z,sensor.bed_3_temp_temperature,79.34,0
2026-08-17T22:07:47.985516Z,sensor.bed_3_temperature_delta,2.3,0
2026-08-17T22:08:49.925358Z,climate.kitchen,cool,0
2026-08-17T22:09:49.716182Z,climate.kitchen,cool,0
2026-08-17T22:14:39.383591Z,climate.kitchen,cool,0
2026-08-17T22:14:39.389591Z,sensor.kitchen_temperature,77.54,0
2026-08-17T22:15:17.468791Z,sensor.bed_1_temp_temperature,79.88,0
2026-08-17T22:15:17.469280Z,sensor.bed_1_temperature_delta,2.9,0
2026-08-17T22:19:38.965922Z,climate.kitchen,cool,0
2026-08-17T22:19:38.972426Z,sensor.kitchen_temperature,77.18,0
2026-08-17T22:19:39.043111Z,climate.kitchen,cool,0
2026-08-17T22:20:00.960391Z,sensor.bed_2_temp_temperature,79.7,0
2026-08-17T22:20:00.960829Z,sensor.bed_2_temperature_delta,2.7,0
2026-08-17T22:22:51.674896Z,sensor.bed_3_temp_temperature,79.7,0
2026-08-17T22:22:51.675382Z,sensor.bed_3_temperature_delta,2.7,0
2026-08-17T22:23:44.402191Z,climate.kitchen,cool,0
2026-08-17T22:25:54.663356Z,climate.kitchen,cool,0
2026-08-17T22:28:23.706870Z,climate.kitchen,cool,0
2026-08-17T22:28:23.713460Z,sensor.kitchen_temperature,76.46,0
2026-08-17T22:30:19.797491Z,sensor.bed_1_temp_temperature,79.34,0
2026-08-17T22:30:19.797995Z,sensor.bed_1_temperature_delta,2.3,0
2026-08-17T22:33:33.700979Z,climate.kitchen,cool,0
2026-08-17T22:33:33.709183Z,sensor.kitchen_temperature,76.64,0
2026-08-17T22:35:01.669047Z,sensor.bed_2_temp_temperature,80.06,0
2026-08-17T22:35:01.669530Z,sensor.bed_2_temperature_delta,3.1,0
2026-08-17T22:35:01.669925Z,sensor.bed_2_booster_target_speed,8,0
2026-08-17T22:35:01.670989Z,sensor.bed_2_booster_pi_target_speed,8,0
2026-08-17T22:35:01.671383Z,sensor.bed_2_booster_effective_percentage,80,0
2026-08-17T22:36:08.130976Z,climate.kitchen,cool,0
2026-08-17T22:37:57.506812Z,sensor.bed_3_temp_temperature,79.88,0
2026-08-17T22:37:57.507226Z,sensor.bed_3_temperature_delta,2.9,0
2026-08-17T22:45:22.765745Z,sensor.bed_1_temp_temperature,79.7,0
2026-08-17T22:45:22.766244Z,sensor.bed_1_temperature_delta,2.7,0
2026-08-17T22:47:57.091166Z,climate.kitchen,cool,0
2026-08-17T22:48:33.271759Z,climate.kitchen,cool,0
2026-08-17T22:50:02.401034Z,sensor.bed_2_temp_temperature,79.7,0
2026-08-17T22:50:02.401474Z,sensor.bed_2_temperature_delta,2.7,0
2026-08-17T22:50:02.401828Z,sensor.bed_2_booster_target_speed,6,0
2026-08-17T22:50:02.402880Z,sensor.bed_2_booster_pi_target_speed,6,0
2026-08-17T22:50:02.403276Z,sensor.bed_2_booster_effective_percentage,60,0
2026-08-17T22:54:40.564316Z,climate.kitchen,cool,0
2026-08-17T22:58:41.902600Z,climate.kitchen,cool,0
2026-08-17T22:58:41.908621Z,sensor.kitchen_temperature,77.54,0
2026-08-17T22:58:41.909191Z,climate.kitchen,cool,0
2026-08-17T23:03:45.763808Z,sensor.kitchen_temp_temperature,77.36,0
2026-08-17T23:03:45.764319Z,sensor.bed_1_temperature_delta,2.3,0
2026-08-17T23:03:45.764639Z,sensor.bed_2_temperature_delta,2.3,0
2026-08-17T23:03:45.764944Z,sensor.bed_3_temperature_delta,2.5,0
2026-08-17T23:05:09.339911Z,climate.kitchen,cool,0
2026-08-17T23:15:30.592108Z,sensor.bed_1_temp_temperature,79.16,0
2026-08-17T23:15:30.592626Z,sensor.bed_1_temperature_delta,1.8,0
2026-08-17T23:15:30.593057Z,sensor.bed_1_booster_target_speed,2,0
2026-08-17T23:15:30.594249Z,sensor.bed_1_booster_pi_target_speed,2,0
2026-08-17T23:15:30.594627Z,sensor.bed_1_booster_effective_percentage,20,0
2026-08-17T23:17:58.368231Z,climate.kitchen,cool,0
2026-08-17T23:17:58.374349Z,sensor.kitchen_temperature,77.36,0
2026-08-17T23:18:46.092587Z,sensor.kitchen_temp_temperature,76.64,0
2026-08-17T23:18:46.093096Z,sensor.bed_1_temperature_delta,2.5,0
2026-08-17T23:18:46.093419Z,sensor.bed_2_temperature_delta,3.1,0
2026-08-17T23:18:46.093711Z,sensor.bed_3_temperature_delta,3.2,0
2026-08-17T23:18:46.094094Z,sensor.bed_1_booster_target_speed,6,0
2026-08-17T23:18:46.094423Z,sensor.bed_2_booster_target_speed,8,0
2026-08-17T23:18:46.094753Z,sensor.bed_3_booster_target_speed,8,0
2026-08-17T23:18:46.095385Z,sensor.bed_1_booster_pi_target_speed,6,0
2026-08-17T23:18:46.095631Z,sensor.bed_2_booster_pi_target_speed,8,0
2026-08-17T23:18:46.095877Z,sensor.bed_3_booster_pi_target_speed,8,0
2026-08-17T23:18:46.096017Z,sensor.bed_1_booster_effective_percentage,60,0
2026-08-17T23:18:46.096352Z,sensor.bed_2_booster_effective_percentage,80,0
2026-08-17T23:18:46.096637Z,sensor.bed_3_booster_effective_percentage,80,0
2026-08-17T23:20:09.124728Z,sensor.bed_2_temp_temperature,79.88,0
2026-08-17T23:20:09.125208Z,sensor.bed_2_temperature_delta,3.2,0
2026-08-17T23:23:09.098274Z,sensor.bed_3_temp_temperature,80.06,0
2026-08-17T23:23:09.098806Z,sensor.bed_3_temperature_delta,3.4,0
2026-08-17T23:23:45.308351Z,climate.kitchen,cool,0
2026-08-17T23:30:33.349447Z,sensor.bed_1_temp_temperature,78.8,0
2026-08-17T23:30:33.349956Z,sensor.bed_1_temperature_delta,2.2,0
2026-08-17T23:30:33.350378Z,sensor.bed_1_booster_target_speed,4,0
2026-08-17T23:30:33.351501Z,sensor.bed_1_booster_pi_target_speed,4,0
2026-08-17T23:30:33.351970Z,sensor.bed_1_booster_effective_percentage,40,0
2026-08-17T23:33:48.478809Z,sensor.kitchen_temp_temperature,76.28,0
2026-08-17T23:33:48.479276Z,sensor.bed_1_temperature_delta,2.5,0
2026-08-17T23:33:48.479563Z,sensor.bed_2_temperature_delta,3.6,0
2026-08-17T23:33:48.479826Z,sensor.bed_3_temperature_delta,3.8,0
2026-08-17T23:33:48.480160Z,sensor.bed_1_booster_target_speed,6,0
2026-08-17T23:33:48.480455Z,sensor.bed_2_booster_target_speed,10,0
2026-08-17T23:33:48.480734Z,sensor.bed_3_booster_target_speed,10,0
2026-08-17T23:33:48.481789Z,sensor.bed_1_booster_pi_target_speed,6,0
2026-08-17T23:33:48.482465Z,sensor.bed_2_booster_pi_target_speed,10,0
2026-08-17T23:33:48.483131Z,sensor.bed_3_booster_pi_target_speed,10,0
2026-08-17T23:33:48.483514Z,sensor.bed_1_booster_effective_percentage,60,0
2026-08-17T23:33:48.490479Z,sensor.bed_2_booster_effective_percentage,100,0
2026-08-17T23:33:48.491306Z,sensor.bed_3_booster_effective_percentage,100,0
2026-08-17T23:35:09.519506Z,sensor.bed_2_temp_temperature,79.16,0
2026-08-17T23:35:09.520005Z,sensor.bed_2_temperature_delta,2.9,0
2026-08-17T23:35:09.520388Z,sensor.bed_2_booster_target_speed,8,0
2026-08-17T23:35:09.521509Z,sensor.bed_2_booster_pi_target_speed,8,0
2026-08-17T23:35:09.521981Z,sensor.bed_2_booster_effective_percentage,80,0
2026-08-17T23:38:12.451501Z,sensor.bed_3_temp_temperature,79.88,0
2026-08-17T23:38:12.452014Z,sensor.bed_3_temperature_delta,3.6,0
2026-08-17T23:42:15.653759Z,climate.kitchen,cool,0
2026-08-17T23:45:36.138879Z,sensor.bed_1_temp_temperature,78.26,0
2026-08-17T23:45:36.139315Z,sensor.bed_1_temperature_delta,2.0,0
2026-08-17T23:45:36.139664Z,sensor.bed_1_booster_target_speed,4,0
2026-08-17T23:45:36.140668Z,sensor.bed_1_booster_pi_target_speed,4,0
2026-08-17T23:45:36.141094Z,sensor.bed_1_booster_effective_percentage,40,0
2026-08-17T23:48:48.539546Z,sensor.kitchen_temp_temperature,75.92,0
2026-08-17T23:48:48.540023Z,sensor.bed_1_temperature_delta,2.3,0
2026-08-17T23:48:48.540318Z,sensor.bed_2_temperature_delta,3.2,0
2026-08-17T23:48:48.540585Z,sensor.bed_3_temperature_delta,4.0,0
2026-08-17T23:49:43.024433Z,sensor.bed_3_temp_temperature,78.98,0
2026-08-17T23:49:43.024970Z,sensor.bed_3_temperature_delta,3.1,0
2026-08-17T23:49:43.025374Z,sensor.bed_3_booster_target_speed,8,0
2026-08-17T23:49:43.026478Z,sensor.bed_3_booster_pi_target_speed,8,0
2026-08-17T23:49:43.026921Z,sensor.bed_3_booster_effective_percentage,80,0
2026-08-17T23:49:53.650809Z,climate.kitchen,cool,0
2026-08-17T23:49:53.657338Z,sensor.kitchen_temperature,76.46,0
2026-08-17T23:50:10.154191Z,sensor.bed_2_temp_temperature,78.62,0
2026-08-17T23:50:10.154685Z,sensor.bed_2_temperature_delta,2.7,0
2026-08-17T23:50:10.155093Z,sensor.bed_2_booster_target_speed,6,0
2026-08-17T23:50:10.156212Z,sensor.bed_2_booster_pi_target_speed,6,0
2026-08-17T23:50:10.156639Z,sensor.bed_2_booster_effective_percentage,60,0
2026-08-17T23:59:39.921148Z,climate.kitchen,cool,0
2026-08-18T00:03:48.483583Z,sensor.kitchen_temp_temperature,76.46,0
2026-08-18T00:03:48.484060Z,sensor.bed_1_temperature_delta,1.8,0
2026-08-18T00:03:48.484354Z,sensor.bed_2_temperature_delta,2.2,0
2026-08-18T00:03:48.484621Z,sensor.bed_3_temperature_delta,2.5,0
2026-08-18T00:03:48.485147Z,sensor.bed_2_booster_target_speed,4,0
2026-08-18T00:03:48.485431Z,sensor.bed_3_booster_target_speed,6,0
2026-08-18T00:03:48.486365Z,sensor.bed_2_booster_pi_target_speed,4,0
2026-08-18T00:03:48.486603Z,sensor.bed_3_booster_pi_target_speed,6,0
2026-08-18T00:03:48.486735Z,sensor.bed_2_booster_effective_percentage,40,0
2026-08-18T00:03:48.487775Z,sensor.bed_3_booster_effective_percentage,60,0
2026-08-18T00:04:46.648664Z,sensor.bed_3_temp_temperature,78.8,0
2026-08-18T00:04:46.649181Z,sensor.bed_3_temperature_delta,2.3,0
2026-08-18T00:05:10.636359Z,sensor.bed_2_temp_temperature,78.8,0
2026-08-18T00:05:10.636835Z,sensor.bed_2_temperature_delta,2.3,0
2026-08-18T00:08:58.226810Z,climate.kitchen,cool,0
2026-08-18T00:15:41.133910Z,sensor.bed_1_temp_temperature,78.62,0
2026-08-18T00:15:41.134343Z,sensor.bed_1_temperature_delta,2.2,0
2026-08-18T00:18:49.327944Z,sensor.kitchen_temp_temperature,77.0,0
2026-08-18T00:18:49.328399Z,sensor.bed_1_temperature_delta,1.6,0
2026-08-18T00:18:49.328695Z,sensor.bed_2_temperature_delta,1.8,0
2026-08-18T00:18:49.328982Z,sensor.bed_3_temperature_delta,1.8,0
2026-08-18T00:18:49.329301Z,sensor.bed_1_booster_target_speed,2,0
2026-08-18T00:18:49.329600Z,sensor.bed_2_booster_target_speed,2,0
2026-08-18T00:18:49.329871Z,sensor.bed_3_booster_target_speed,2,0
2026-08-18T00:18:49.330870Z,sensor.bed_1_booster_pi_target_speed,2,0
2026-08-18T00:18:49.331496Z,sensor.bed_2_booster_pi_target_speed,2,0
2026-08-18T00:18:49.332112Z,sensor.bed_3_booster_pi_target_speed,2,0
2026-08-18T00:18:49.332444Z,sensor.bed_1_booster_effective_percentage,20,0
2026-08-18T00:18:49.334826Z,sensor.bed_2_booster_effective_percentage,20,0
2026-08-18T00:18:49.337937Z,sensor.bed_3_booster_effective_percentage,20,0
2026-08-18T00:19:49.645875Z,sensor.bed_2_temp_temperature,79.7,0
2026-08-18T00:19:49.646360Z,sensor.bed_2_temperature_delta,2.7,0
2026-08-18T00:19:49.646740Z,sensor.bed_2_booster_target_speed,6,0
2026-08-18T00:19:49.647862Z,sensor.bed_2_booster_pi_target_speed,6,0
2026-08-18T00:19:49.648265Z,sensor.bed_2_booster_effective_percentage,60,0
2026-08-18T00:19:49.954054Z,sensor.bed_3_temp_temperature,79.52,0
2026-08-18T00:19:49.954535Z,sensor.bed_3_temperature_delta,2.5,0
2026-08-18T00:19:49.954935Z,sensor.bed_3_booster_target_speed,6,0
2026-08-18T00:19:49.956077Z,sensor.bed_3_booster_pi_target_speed,6,0
2026-08-18T00:19:49.956497Z,sensor.bed_3_booster_effective_percentage,60,0
2026-08-18T00:27:27.723671Z,climate.kitchen,cool,0
2026-08-18T00:30:43.684137Z,sensor.bed_1_temp_temperature,79.16,0
2026-08-18T00:30:43.684629Z,sensor.bed_1_temperature_delta,2.2,0
2026-08-18T00:30:43.685031Z,sensor.bed_1_booster_target_speed,4,0
2026-08-18T00:30:43.686145Z,sensor.bed_1_booster_pi_target_speed,4,0
2026-08-18T00:30:43.686574Z,sensor.bed_1_booster_effective_percentage,40,0
2026-08-18T00:34:39.966759Z,climate.kitchen,cool,0
2026-08-18T00:34:50.432952Z,sensor.bed_2_temp_temperature,79.16,0
2026-08-18T00:34:50.433431Z,sensor.bed_2_temperature_delta,2.2,0
2026-08-18T00:34:50.433807Z,sensor.bed_2_booster_target_speed,4,0
2026-08-18T00:34:50.434983Z,sensor.bed_2_booster_pi_target_speed,4,0
2026-08-18T00:34:50.435429Z,sensor.bed_2_booster_effective_percentage,40,0
2026-08-18T00:34:54.111545Z,sensor.bed_3_temp_temperature,79.7,0
2026-08-18T00:34:54.112011Z,sensor.bed_3_temperature_delta,2.7,0
2026-08-18T00:44:10.207538Z,sensor.bed_1_temp_temperature,78.26,0
2026-08-18T00:44:10.208030Z,sensor.bed_1_temperature_delta,1.3,0
2026-08-18T00:44:10.208414Z,sensor.bed_1_booster_target_speed,0,0
2026-08-18T00:44:10.209520Z,sensor.bed_1_booster_pi_target_speed,0,0
2026-08-18T00:44:10.209975Z,sensor.bed_1_booster_effective_percentage,10,0
2026-08-18T00:48:09.462569Z,sensor.kitchen_temp_temperature,76.1,0
2026-08-18T00:48:09.463024Z,sensor.bed_1_temperature_delta,2.2,0
2026-08-18T00:48:09.463311Z,sensor.bed_2_temperature_delta,3.1,0
2026-08-18T00:48:09.463574Z,sensor.bed_3_temperature_delta,3.6,0
2026-08-18T00:48:09.463905Z,sensor.bed_1_booster_target_speed,4,0
2026-08-18T00:48:09.464199Z,sensor.bed_2_booster_target_speed,8,0
2026-08-18T00:48:09.464483Z,sensor.bed_3_booster_target_speed,10,0
2026-08-18T00:48:09.465543Z,sensor.bed_1_booster_pi_target_speed,4,0
2026-08-18T00:48:09.468306Z,sensor.bed_2_booster_pi_target_speed,8,0
2026-08-18T00:48:09.469054Z,sensor.bed_3_booster_pi_target_speed,10,0
2026-08-18T00:48:09.469453Z,sensor.bed_1_booster_effective_percentage,40,0
2026-08-18T00:48:09.471645Z,sensor.bed_2_booster_effective_percentage,80,0
2026-08-18T00:48:09.472517Z,sensor.bed_3_booster_effective_percentage,100,0
2026-08-18T00:49:02.362163Z,climate.kitchen,cool,0
2026-08-18T00:49:03.976028Z,climate.kitchen,cool,0
2026-08-18T00:49:51.005726Z,sensor.bed_2_temp_temperature,78.8,0
2026-08-18T00:49:51.006242Z,sensor.bed_2_temperature_delta,2.7,0
2026-08-18T00:49:51.006625Z,sensor.bed_2_booster_target_speed,6,0
2026-08-18T00:49:51.007729Z,sensor.bed_2_booster_pi_target_speed,6,0
2026-08-18T00:49:51.008176Z,sensor.bed_2_booster_effective_percentage,60,0
2026-08-18T00:51:32.611294Z,climate.kitchen,cool,0
2026-08-18T00:55:22.608500Z,sensor.bed_3_temp_temperature,78.8,0
2026-08-18T00:55:22.609026Z,sensor.bed_3_temperature_delta,2.7,0
2026-08-18T00:55:22.609414Z,sensor.bed_3_booster_target_speed,6,0
2026-08-18T00:55:22.610548Z,sensor.bed_3_booster_pi_target_speed,6,0
2026-08-18T00:55:22.610988Z,sensor.bed_3_booster_effective_percentage,60,0
2026-08-18T00:59:12.241643Z,sensor.bed_1_temp_temperature,78.08,0
2026-08-18T00:59:12.242181Z,sensor.bed_1_temperature_delta,2.0,0
2026-08-18T01:03:09.449149Z,sensor.kitchen_temp_temperature,76.28,0
2026-08-18T01:03:09.449580Z,sensor.bed_1_temperature_delta,1.8,0
2026-08-18T01:03:09.449882Z,sensor.bed_2_temperature_delta,2.5,0
2026-08-18T01:03:09.450147Z,sensor.bed_3_temperature_delta,2.5,0
2026-08-18T01:03:09.450464Z,sensor.bed_1_booster_target_speed,2,0
2026-08-18T01:03:09.451925Z,sensor.bed_1_booster_pi_target_speed,2,0
2026-08-18T01:03:09.452304Z,sensor.bed_1_booster_effective_percentage,20,0
2026-08-18T01:04:51.202628Z,sensor.bed_2_temp_temperature,78.44,0
2026-08-18T01:04:51.203132Z,sensor.bed_2_temperature_delta,2.2,0
2026-08-18T01:04:51.203508Z,sensor.bed_2_booster_target_speed,4,0
2026-08-18T01:04:51.204625Z,sensor.bed_2_booster_pi_target_speed,4,0
2026-08-18T01:04:51.205070Z,sensor.bed_2_booster_effective_percentage,40,0
2026-08-18T01:09:59.885576Z,climate.kitchen,cool,0
2026-08-18T01:10:27.679302Z,sensor.bed_3_temp_temperature,78.98,0
2026-08-18T01:10:27.679680Z,sensor.bed_3_temperature_delta,2.7,0
2026-08-18T01:10:53.671471Z,climate.kitchen,cool,0
2026-08-18T01:16:03.755804Z,climate.kitchen,cool,0
2026-08-18T01:18:09.663976Z,sensor.kitchen_temp_temperature,76.64,0
2026-08-18T01:18:09.664410Z,sensor.bed_1_temperature_delta,1.4,0
2026-08-18T01:18:09.664699Z,sensor.bed_2_temperature_delta,1.8,0
2026-08-18T01:18:09.664981Z,sensor.bed_3_temperature_delta,2.3,0
2026-08-18T01:18:09.665486Z,sensor.bed_2_booster_target_speed,2,0
2026-08-18T01:18:09.666752Z,sensor.bed_2_booster_pi_target_speed,2,0
2026-08-18T01:18:09.666919Z,sensor.bed_2_booster_effective_percentage,20,0
2026-08-18T01:19:51.699564Z,sensor.bed_2_temp_temperature,79.16,0
2026-08-18T01:19:51.700089Z,sensor.bed_2_temperature_delta,2.5,0
2026-08-18T01:19:51.700469Z,sensor.bed_2_booster_target_speed,6,0
2026-08-18T01:19:51.701599Z,sensor.bed_2_booster_pi_target_speed,6,0
2026-08-18T01:19:51.702041Z,sensor.bed_2_booster_effective_percentage,60,0
2026-08-18T01:25:30.598262Z,sensor.bed_3_temp_temperature,79.34,0
2026-08-18T01:25:30.598679Z,sensor.bed_3_temperature_delta,2.7,0
2026-08-18T01:29:16.748198Z,sensor.bed_1_temp_temperature,78.62,0
2026-08-18T01:29:16.748637Z,sensor.bed_1_temperature_delta,2.0,0
2026-08-18T01:32:14.809822Z,climate.kitchen,cool,0
2026-08-18T01:32:16.152577Z,climate.kitchen,cool,0
2026-08-18T01:32:16.250718Z,climate.kitchen,cool,0
2026-08-18T01:33:09.985500Z,sensor.kitchen_temp_temperature,77.36,0
2026-08-18T01:33:09.985957Z,sensor.bed_1_temperature_delta,1.3,0
2026-08-18T01:33:09.986248Z,sensor.bed_2_temperature_delta,1.8,0
2026-08-18T01:33:09.986510Z,sensor.bed_3_temperature_delta,2.0,0
2026-08-18T01:33:09.986828Z,sensor.bed_1_booster_target_speed,0,0
2026-08-18T01:33:09.987158Z,sensor.bed_2_booster_target_speed,2,0
2026-08-18T01:33:09.987447Z,sensor.bed_3_booster_target_speed,4,0
2026-08-18T01:33:09.988590Z,sensor.bed_1_booster_pi_target_speed,0,0
2026-08-18T01:33:09.988906Z,sensor.bed_2_booster_pi_target_speed,2,0
2026-08-18T01:33:09.989143Z,sensor.bed_3_booster_pi_target_speed,4,0
2026-08-18T01:33:09.989281Z,sensor.bed_1_booster_effective_percentage,10,0
2026-08-18T01:33:09.989626Z,sensor.bed_2_booster_effective_percentage,20,0
2026-08-18T01:33:09.989903Z,sensor.bed_3_booster_effective_percentage,40,0
2026-08-18T01:34:38.816079Z,climate.kitchen,cool,0
2026-08-18T01:34:38.822504Z,sensor.kitchen_temperature,77.54,0
2026-08-18T01:34:51.827789Z,sensor.bed_2_temp_temperature,79.52,0
2026-08-18T01:34:51.828296Z,sensor.bed_2_temperature_delta,2.2,0
2026-08-18T01:34:51.828678Z,sensor.bed_2_booster_target_speed,4,0
2026-08-18T01:34:51.829781Z,sensor.bed_2_booster_pi_target_speed,4,0
2026-08-18T01:34:51.830245Z,sensor.bed_2_booster_effective_percentage,40,0
2026-08-18T01:39:39.462434Z,climate.kitchen,cool,0
2026-08-18T01:39:39.468618Z,sensor.kitchen_temperature,77.36,0
2026-08-18T01:40:34.195073Z,sensor.bed_3_temp_temperature,79.52,0
2026-08-18T01:40:34.195523Z,sensor.bed_3_temperature_delta,2.2,0
2026-08-18T01:41:45.643407Z,climate.kitchen,cool,0
2026-08-18T01:43:50.251523Z,sensor.kitchen_temp_temperature,76.46,0
2026-08-18T01:43:50.252035Z,sensor.bed_1_temperature_delta,2.2,0
2026-08-18T01:43:50.252353Z,sensor.bed_2_temperature_delta,3.1,0
2026-08-18T01:43:50.252643Z,sensor.bed_3_temperature_delta,3.1,0
2026-08-18T01:43:50.253002Z,sensor.bed_1_booster_target_speed,4,0
2026-08-18T01:43:50.253323Z,sensor.bed_2_booster_target_speed,8,0
2026-08-18T01:43:50.253628Z,sensor.bed_3_booster_target_speed,8,0
2026-08-18T01:43:50.254596Z,sensor.bed_1_booster_pi_target_speed,4,0
2026-08-18T01:43:50.254836Z,sensor.bed_2_booster_pi_target_speed,8,0
2026-08-18T01:43:50.255077Z,sensor.bed_3_booster_pi_target_speed,8,0
2026-08-18T01:43:50.255213Z,sensor.bed_1_booster_effective_percentage,40,0
2026-08-18T01:43:50.255548Z,sensor.bed_2_booster_effective_percentage,80,0
2026-08-18T01:43:50.255852Z,sensor.bed_3_booster_effective_percentage,80,0
2026-08-18T01:44:19.456532Z,sensor.bed_1_temp_temperature,78.08,0
2026-08-18T01:44:19.456995Z,sensor.bed_1_temperature_delta,1.6,0
2026-08-18T01:44:19.457344Z,sensor.bed_1_booster_target_speed,2,0
2026-08-18T01:44:19.458347Z,sensor.bed_1_booster_pi_target_speed,2,0
2026-08-18T01:44:19.458759Z,sensor.bed_1_booster_effective_percentage,20,0
2026-08-18T01:44:21.361234Z,climate.kitchen,cool,0
2026-08-18T01:45:49.869380Z,climate.kitchen,cool,0
2026-08-18T01:46:48.572517Z,climate.kitchen,cool,0
2026-08-18T01:46:48.580464Z,sensor.kitchen_temperature,76.46,0
2026-08-18T01:49:53.696660Z,sensor.bed_2_temp_temperature,78.98,0
2026-08-18T01:49:53.697124Z,sensor.bed_2_temperature_delta,2.5,0
2026-08-18T01:49:53.697472Z,sensor.bed_2_booster_target_speed,6,0
2026-08-18T01:49:53.698487Z,sensor.bed_2_booster_pi_target_speed,6,0
2026-08-18T01:49:53.698898Z,sensor.bed_2_booster_effective_percentage,60,0
2026-08-18T01:54:46.185935Z,climate.kitchen,cool,0
2026-08-18T01:55:40.294825Z,sensor.bed_3_temp_temperature,79.16,0
2026-08-18T01:55:40.295344Z,sensor.bed_3_temperature_delta,2.7,0
2026-08-18T01:55:40.295735Z,sensor.bed_3_booster_target_speed,6,0
2026-08-18T01:55:40.296868Z,sensor.bed_3_booster_pi_target_speed,6,0
2026-08-18T01:55:40.297303Z,sensor.bed_3_booster_effective_percentage,60,0
2026-08-18T01:56:10.229638Z,climate.kitchen,cool,0
2026-08-18T01:59:24.015635Z,sensor.bed_1_temp_temperature,77.9,0
2026-08-18T01:59:24.016139Z,sensor.bed_1_temperature_delta,1.4,0
2026-08-18T02:04:55.152360Z,sensor.bed_2_temp_temperature,78.8,0
2026-08-18T02:04:55.152879Z,sensor.bed_2_temperature_delta,2.3,0
2026-08-18T02:05:10.295809Z,climate.kitchen,cool,0
2026-08-18T02:10:20.146911Z,climate.kitchen,cool,0
2026-08-18T02:13:52.005755Z,sensor.kitchen_temp_temperature,77.0,0
2026-08-18T02:13:52.006143Z,sensor.bed_1_temperature_delta,0.9,0
2026-08-18T02:13:52.006377Z,sensor.bed_2_temperature_delta,1.8,0
2026-08-18T02:13:52.006590Z,sensor.bed_3_temperature_delta,2.2,0
2026-08-18T02:13:52.006856Z,sensor.bed_1_booster_target_speed,0,0
2026-08-18T02:13:52.007091Z,sensor.bed_2_booster_target_speed,2,0
2026-08-18T02:13:52.007317Z,sensor.bed_3_booster_target_speed,4,0
2026-08-18T02:13:52.008186Z,sensor.bed_1_booster_pi_target_speed,0,0
2026-08-18T02:13:52.008712Z,sensor.bed_2_booster_pi_target_speed,2,0
2026-08-18T02:13:52.009249Z,sensor.bed_3_booster_pi_target_speed,4,0
2026-08-18T02:13:52.009538Z,sensor.bed_1_booster_effective_percentage,0,0
2026-08-18T02:13:52.010313Z,sensor.bed_2_booster_effective_percentage,20,0
2026-08-18T02:13:52.011025Z,sensor.bed_3_booster_effective_percentage,40,0
2026-08-18T02:14:27.192323Z,sensor.bed_1_temp_temperature,78.08,0
2026-08-18T02:14:27.192805Z,sensor.bed_1_temperature_delta,1.1,0
2026-08-18T02:15:32.757293Z,climate.kitchen,cool,0
2026-08-18T02:15:32.761435Z,sensor.bed_1_booster_effective_percentage,10,0
2026-08-18T02:16:25.696974Z,climate.kitchen,cool,0
2026-08-18T02:16:25.702996Z,sensor.kitchen_temperature,77.54,0
2026-08-18T02:20:25.505649Z,climate.kitchen,cool,0
2026-08-18T02:20:25.512228Z,sensor.kitchen_temperature,77.36,0
2026-08-18T02:26:50.056163Z,sensor.kitchen_temp_temperature,76.1,0
2026-08-18T02:26:50.056678Z,sensor.bed_1_temperature_delta,2.0,0
2026-08-18T02:26:50.057021Z,sensor.bed_2_temperature_delta,2.7,0
2026-08-18T02:26:50.057324Z,sensor.bed_3_temperature_delta,3.1,0
2026-08-18T02:26:50.057684Z,sensor.bed_1_booster_target_speed,2,0
2026-08-18T02:26:50.058034Z,sensor.bed_2_booster_target_speed,6,0
2026-08-18T02:26:50.058347Z,sensor.bed_3_booster_target_speed,8,0
2026-08-18T02:26:50.059065Z,sensor.bed_1_booster_pi_target_speed,2,0
2026-08-18T02:26:50.059310Z,sensor.bed_2_booster_pi_target_speed,6,0
2026-08-18T02:26:50.059555Z,sensor.bed_3_booster_pi_target_speed,8,0
2026-08-18T02:26:50.059699Z,sensor.bed_1_booster_effective_percentage,20,0
2026-08-18T02:26:50.060729Z,sensor.bed_2_booster_effective_percentage,60,0
2026-08-18T02:26:50.061019Z,sensor.bed_3_booster_effective_percentage,80,0
2026-08-18T02:29:28.931560Z,sensor.bed_1_temp_temperature,77.54,0
2026-08-18T02:29:28.932084Z,sensor.bed_1_temperature_delta,1.4,0
2026-08-18T02:29:37.610208Z,climate.kitchen,cool,0
2026-08-18T02:34:38.497261Z,climate.kitchen,cool,0
2026-08-18T02:34:39.562158Z,climate.kitchen,cool,0
2026-08-18T02:34:39.568459Z,sensor.kitchen_temperature,76.46,0
2026-08-18T02:34:57.889804Z,sensor.bed_2_temp_temperature,78.62,0
2026-08-18T02:34:57.890084Z,sensor.bed_2_temperature_delta,2.5,0
2026-08-18T02:40:52.181476Z,sensor.bed_3_temp_temperature,78.8,0
2026-08-18T02:40:52.181988Z,sensor.bed_3_temperature_delta,2.7,0
2026-08-18T02:40:52.182372Z,sensor.bed_3_booster_target_speed,6,0
2026-08-18T02:40:52.183501Z,sensor.bed_3_booster_pi_target_speed,6,0
2026-08-18T02:40:52.183966Z,sensor.bed_3_booster_effective_percentage,60,0
2026-08-18T02:41:26.204312Z,sensor.kitchen_temp_temperature,75.2,0
2026-08-18T02:41:26.204837Z,sensor.bed_1_temperature_delta,2.3,0
2026-08-18T02:41:26.205200Z,sensor.bed_2_temperature_delta,3.4,0
2026-08-18T02:41:26.205513Z,sensor.bed_3_temperature_delta,3.6,0
2026-08-18T02:41:26.205904Z,sensor.bed_1_booster_target_speed,4,0
2026-08-18T02:41:26.206242Z,sensor.bed_2_booster_target_speed,8,0
2026-08-18T02:41:26.206548Z,sensor.bed_3_booster_target_speed,10,0
2026-08-18T02:41:26.207253Z,sensor.bed_1_booster_pi_target_speed,4,0
2026-08-18T02:41:26.207497Z,sensor.bed_2_booster_pi_target_speed,8,0
2026-08-18T02:41:26.207737Z,sensor.bed_3_booster_pi_target_speed,10,0
2026-08-18T02:41:26.207881Z,sensor.bed_1_booster_effective_percentage,40,0
2026-08-18T02:41:26.208220Z,sensor.bed_2_booster_effective_percentage,80,0
2026-08-18T02:41:26.208515Z,sensor.bed_3_booster_effective_percentage,100,0
2026-08-18T02:44:32.046385Z,sensor.bed_1_temp_temperature,76.82,0
2026-08-18T02:44:32.046888Z,sensor.bed_1_temperature_delta,1.6,0
2026-08-18T02:44:32.047272Z,sensor.bed_1_booster_target_speed,2,0
2026-08-18T02:44:32.048394Z,sensor.bed_1_booster_pi_target_speed,2,0
2026-08-18T02:44:32.048856Z,sensor.bed_1_booster_effective_percentage,20,0
2026-08-18T02:49:57.689989Z,sensor.bed_2_temp_temperature,77.9,0
2026-08-18T02:49:57.690423Z,sensor.bed_2_temperature_delta,2.7,0
2026-08-18T02:49:57.690767Z,sensor.bed_2_booster_target_speed,6,0
2026-08-18T02:49:57.691788Z,sensor.bed_2_booster_pi_target_speed,6,0
2026-08-18T02:49:57.692208Z,sensor.bed_2_booster_effective_percentage,60,0
2026-08-18T02:55:00.423761Z,sensor.bed_1_booster_adaptive_boost,1,0
2026-08-18T02:55:00.424330Z,sensor.bed_1_booster_pi_target_speed,3,0
2026-08-18T02:55:00.424877Z,sensor.bed_1_booster_effective_percentage,30,0
2026-08-18T02:55:00.427279Z,sensor.bed_2_booster_adaptive_boost,1,0
2026-08-18T02:55:00.427446Z,sensor.bed_2_booster_pi_target_speed,7,0
2026-08-18T02:55:00.427598Z,sensor.bed_2_booster_effective_percentage,70,0
2026-08-18T02:55:55.459163Z,sensor.bed_3_temp_temperature,78.08,0
2026-08-18T02:55:55.459616Z,sensor.bed_3_temperature_delta,2.9,0
2026-08-18T02:55:55.459986Z,sensor.bed_3_booster_target_speed,8,0
2026-08-18T02:55:55.461008Z,sensor.bed_3_booster_pi_target_speed,8,0
2026-08-18T02:55:55.461414Z,sensor.bed_3_booster_effective_percentage,80,0
2026-08-18T02:56:26.123198Z,sensor.kitchen_temp_temperature,74.66,0
2026-08-18T02:56:26.123654Z,sensor.bed_1_temperature_delta,2.2,0
2026-08-18T02:56:26.123967Z,sensor.bed_2_temperature_delta,3.2,0
2026-08-18T02:56:26.124236Z,sensor.bed_3_temperature_delta,3.4,0
2026-08-18T02:56:26.124557Z,sensor.bed_1_booster_target_speed,4,0
2026-08-18T02:56:26.124864Z,sensor.bed_2_booster_target_speed,8,0
2026-08-18T02:56:26.126162Z,sensor.bed_1_booster_pi_target_speed,5,0
2026-08-18T02:56:26.126545Z,sensor.bed_2_booster_pi_target_speed,9,0
2026-08-18T02:56:26.126688Z,sensor.bed_1_booster_effective_percentage,50,0
2026-08-18T02:56:26.127734Z,sensor.bed_2_booster_effective_percentage,90,0
2026-08-18T02:59:00.011784Z,sensor.bed_1_temp_temperature,75.92,0
2026-08-18T02:59:00.012284Z,sensor.bed_1_temperature_delta,1.3,0
2026-08-18T02:59:00.012663Z,sensor.bed_1_booster_target_speed,0,0
2026-08-18T02:59:00.013788Z,sensor.bed_1_booster_pi_target_speed,1,0
2026-08-18T02:59:00.014217Z,sensor.bed_1_booster_effective_percentage,10,0
2026-08-18T03:00:00.424206Z,sensor.bed_1_booster_adaptive_boost,0,0
2026-08-18T03:00:00.424751Z,sensor.bed_1_booster_pi_target_speed,0,0
2026-08-18T03:00:01.272669Z,climate.kitchen,cool,0
2026-08-18T03:00:01.275712Z,sensor.bed_2_booster_adaptive_boost,0,0
2026-08-18T03:00:01.278744Z,sensor.bed_2_booster_pi_target_speed,8,0
2026-08-18T03:00:01.279113Z,sensor.bed_2_booster_effective_percentage,80,0
2026-08-18T03:00:01.279422Z,sensor.kitchen_temperature,77.54,0
2026-08-18T03:04:58.113404Z,sensor.bed_2_temp_temperature,77.36,0
2026-08-18T03:04:58.113899Z,sensor.bed_2_temperature_delta,2.7,0
2026-08-18T03:04:58.114287Z,sensor.bed_2_booster_target_speed,6,0
2026-08-18T03:04:58.115418Z,sensor.bed_2_booster_pi_target_speed,6,0
2026-08-18T03:04:58.115887Z,sensor.bed_2_booster_effective_percentage,60,0
2026-08-18T03:09:37.616488Z,climate.kitchen,cool,0
2026-08-18T03:09:37.626021Z,sensor.kitchen_temperature,77.18,0
2026-08-18T03:10:58.666313Z,sensor.bed_3_temp_temperature,77.9,0
2026-08-18T03:10:58.666797Z,sensor.bed_3_temperature_delta,3.2,0
2026-08-18T03:11:25.827665Z,sensor.kitchen_temp_temperature,74.12,0
2026-08-18T03:11:25.828174Z,sensor.bed_1_temperature_delta,1.8,0
2026-08-18T03:11:25.828495Z,sensor.bed_2_temperature_delta,3.2,0
2026-08-18T03:11:25.828785Z,sensor.bed_3_temperature_delta,3.8,0
2026-08-18T03:11:25.829149Z,sensor.bed_1_booster_target_speed,2,0
2026-08-18T03:11:25.829463Z,sensor.bed_2_booster_target_speed,8,0
2026-08-18T03:11:25.829764Z,sensor.bed_3_booster_target_speed,10,0
2026-08-18T03:11:25.830381Z,sensor.bed_1_booster_pi_target_speed,2,0
2026-08-18T03:11:25.830619Z,sensor.bed_2_booster_pi_target_speed,8,0
2026-08-18T03:11:25.830857Z,sensor.bed_3_booster_pi_target_speed,10,0
2026-08-18T03:11:25.830995Z,sensor.bed_1_booster_effective_percentage,20,0
2026-08-18T03:11:25.831975Z,sensor.bed_2_booster_effective_percentage,80,0
2026-08-18T03:11:25.832254Z,sensor.bed_3_booster_effective_percentage,100,0
2026-08-18T03:14:02.246606Z,sensor.bed_1_temp_temperature,75.38,0
2026-08-18T03:14:02.247067Z,sensor.bed_1_temperature_delta,1.3,0
2026-08-18T03:14:02.247411Z,sensor.bed_1_booster_target_speed,0,0
2026-08-18T03:14:02.248435Z,sensor.bed_1_booster_pi_target_speed,0,0
2026-08-18T03:14:02.248851Z,sensor.bed_1_booster_effective_percentage,10,0
2026-08-18T03:19:57.588306Z,sensor.bed_2_temp_temperature,76.82,0
2026-08-18T03:19:57.588742Z,sensor.bed_2_temperature_delta,2.7,0
2026-08-18T03:19:57.589109Z,sensor.bed_2_booster_target_speed,6,0
2026-08-18T03:19:57.590134Z,sensor.bed_2_booster_pi_target_speed,6,0
2026-08-18T03:19:57.590536Z,sensor.bed_2_booster_effective_percentage,60,0
2026-08-18T03:26:01.748981Z,sensor.bed_3_temp_temperature,77.18,0
2026-08-18T03:26:01.749451Z,sensor.bed_3_temperature_delta,3.1,0
2026-08-18T03:26:01.749827Z,sensor.bed_3_booster_target_speed,8,0
2026-08-18T03:26:01.750946Z,sensor.bed_3_booster_pi_target_speed,8,0
2026-08-18T03:26:01.751369Z,sensor.bed_3_booster_effective_percentage,80,0
2026-08-18T03:26:25.184400Z,sensor.kitchen_temp_temperature,73.4,0
2026-08-18T03:26:25.184885Z,sensor.bed_1_temperature_delta,2.0,0
2026-08-18T03:26:25.185189Z,sensor.bed_2_temperature_delta,3.4,0
2026-08-18T03:26:25.185455Z,sensor.bed_3_temperature_delta,3.8,0
2026-08-18T03:26:25.185781Z,sensor.bed_1_booster_target_speed,2,0
2026-08-18T03:26:25.186107Z,sensor.bed_2_booster_target_speed,8,0
2026-08-18T03:26:25.186395Z,sensor.bed_3_booster_target_speed,10,0
2026-08-18T03:26:25.187247Z,sensor.bed_1_booster_pi_target_speed,2,0
2026-08-18T03:26:25.187493Z,sensor.bed_2_booster_pi_target_speed,8,0
2026-08-18T03:26:25.187732Z,sensor.bed_3_booster_pi_target_speed,10,0
2026-08-18T03:26:25.187925Z,sensor.bed_1_booster_effective_percentage,20,0
2026-08-18T03:26:25.188969Z,sensor.bed_2_booster_effective_percentage,80,0
2026-08-18T03:26:25.189301Z,sensor.bed_3_booster_effective_percentage,100,0
2026-08-18T03:29:02.793179Z,sensor.bed_1_temp_temperature,74.66,0
2026-08-18T03:29:02.793561Z,sensor.bed_1_temperature_delta,1.3,0
2026-08-18T03:29:02.793876Z,sensor.bed_1_booster_target_speed,0,0
2026-08-18T03:29:02.794740Z,sensor.bed_1_booster_pi_target_speed,0,0
2026-08-18T03:29:02.795106Z,sensor.bed_1_booster_effective_percentage,10,0
2026-08-18T03:30:00.426502Z,sensor.bed_2_booster_adaptive_boost,1,0
2026-08-18T03:30:00.427014Z,sensor.bed_2_booster_pi_target_speed,9,0
2026-08-18T03:30:00.427495Z,sensor.bed_2_booster_effective_percentage,90,0
2026-08-18T03:34:57.661055Z,sensor.bed_2_temp_temperature,76.1,0
2026-08-18T03:34:57.661531Z,sensor.bed_2_temperature_delta,2.7,0
2026-08-18T03:34:57.661927Z,sensor.bed_2_booster_target_speed,6,0
2026-08-18T03:34:57.663026Z,sensor.bed_2_booster_pi_target_speed,7,0
2026-08-18T03:34:57.663428Z,sensor.bed_2_booster_effective_percentage,70,0
2026-08-18T03:35:01.371630Z,climate.kitchen,cool,0
2026-08-18T03:35:01.374621Z,sensor.bed_2_booster_adaptive_boost,0,0
2026-08-18T03:35:01.377004Z,sensor.bed_2_booster_pi_target_speed,6,0
2026-08-18T03:35:01.377348Z,sensor.bed_2_booster_effective_percentage,60,0
2026-08-18T03:35:01.377647Z,sensor.kitchen_temperature,76.46,0
2026-08-18T03:41:04.815822Z,sensor.bed_3_temp_temperature,76.46,0
2026-08-18T03:41:04.816341Z,sensor.bed_3_temperature_delta,3.1,0
2026-08-18T03:41:04.816731Z,sensor.bed_3_booster_target_speed,8,0
2026-08-18T03:41:04.817869Z,sensor.bed_3_booster_pi_target_speed,8,0
2026-08-18T03:41:04.818272Z,sensor.bed_3_booster_effective_percentage,80,0
2026-08-18T03:41:24.493570Z,sensor.kitchen_temp_temperature,72.86,0
2026-08-18T03:41:24.494032Z,sensor.bed_1_temperature_delta,1.8,0
2026-08-18T03:41:24.494324Z,sensor.bed_2_temperature_delta,3.2,0
2026-08-18T03:41:24.494586Z,sensor.bed_3_temperature_delta,3.6,0
2026-08-18T03:41:24.494914Z,sensor.bed_1_booster_target_speed,2,0
2026-08-18T03:41:24.495205Z,sensor.bed_2_booster_target_speed,8,0
2026-08-18T03:41:24.495486Z,sensor.bed_3_booster_target_speed,10,0
2026-08-18T03:41:24.496561Z,sensor.bed_1_booster_pi_target_speed,2,0
2026-08-18T03:41:24.496806Z,sensor.bed_2_booster_pi_target_speed,8,0
2026-08-18T03:41:24.497084Z,sensor.bed_3_booster_pi_target_speed,10,0
2026-08-18T03:41:24.497225Z,sensor.bed_1_booster_effective_percentage,20,0
2026-08-18T03:41:24.498253Z,sensor.bed_2_booster_effective_percentage,80,0
2026-08-18T03:41:24.498559Z,sensor.bed_3_booster_effective_percentage,100,0
2026-08-18T03:44:04.389697Z,sensor.bed_1_temp_temperature,74.48,0
2026-08-18T03:44:04.390160Z,sensor.bed_1_temperature_delta,1.6,0
2026-08-18T03:49:57.411355Z,sensor.bed_2_temp_temperature,75.38,0
2026-08-18T03:49:57.411827Z,sensor.bed_2_temperature_delta,2.5,0
2026-08-18T03:49:57.412262Z,sensor.bed_2_booster_target_speed,6,0
2026-08-18T03:49:57.413370Z,sensor.bed_2_booster_pi_target_speed,6,0
2026-08-18T03:49:57.413810Z,sensor.bed_2_booster_effective_percentage,60,0
2026-08-18T03:56:07.221247Z,sensor.bed_3_temp_temperature,75.74,0
2026-08-18T03:56:07.221730Z,sensor.bed_3_temperature_delta,2.9,0
2026-08-18T03:56:07.222134Z,sensor.bed_3_booster_target_speed,8,0
2026-08-18T03:56:07.223247Z,sensor.bed_3_booster_pi_target_speed,8,0
2026-08-18T03:56:07.223691Z,sensor.bed_3_booster_effective_percentage,80,0
2026-08-18T03:56:23.527072Z,sensor.kitchen_temp_temperature,72.32,0
2026-08-18T03:56:23.527575Z,sensor.bed_1_temperature_delta,2.2,0
2026-08-18T03:56:23.527921Z,sensor.bed_2_temperature_delta,3.1,0
2026-08-18T03:56:23.528215Z,sensor.bed_3_temperature_delta,3.4,0
2026-08-18T03:56:23.528565Z,sensor.bed_1_booster_target_speed,4,0
2026-08-18T03:56:23.528904Z,sensor.bed_2_booster_target_speed,8,0
2026-08-18T03:56:23.530349Z,sensor.bed_1_booster_pi_target_speed,4,0
2026-08-18T03:56:23.531114Z,sensor.bed_2_booster_pi_target_speed,8,0
2026-08-18T03:56:23.531568Z,sensor.bed_1_booster_effective_percentage,40,0
2026-08-18T03:56:23.536026Z,sensor.bed_2_booster_effective_percentage,80,0
2026-08-18T03:59:05.462059Z,sensor.bed_1_temp_temperature,74.12,0
2026-08-18T03:59:05.462604Z,sensor.bed_1_temperature_delta,1.8,0
2026-08-18T04:00:00.425885Z,sensor.bed_2_booster_adaptive_boost,1,0
2026-08-18T04:00:00.426363Z,sensor.bed_2_booster_pi_target_speed,9,0
2026-08-18T04:00:00.426799Z,sensor.bed_2_booster_effective_percentage,90,0
2026-08-18T04:04:56.704355Z,sensor.bed_2_temp_temperature,74.66,0
2026-08-18T04:04:56.704855Z,sensor.bed_2_temperature_delta,2.3,0
2026-08-18T04:04:56.705238Z,sensor.bed_2_booster_target_speed,6,0
2026-08-18T04:04:56.706332Z,sensor.bed_2_booster_pi_target_speed,7,0
2026-08-18T04:04:56.706775Z,sensor.bed_2_booster_effective_percentage,70,0
2026-08-18T04:05:12.712320Z,climate.kitchen,cool,0
2026-08-18T04:05:12.715654Z,sensor.bed_2_booster_adaptive_boost,0,0
2026-08-18T04:05:12.720426Z,sensor.bed_2_booster_pi_target_speed,6,0
2026-08-18T04:05:12.720778Z,sensor.bed_2_booster_effective_percentage,60,0
2026-08-18T04:05:12.721127Z,sensor.kitchen_temperature,75.38,0
2026-08-18T04:11:09.733346Z,sensor.bed_3_temp_temperature,75.56,0
2026-08-18T04:11:09.733895Z,sensor.bed_3_temperature_delta,3.2,0
2026-08-18T04:11:22.721324Z,sensor.kitchen_temp_temperature,71.6,0
2026-08-18T04:11:22.721828Z,sensor.bed_1_temperature_delta,2.5,0
2026-08-18T04:11:22.722265Z,sensor.bed_2_temperature_delta,3.1,0
2026-08-18T04:11:22.722560Z,sensor.bed_3_temperature_delta,4.0,0
2026-08-18T04:11:22.722965Z,sensor.bed_1_booster_target_speed,6,0
2026-08-18T04:11:22.723302Z,sensor.bed_2_booster_target_speed,8,0
2026-08-18T04:11:22.723614Z,sensor.bed_3_booster_target_speed,10,0
2026-08-18T04:11:22.724404Z,sensor.bed_1_booster_pi_target_speed,6,0
2026-08-18T04:11:22.724648Z,sensor.bed_2_booster_pi_target_speed,8,0
2026-08-18T04:11:22.724893Z,sensor.bed_3_booster_pi_target_speed,10,0
2026-08-18T04:11:22.725047Z,sensor.bed_1_booster_effective_percentage,60,0
2026-08-18T04:11:22.726065Z,sensor.bed_2_booster_effective_percentage,80,0
2026-08-18T04:11:22.726403Z,sensor.bed_3_booster_effective_percentage,100,0
2026-08-18T04:14:06.651629Z,sensor.bed_1_temp_temperature,73.58,0
2026-08-18T04:14:06.652156Z,sensor.bed_1_temperature_delta,2.0,0
2026-08-18T04:14:06.652540Z,sensor.bed_1_booster_target_speed,4,0
2026-08-18T04:14:06.653639Z,sensor.bed_1_booster_pi_target_speed,4,0
2026-08-18T04:14:06.654107Z,sensor.bed_1_booster_effective_percentage,40,0
2026-08-18T04:19:56.259479Z,sensor.bed_2_temp_temperature,74.3,0
2026-08-18T04:19:56.259959Z,sensor.bed_2_temperature_delta,2.7,0
2026-08-18T04:19:56.260314Z,sensor.bed_2_booster_target_speed,6,0
2026-08-18T04:19:56.261361Z,sensor.bed_2_booster_pi_target_speed,6,0
2026-08-18T04:19:56.261775Z,sensor.bed_2_booster_effective_percentage,60,0
2026-08-18T04:23:51.660068Z,sensor.bed_3_temp_temperature,74.66,0
2026-08-18T04:23:51.660559Z,sensor.bed_3_temperature_delta,3.1,0
2026-08-18T04:23:51.660954Z,sensor.bed_3_booster_target_speed,8,0
2026-08-18T04:23:51.662070Z,sensor.bed_3_booster_pi_target_speed,8,0
2026-08-18T04:23:51.662511Z,sensor.bed_3_booster_effective_percentage,80,0
2026-08-18T04:26:21.839604Z,sensor.kitchen_temp_temperature,71.06,0
2026-08-18T04:26:21.840106Z,sensor.bed_1_temperature_delta,2.5,0
2026-08-18T04:26:21.840423Z,sensor.bed_2_temperature_delta,3.2,0
2026-08-18T04:26:21.840713Z,sensor.bed_3_temperature_delta,3.6,0
2026-08-18T04:26:21.841084Z,sensor.bed_1_booster_target_speed,6,0
2026-08-18T04:26:21.841414Z,sensor.bed_2_booster_target_speed,8,0
2026-08-18T04:26:21.841727Z,sensor.bed_3_booster_target_speed,10,0
2026-08-18T04:26:21.842383Z,sensor.bed_1_booster_pi_target_speed,6,0
2026-08-18T04:26:21.842636Z,sensor.bed_2_booster_pi_target_speed,8,0
2026-08-18T04:26:21.842881Z,sensor.bed_3_booster_pi_target_speed,10,0
2026-08-18T04:26:21.843020Z,sensor.bed_1_booster_effective_percentage,60,0
2026-08-18T04:26:21.844002Z,sensor.bed_2_booster_effective_percentage,80,0
2026-08-18T04:26:21.844324Z,sensor.bed_3_booster_effective_percentage,100,0
2026-08-18T04:29:07.389650Z,sensor.bed_1_temp_temperature,72.86,0
2026-08-18T04:29:07.390157Z,sensor.bed_1_temperature_delta,1.8,0
2026-08-18T04:29:07.390544Z,sensor.bed_1_booster_target_speed,2,0
2026-08-18T04:29:07.391989Z,sensor.bed_1_booster_pi_target_speed,2,0
2026-08-18T04:29:07.393548Z,sensor.bed_1_booster_effective_percentage,20,0
2026-08-18T04:30:00.424269Z,sensor.bed_1_booster_adaptive_boost,1,0
2026-08-18T04:30:00.424820Z,sensor.bed_1_booster_pi_target_speed,3,0
2026-08-18T04:30:00.425487Z,sensor.bed_1_booster_effective_percentage,30,0
2026-08-18T04:30:00.430116Z,sensor.bed_2_booster_adaptive_boost,1,0
2026-08-18T04:30:00.435011Z,sensor.bed_2_booster_pi_target_speed,9,0
2026-08-18T04:30:00.435631Z,sensor.bed_2_booster_effective_percentage,90,0
2026-08-18T04:30:11.959587Z,climate.kitchen,cool,0
2026-08-18T04:30:11.961704Z,sensor.bed_1_booster_adaptive_boost,0,0
2026-08-18T04:30:11.962979Z,sensor.bed_2_booster_adaptive_boost,0,0
2026-08-18T04:30:11.966515Z,sensor.bed_1_booster_pi_target_speed,2,0
2026-08-18T04:30:11.966754Z,sensor.bed_2_booster_pi_target_speed,8,0
2026-08-18T04:30:11.967271Z,sensor.bed_1_booster_effective_percentage,20,0
2026-08-18T04:30:11.967651Z,sensor.bed_2_booster_effective_percentage,80,0
2026-08-18T04:30:11.968036Z,sensor.kitchen_temperature,74.48,0
2026-08-18T04:34:42.045694Z,climate.kitchen,cool,0
2026-08-18T04:34:54.751122Z,sensor.bed_2_temp_temperature,73.76,0
2026-08-18T04:34:54.751614Z,sensor.bed_2_temperature_delta,2.7,0
2026-08-18T04:34:54.752018Z,sensor.bed_2_booster_target_speed,6,0
2026-08-18T04:34:54.753419Z,sensor.bed_2_booster_pi_target_speed,6,0
2026-08-18T04:34:54.754025Z,sensor.bed_2_booster_effective_percentage,60,0
2026-08-18T04:35:03.895128Z,climate.kitchen,cool,0
2026-08-18T04:37:17.165700Z,sensor.bed_1_booster_pi_target_speed,2,0
2026-08-18T04:37:17.173051Z,sensor.bed_2_booster_pi_target_speed,6,0
2026-08-18T04:37:17.173342Z,sensor.bed_3_booster_pi_target_speed,10,0
2026-08-18T04:37:17.175783Z,sensor.bed_1_booster_adaptive_boost,0,0
2026-08-18T04:37:17.175985Z,sensor.bed_2_booster_adaptive_boost,0,0
2026-08-18T04:37:17.176169Z,sensor.bed_3_booster_adaptive_boost,0,0
2026-08-18T04:37:18.502488Z,climate.kitchen,cool,0
2026-08-18T04:37:48.032022Z,climate.kitchen,cool,0
2026-08-18T04:38:55.799503Z,sensor.bed_3_temp_temperature,74.12,0
2026-08-18T04:38:55.800273Z,sensor.bed_3_temperature_delta,3.1,0
2026-08-18T04:38:55.800703Z,sensor.bed_3_booster_target_speed,8,0
2026-08-18T04:38:55.802164Z,sensor.bed_3_booster_pi_target_speed,8,0
2026-08-18T04:38:55.802644Z,sensor.bed_3_booster_effective_percentage,80,0
2026-08-18T04:41:20.801959Z,sensor.kitchen_temp_temperature,70.52,0
2026-08-18T04:41:20.802709Z,sensor.bed_1_temperature_delta,2.3,0
2026-08-18T04:41:20.803092Z,sensor.bed_2_temperature_delta,3.2,0
2026-08-18T04:41:20.803391Z,sensor.bed_3_temperature_delta,3.6,0
2026-08-18T04:41:20.803753Z,sensor.bed_1_booster_target_speed,4,0
2026-08-18T04:41:20.804110Z,sensor.bed_2_booster_target_speed,8,0
2026-08-18T04:41:20.804267Z,sensor.bed_3_booster_target_speed,10,0
2026-08-18T04:41:20.804885Z,sensor.bed_1_booster_pi_target_speed,4,0
2026-08-18T04:41:20.805181Z,sensor.bed_2_booster_pi_target_speed,8,0
2026-08-18T04:41:20.805469Z,sensor.bed_3_booster_pi_target_speed,10,0
2026-08-18T04:41:20.805665Z,sensor.bed_1_booster_effective_percentage,40,0
2026-08-18T04:41:20.806710Z,sensor.bed_2_booster_effective_percentage,80,0
2026-08-18T04:41:20.807046Z,sensor.bed_3_booster_effective_percentage,100,0
2026-08-18T04:44:07.994777Z,sensor.bed_1_temp_temperature,72.5,0
2026-08-18T04:44:07.995416Z,sensor.bed_1_temperature_delta,2.0,0
2026-08-18T04:49:56.433235Z,sensor.bed_2_temp_temperature,73.4,0
2026-08-18T04:49:56.433939Z,sensor.bed_2_temperature_delta,2.9,0
2026-08-18T04:53:58.605057Z,sensor.bed_3_temp_temperature,73.58,0
2026-08-18T04:53:58.605738Z,sensor.bed_3_temperature_delta,3.1,0
2026-08-18T04:53:58.606153Z,sensor.bed_3_booster_target_speed,8,0
2026-08-18T04:53:58.607383Z,sensor.bed_3_booster_pi_target_speed,8,0
2026-08-18T04:53:58.607584Z,sensor.bed_3_booster_effective_percentage,80,0
2026-08-18T04:56:21.600292Z,sensor.kitchen_temp_temperature,69.98,0
2026-08-18T04:56:21.600991Z,sensor.bed_1_temperature_delta,2.5,0
2026-08-18T04:56:21.601315Z,sensor.bed_2_temperature_delta,3.4,0
2026-08-18T04:56:21.601607Z,sensor.bed_3_temperature_delta,3.6,0
2026-08-18T04:56:21.601985Z,sensor.bed_1_booster_target_speed,6,0
2026-08-18T04:56:21.602540Z,sensor.bed_3_booster_target_speed,10,0
2026-08-18T04:56:21.604257Z,sensor.bed_1_booster_pi_target_speed,6,0
2026-08-18T04:56:21.605173Z,sensor.bed_3_booster_pi_target_speed,10,0
2026-08-18T04:56:21.605772Z,sensor.bed_1_booster_effective_percentage,60,0
2026-08-18T04:56:21.610184Z,sensor.bed_3_booster_effective_percentage,100,0
2026-08-18T04:59:08.513012Z,sensor.bed_1_temp_temperature,71.78,0
2026-08-18T04:59:08.513700Z,sensor.bed_1_temperature_delta,1.8,0
2026-08-18T04:59:08.514100Z,sensor.bed_1_booster_target_speed,2,0
2026-08-18T04:59:08.515168Z,sensor.bed_1_booster_pi_target_speed,2,0
2026-08-18T04:59:08.515404Z,sensor.bed_1_booster_effective_percentage,20,0
2026-08-18T05:00:00.455400Z,sensor.bed_1_booster_adaptive_boost,1,0
2026-08-18T05:00:00.456219Z,sensor.bed_1_booster_pi_target_speed,3,0
2026-08-18T05:00:00.456897Z,sensor.bed_1_booster_effective_percentage,30,0
2026-08-18T05:00:00.459421Z,sensor.bed_2_booster_adaptive_boost,1,0
2026-08-18T05:00:00.460148Z,sensor.bed_2_booster_pi_target_speed,9,0
2026-08-18T05:00:00.460753Z,sensor.bed_2_booster_effective_percentage,90,0
2026-08-18T05:00:11.976390Z,climate.kitchen,cool,0
2026-08-18T05:00:11.978606Z,sensor.bed_1_booster_adaptive_boost,0,0
2026-08-18T05:00:11.980069Z,sensor.bed_2_booster_adaptive_boost,0,0
2026-08-18T05:00:11.984415Z,sensor.bed_1_booster_pi_target_speed,2,0
2026-08-18T05:00:11.984673Z,sensor.bed_2_booster_pi_target_speed,8,0
2026-08-18T05:00:11.985292Z,sensor.bed_1_booster_effective_percentage,20,0
2026-08-18T05:00:11.985671Z,sensor.bed_2_booster_effective_percentage,80,0
2026-08-18T05:00:11.986075Z,sensor.kitchen_temperature,73.4,0
2026-08-18T05:04:55.750953Z,sensor.bed_2_temp_temperature,72.68,0
2026-08-18T05:04:55.751449Z,sensor.bed_2_temperature_delta,2.7,0
2026-08-18T05:04:55.751858Z,sensor.bed_2_booster_target_speed,6,0
2026-08-18T05:04:55.753340Z,sensor.bed_2_booster_pi_target_speed,6,0
2026-08-18T05:04:55.753773Z,sensor.bed_2_booster_effective_percentage,60,0
2026-08-18T05:09:00.060372Z,sensor.bed_3_temp_temperature,73.04,0
2026-08-18T05:09:00.060908Z,sensor.bed_3_temperature_delta,3.1,0
2026-08-18T05:09:00.061309Z,sensor.bed_3_booster_target_speed,8,0
2026-08-18T05:09:00.062752Z,sensor.bed_3_booster_pi_target_speed,8,0
2026-08-18T05:09:00.063050Z,sensor.bed_3_booster_effective_percentage,80,0
2026-08-18T05:11:21.425220Z,sensor.kitchen_temp_temperature,69.44,0
2026-08-18T05:11:21.425708Z,sensor.bed_1_temperature_delta,2.3,0
2026-08-18T05:11:21.426053Z,sensor.bed_2_temperature_delta,3.2,0
2026-08-18T05:11:21.426342Z,sensor.bed_3_temperature_delta,3.6,0
2026-08-18T05:11:21.426692Z,sensor.bed_1_booster_target_speed,4,0
2026-08-18T05:11:21.427034Z,sensor.bed_2_booster_target_speed,8,0
2026-08-18T05:11:21.427356Z,sensor.bed_3_booster_target_speed,10,0
2026-08-18T05:11:21.428378Z,sensor.bed_1_booster_pi_target_speed,4,0
2026-08-18T05:11:21.428680Z,sensor.bed_2_booster_pi_target_speed,8,0
2026-08-18T05:11:21.428983Z,sensor.bed_3_booster_pi_target_speed,10,0
2026-08-18T05:11:21.429176Z,sensor.bed_1_booster_effective_percentage,40,0
2026-08-18T05:11:21.430232Z,sensor.bed_2_booster_effective_percentage,80,0
2026-08-18T05:11:21.431758Z,sensor.bed_3_booster_effective_percentage,100,0
2026-08-18T05:14:09.915659Z,sensor.bed_1_temp_temperature,71.24,0
2026-08-18T05:14:09.916163Z,sensor.bed_1_temperature_delta,1.8,0
2026-08-18T05:14:09.916554Z,sensor.bed_1_booster_target_speed,2,0
2026-08-18T05:14:09.918046Z,sensor.bed_1_booster_pi_target_speed,2,0
2026-08-18T05:14:09.918373Z,sensor.bed_1_booster_effective_percentage,20,0
2026-08-18T05:19:57.220753Z,sensor.bed_2_temp_temperature,72.14,0
2026-08-18T05:19:57.221284Z,sensor.bed_2_temperature_delta,2.7,0
2026-08-18T05:19:57.221676Z,sensor.bed_2_booster_target_speed,6,0
2026-08-18T05:19:57.222811Z,sensor.bed_2_booster_pi_target_speed,6,0
2026-08-18T05:19:57.223299Z,sensor.bed_2_booster_effective_percentage,60,0
2026-08-18T05:24:02.891158Z,sensor.bed_3_temp_temperature,72.32,0
2026-08-18T05:24:02.891572Z,sensor.bed_3_temperature_delta,2.9,0
2026-08-18T05:24:02.891920Z,sensor.bed_3_booster_target_speed,8,0
2026-08-18T05:24:02.892910Z,sensor.bed_3_booster_pi_target_speed,8,0
2026-08-18T05:24:02.893298Z,sensor.bed_3_booster_effective_percentage,80,0
2026-08-18T05:25:00.456123Z,sensor.bed_1_booster_adaptive_boost,1,0
2026-08-18T05:25:00.456714Z,sensor.bed_1_booster_pi_target_speed,3,0
2026-08-18T05:25:00.457273Z,sensor.bed_1_booster_effective_percentage,30,0
2026-08-18T05:26:19.383317Z,sensor.kitchen_temp_temperature,68.9,0
2026-08-18T05:26:19.383898Z,sensor.bed_1_temperature_delta,2.3,0
2026-08-18T05:26:19.384295Z,sensor.bed_2_temperature_delta,3.2,0
2026-08-18T05:26:19.384611Z,sensor.bed_3_temperature_delta,3.4,0
2026-08-18T05:26:19.385012Z,sensor.bed_1_booster_target_speed,4,0
2026-08-18T05:26:19.385319Z,sensor.bed_2_booster_target_speed,8,0
2026-08-18T05:26:19.385850Z,sensor.bed_1_booster_pi_target_speed,5,0
2026-08-18T05:26:19.386104Z,sensor.bed_2_booster_pi_target_speed,8,0
2026-08-18T05:26:19.386248Z,sensor.bed_1_booster_effective_percentage,50,0
2026-08-18T05:26:19.387281Z,sensor.bed_2_booster_effective_percentage,80,0
2026-08-18T05:29:10.490630Z,sensor.bed_1_temp_temperature,70.7,0
2026-08-18T05:29:10.491138Z,sensor.bed_1_temperature_delta,1.8,0
2026-08-18T05:29:10.491530Z,sensor.bed_1_booster_target_speed,2,0
2026-08-18T05:29:10.492682Z,sensor.bed_1_booster_pi_target_speed,3,0
2026-08-18T05:29:10.493162Z,sensor.bed_1_booster_effective_percentage,30,0
2026-08-18T05:30:11.855031Z,climate.kitchen,cool,0
2026-08-18T05:30:11.856883Z,sensor.bed_1_booster_adaptive_boost,0,0
2026-08-18T05:30:11.862814Z,sensor.bed_1_booster_pi_target_speed,2,0
2026-08-18T05:30:11.863353Z,sensor.bed_1_booster_effective_percentage,20,0
2026-08-18T05:30:11.863658Z,sensor.kitchen_temperature,72.32,0
2026-08-18T05:34:56.409900Z,sensor.bed_2_temp_temperature,71.6,0
2026-08-18T05:34:56.410383Z,sensor.bed_2_temperature_delta,2.7,0
2026-08-18T05:34:56.410774Z,sensor.bed_2_booster_target_speed,6,0
2026-08-18T05:34:56.411950Z,sensor.bed_2_booster_pi_target_speed,6,0
2026-08-18T05:34:56.412359Z,sensor.bed_2_booster_effective_percentage,60,0
2026-08-18T05:39:03.754380Z,sensor.bed_3_temp_temperature,72.14,0
2026-08-18T05:39:03.754878Z,sensor.bed_3_temperature_delta,3.2,0
2026-08-18T05:41:17.248634Z,sensor.kitchen_temp_temperature,68.36,0
2026-08-18T05:41:17.249098Z,sensor.bed_1_temperature_delta,2.3,0
2026-08-18T05:41:17.249391Z,sensor.bed_2_temperature_delta,3.2,0
2026-08-18T05:41:17.249662Z,sensor.bed_3_temperature_delta,3.8,0
2026-08-18T05:41:17.250002Z,sensor.bed_1_booster_target_speed,4,0
2026-08-18T05:41:17.250300Z,sensor.bed_2_booster_target_speed,8,0
2026-08-18T05:41:17.250589Z,sensor.bed_3_booster_target_speed,10,0
2026-08-18T05:41:17.251372Z,sensor.bed_1_booster_pi_target_speed,4,0
2026-08-18T05:41:17.251630Z,sensor.bed_2_booster_pi_target_speed,8,0
2026-08-18T05:41:17.251893Z,sensor.bed_3_booster_pi_target_speed,10,0
2026-08-18T05:41:17.252034Z,sensor.bed_1_booster_effective_percentage,40,0
2026-08-18T05:41:17.253113Z,sensor.bed_2_booster_effective_percentage,80,0
2026-08-18T05:41:17.253469Z,sensor.bed_3_booster_effective_percentage,100,0
2026-08-18T05:49:53.702950Z,sensor.bed_2_temp_temperature,71.24,0
2026-08-18T05:49:53.703367Z,sensor.bed_2_temperature_delta,2.9,0
2026-08-18T05:52:07.975723Z,sensor.bed_3_temp_temperature,71.24,0
2026-08-18T05:52:07.976236Z,sensor.bed_3_temperature_delta,2.9,0
2026-08-18T05:52:07.976626Z,sensor.bed_3_booster_target_speed,8,0
2026-08-18T05:52:07.977762Z,sensor.bed_3_booster_pi_target_speed,8,0
2026-08-18T05:52:07.978236Z,sensor.bed_3_booster_effective_percentage,80,0
2026-08-18T05:55:00.456576Z,sensor.bed_1_booster_adaptive_boost,1,0
2026-08-18T05:55:00.457173Z,sensor.bed_1_booster_pi_target_speed,5,0
2026-08-18T05:55:00.457729Z,sensor.bed_1_booster_effective_percentage,50,0
2026-08-18T05:56:15.025176Z,sensor.kitchen_temp_temperature,68.0,0
2026-08-18T05:56:15.025624Z,sensor.bed_1_temperature_delta,2.7,0
2026-08-18T05:56:15.025939Z,sensor.bed_2_temperature_delta,3.2,0
2026-08-18T05:56:15.026211Z,sensor.bed_3_temperature_delta,3.2,0
2026-08-18T05:56:15.026537Z,sensor.bed_1_booster_target_speed,6,0
2026-08-18T05:56:15.028053Z,sensor.bed_1_booster_pi_target_speed,7,0
2026-08-18T05:56:15.028469Z,sensor.bed_1_booster_effective_percentage,70,0
2026-08-18T05:59:12.373686Z,sensor.bed_1_temp_temperature,69.98,0
2026-08-18T05:59:12.374218Z,sensor.bed_1_temperature_delta,2.0,0
2026-08-18T05:59:12.374656Z,sensor.bed_1_booster_target_speed,4,0
2026-08-18T05:59:12.375895Z,sensor.bed_1_booster_pi_target_speed,5,0
2026-08-18T05:59:12.376322Z,sensor.bed_1_booster_effective_percentage,50,0
2026-08-18T06:00:00Z,climate.kitchen,cool,1
2026-08-18T06:00:00Z,sensor.bed_1_booster_adaptive_boost,1,1
2026-08-18T06:00:00Z,sensor.bed_1_booster_effective_percentage,50,1
2026-08-18T06:00:00Z,sensor.bed_1_booster_pi_target_speed,5,1
2026-08-18T06:00:00Z,sensor.bed_1_booster_target_speed,4,1
2026-08-18T06:00:00Z,sensor.bed_1_temp_temperature,69.98,1
2026-08-18T06:00:00Z,sensor.bed_1_temperature_delta,2.0,1
2026-08-18T06:00:00Z,sensor.bed_2_booster_adaptive_boost,0,1
2026-08-18T06:00:00Z,sensor.bed_2_booster_effective_percentage,80,1
2026-08-18T06:00:00Z,sensor.bed_2_booster_pi_target_speed,8,1
2026-08-18T06:00:00Z,sensor.bed_2_booster_target_speed,8,1
2026-08-18T06:00:00Z,sensor.bed_2_temp_temperature,71.24,1
2026-08-18T06:00:00Z,sensor.bed_2_temperature_delta,3.2,1
2026-08-18T06:00:00Z,sensor.bed_3_booster_adaptive_boost,0,1
2026-08-18T06:00:00Z,sensor.bed_3_booster_effective_percentage,80,1
2026-08-18T06:00:00Z,sensor.bed_3_booster_pi_target_speed,8,1
2026-08-18T06:00:00Z,sensor.bed_3_booster_target_speed,8,1
2026-08-18T06:00:00Z,sensor.bed_3_temp_temperature,71.24,1
2026-08-18T06:00:00Z,sensor.bed_3_temperature_delta,3.2,1
2026-08-18T06:00:00Z,sensor.kitchen_temp_temperature,68.0,1
2026-08-18T06:00:00Z,sensor.kitchen_temperature,72.32,1
2026-08-18T06:00:11.447635Z,sensor.bed_2_temp_temperature,70.34,0
2026-08-18T06:00:11.447947Z,sensor.bed_2_temperature_delta,2.3,0
2026-08-18T06:00:11.448109Z,sensor.bed_2_booster_target_speed,6,0
2026-08-18T06:00:11.448599Z,sensor.bed_2_booster_pi_target_speed,6,0
2026-08-18T06:00:11.448763Z,sensor.bed_2_booster_effective_percentage,60,0
2026-08-18T06:00:46.967971Z,climate.kitchen,cool,0
2026-08-18T06:00:46.969787Z,sensor.bed_1_booster_adaptive_boost,0,0
2026-08-18T06:00:46.976226Z,sensor.bed_1_booster_pi_target_speed,4,0
2026-08-18T06:00:46.976797Z,sensor.bed_1_booster_effective_percentage,40,0
2026-08-18T06:00:46.977160Z,sensor.kitchen_temperature,71.24,0
2026-08-18T06:07:09.409791Z,sensor.bed_3_temp_temperature,71.06,0
2026-08-18T06:07:09.410299Z,sensor.bed_3_temperature_delta,3.1,0
2026-08-18T06:11:12.932094Z,sensor.kitchen_temp_temperature,67.46,0
2026-08-18T06:11:12.932380Z,sensor.bed_1_temperature_delta,2.5,0
2026-08-18T06:11:12.932555Z,sensor.bed_2_temperature_delta,2.9,0
2026-08-18T06:11:12.932714Z,sensor.bed_3_temperature_delta,3.6,0
2026-08-18T06:11:12.932934Z,sensor.bed_1_booster_target_speed,6,0
2026-08-18T06:11:12.933237Z,sensor.bed_3_booster_target_speed,10,0
2026-08-18T06:11:12.933898Z,sensor.bed_1_booster_pi_target_speed,6,0
2026-08-18T06:11:12.934304Z,sensor.bed_3_booster_pi_target_speed,10,0
2026-08-18T06:11:12.934541Z,sensor.bed_1_booster_effective_percentage,60,0
2026-08-18T06:11:12.936016Z,sensor.bed_3_booster_effective_percentage,100,0
2026-08-18T06:14:12.098228Z,sensor.bed_1_temp_temperature,69.44,0
2026-08-18T06:14:12.098746Z,sensor.bed_1_temperature_delta,2.0,0
2026-08-18T06:14:12.099184Z,sensor.bed_1_booster_target_speed,4,0
2026-08-18T06:14:12.100439Z,sensor.bed_1_booster_pi_target_speed,4,0
2026-08-18T06:14:12.100671Z,sensor.bed_1_booster_effective_percentage,40,0
2026-08-18T06:15:09.432586Z,sensor.bed_2_temp_temperature,70.16,0
2026-08-18T06:15:09.433051Z,sensor.bed_2_temperature_delta,2.7,0
2026-08-18T06:22:10.125595Z,sensor.bed_3_temp_temperature,70.34,0
2026-08-18T06:22:10.126109Z,sensor.bed_3_temperature_delta,2.9,0
2026-08-18T06:22:10.126502Z,sensor.bed_3_booster_target_speed,8,0
2026-08-18T06:22:10.127641Z,sensor.bed_3_booster_pi_target_speed,8,0
2026-08-18T06:22:10.128117Z,sensor.bed_3_booster_effective_percentage,80,0
2026-08-18T06:25:00.455771Z,sensor.bed_1_booster_adaptive_boost,1,0
2026-08-18T06:25:00.456362Z,sensor.bed_1_booster_pi_target_speed,5,0
2026-08-18T06:25:00.456929Z,sensor.bed_1_booster_effective_percentage,50,0
2026-08-18T06:25:00.460083Z,sensor.bed_2_booster_adaptive_boost,1,0
2026-08-18T06:25:00.460256Z,sensor.bed_2_booster_pi_target_speed,7,0
2026-08-18T06:25:00.460414Z,sensor.bed_2_booster_effective_percentage,70,0
2026-08-18T06:26:10.380217Z,sensor.kitchen_temp_temperature,67.1,0
2026-08-18T06:26:10.380723Z,sensor.bed_1_temperature_delta,2.3,0
2026-08-18T06:26:10.381068Z,sensor.bed_2_temperature_delta,3.1,0
2026-08-18T06:26:10.381391Z,sensor.bed_3_temperature_delta,3.2,0
2026-08-18T06:26:10.381994Z,sensor.bed_2_booster_target_speed,8,0
2026-08-18T06:26:10.383039Z,sensor.bed_2_booster_pi_target_speed,9,0
2026-08-18T06:26:10.383187Z,sensor.bed_2_booster_effective_percentage,90,0
2026-08-18T06:29:11.889339Z,sensor.bed_1_temp_temperature,68.9,0
2026-08-18T06:29:11.889824Z,sensor.bed_1_temperature_delta,1.8,0
2026-08-18T06:29:16.185341Z,sensor.bed_2_temp_temperature,69.26,0
2026-08-18T06:29:16.185826Z,sensor.bed_2_temperature_delta,2.2,0
2026-08-18T06:29:16.186246Z,sensor.bed_2_booster_target_speed,4,0
2026-08-18T06:29:16.187379Z,sensor.bed_2_booster_pi_target_speed,5,0
2026-08-18T06:29:16.187832Z,sensor.bed_2_booster_effective_percentage,50,0
2026-08-18T06:31:11.592310Z,climate.kitchen,cool,0
2026-08-18T06:31:11.594125Z,sensor.bed_1_booster_adaptive_boost,0,0
2026-08-18T06:31:11.595495Z,sensor.bed_2_booster_adaptive_boost,0,0
2026-08-18T06:31:11.600213Z,sensor.bed_1_booster_pi_target_speed,4,0
2026-08-18T06:31:11.600458Z,sensor.bed_2_booster_pi_target_speed,4,0
2026-08-18T06:31:11.600867Z,sensor.bed_1_booster_effective_percentage,40,0
2026-08-18T06:31:11.601228Z,sensor.bed_2_booster_effective_percentage,40,0
2026-08-18T06:31:11.601567Z,sensor.kitchen_temperature,70.34,0
2026-08-18T06:37:10.975870Z,sensor.bed_3_temp_temperature,69.98,0
2026-08-18T06:37:10.976265Z,sensor.bed_3_temperature_delta,2.9,0
2026-08-18T06:41:07.594379Z,sensor.kitchen_temp_temperature,66.56,0
2026-08-18T06:41:07.594823Z,sensor.bed_1_temperature_delta,2.3,0
2026-08-18T06:41:07.595136Z,sensor.bed_2_temperature_delta,2.7,0
2026-08-18T06:41:07.595404Z,sensor.bed_3_temperature_delta,3.4,0
2026-08-18T06:41:07.595946Z,sensor.bed_2_booster_target_speed,6,0
2026-08-18T06:41:07.597215Z,sensor.bed_2_booster_pi_target_speed,6,0
2026-08-18T06:41:07.597615Z,sensor.bed_2_booster_effective_percentage,60,0
2026-08-18T06:44:11.474768Z,sensor.bed_1_temp_temperature,68.36,0
2026-08-18T06:44:11.475323Z,sensor.bed_1_temperature_delta,1.8,0
2026-08-18T06:44:11.475748Z,sensor.bed_1_booster_target_speed,2,0
2026-08-18T06:44:11.477001Z,sensor.bed_1_booster_pi_target_speed,2,0
2026-08-18T06:44:11.477153Z,sensor.bed_1_booster_effective_percentage,20,0
2026-08-18T06:44:13.616708Z,sensor.bed_2_temp_temperature,69.08,0
2026-08-18T06:44:13.617220Z,sensor.bed_2_temperature_delta,2.5,0
2026-08-18T06:52:11.722405Z,sensor.bed_3_temp_temperature,69.44,0
2026-08-18T06:52:11.722914Z,sensor.bed_3_temperature_delta,2.9,0
2026-08-18T06:55:00.456508Z,sensor.bed_1_booster_adaptive_boost,1,0
2026-08-18T06:55:00.457096Z,sensor.bed_1_booster_pi_target_speed,3,0
2026-08-18T06:55:00.457633Z,sensor.bed_1_booster_effective_percentage,30,0
2026-08-18T06:55:00.460418Z,sensor.bed_2_booster_adaptive_boost,1,0
2026-08-18T06:55:00.460589Z,sensor.bed_2_booster_pi_target_speed,7,0
2026-08-18T06:55:00.460746Z,sensor.bed_2_booster_effective_percentage,70,0
2026-08-18T06:56:21.924006Z,climate.kitchen,cool,0
2026-08-18T06:56:21.925943Z,sensor.bed_1_booster_adaptive_boost,0,0
2026-08-18T06:56:21.927456Z,sensor.bed_2_booster_adaptive_boost,0,0
2026-08-18T06:56:21.930358Z,sensor.bed_1_booster_pi_target_speed,2,0
2026-08-18T06:56:21.930554Z,sensor.bed_2_booster_pi_target_speed,6,0
2026-08-18T06:56:21.930901Z,sensor.bed_1_booster_effective_percentage,20,0
2026-08-18T06:56:21.931224Z,sensor.bed_2_booster_effective_percentage,60,0
2026-08-18T06:56:21.931506Z,sensor.kitchen_temperature,69.44,0
2026-08-18T06:59:11.132479Z,sensor.bed_1_temp_temperature,68.18,0
2026-08-18T06:59:11.132947Z,sensor.bed_1_temperature_delta,1.6,0
2026-08-18T06:59:11.343969Z,sensor.bed_2_temp_temperature,68.54,0
2026-08-18T06:59:11.344450Z,sensor.bed_2_temperature_delta,2.0,0
2026-08-18T06:59:11.344856Z,sensor.bed_2_booster_target_speed,4,0
2026-08-18T06:59:11.345976Z,sensor.bed_2_booster_pi_target_speed,4,0
2026-08-18T06:59:11.346427Z,sensor.bed_2_booster_effective_percentage,40,0
2026-08-18T07:07:12.355453Z,sensor.bed_3_temp_temperature,68.9,0
2026-08-18T07:07:12.355967Z,sensor.bed_3_temperature_delta,2.3,0
2026-08-18T07:07:12.356363Z,sensor.bed_3_booster_target_speed,6,0
2026-08-18T07:07:12.357500Z,sensor.bed_3_booster_pi_target_speed,6,0
2026-08-18T07:07:12.357969Z,sensor.bed_3_booster_effective_percentage,60,0
2026-08-18T07:11:01.853974Z,sensor.kitchen_temp_temperature,65.66,0
2026-08-18T07:11:01.854467Z,sensor.bed_1_temperature_delta,2.5,0
2026-08-18T07:11:01.854790Z,sensor.bed_2_temperature_delta,2.9,0
2026-08-18T07:11:01.855108Z,sensor.bed_3_temperature_delta,3.2,0
2026-08-18T07:11:01.855466Z,sensor.bed_1_booster_target_speed,6,0
2026-08-18T07:11:01.855798Z,sensor.bed_2_booster_target_speed,6,0
2026-08-18T07:11:01.856140Z,sensor.bed_3_booster_target_speed,8,0
2026-08-18T07:11:01.856800Z,sensor.bed_1_booster_pi_target_speed,6,0
2026-08-18T07:11:01.857054Z,sensor.bed_2_booster_pi_target_speed,6,0
2026-08-18T07:11:01.857297Z,sensor.bed_3_booster_pi_target_speed,8,0
2026-08-18T07:11:01.857442Z,sensor.bed_1_booster_effective_percentage,60,0
2026-08-18T07:11:01.857739Z,sensor.bed_2_booster_effective_percentage,60,0
2026-08-18T07:11:01.858043Z,sensor.bed_3_booster_effective_percentage,80,0
2026-08-18T07:14:08.425788Z,sensor.bed_2_temp_temperature,67.82,0
2026-08-18T07:14:08.426296Z,sensor.bed_2_temperature_delta,2.2,0
2026-08-18T07:14:08.426692Z,sensor.bed_2_booster_target_speed,4,0
2026-08-18T07:14:08.427830Z,sensor.bed_2_booster_pi_target_speed,4,0
2026-08-18T07:14:08.428306Z,sensor.bed_2_booster_effective_percentage,40,0
2026-08-18T07:14:10.593565Z,sensor.bed_1_temp_temperature,67.64,0
2026-08-18T07:14:10.594088Z,sensor.bed_1_temperature_delta,2.0,0
2026-08-18T07:14:10.594499Z,sensor.bed_1_booster_target_speed,4,0
2026-08-18T07:14:10.595716Z,sensor.bed_1_booster_pi_target_speed,4,0
2026-08-18T07:14:10.596253Z,sensor.bed_1_booster_effective_percentage,40,0
2026-08-18T07:20:00.456644Z,sensor.bed_1_booster_adaptive_boost,1,0
2026-08-18T07:20:00.457236Z,sensor.bed_1_booster_pi_target_speed,5,0
2026-08-18T07:20:00.457780Z,sensor.bed_1_booster_effective_percentage,50,0
2026-08-18T07:20:00.472932Z,sensor.bed_3_booster_adaptive_boost,1,0
2026-08-18T07:20:00.473499Z,sensor.bed_3_booster_pi_target_speed,9,0
2026-08-18T07:20:00.474026Z,sensor.bed_3_booster_effective_percentage,90,0
2026-08-18T07:22:12.952276Z,sensor.bed_3_temp_temperature,68.54,0
2026-08-18T07:22:12.952800Z,sensor.bed_3_temperature_delta,2.9,0
2026-08-18T07:24:08.349329Z,climate.kitchen,cool,0
2026-08-18T07:24:08.351452Z,sensor.bed_1_booster_adaptive_boost,0,0
2026-08-18T07:24:08.354564Z,sensor.bed_3_booster_adaptive_boost,0,0
2026-08-18T07:24:08.362648Z,sensor.bed_1_booster_pi_target_speed,4,0
2026-08-18T07:24:08.363719Z,sensor.bed_3_booster_pi_target_speed,8,0
2026-08-18T07:24:08.364308Z,sensor.bed_1_booster_effective_percentage,40,0
2026-08-18T07:24:08.365269Z,sensor.bed_3_booster_effective_percentage,80,0
2026-08-18T07:26:00.382524Z,sensor.kitchen_temp_temperature,65.3,0
2026-08-18T07:26:00.382986Z,sensor.bed_1_temperature_delta,2.3,0
2026-08-18T07:26:00.383311Z,sensor.bed_2_temperature_delta,2.5,0
2026-08-18T07:26:00.383613Z,sensor.bed_3_temperature_delta,3.2,0
2026-08-18T07:26:00.384215Z,sensor.bed_2_booster_target_speed,6,0
2026-08-18T07:26:00.385373Z,sensor.bed_2_booster_pi_target_speed,6,0
2026-08-18T07:26:00.385528Z,sensor.bed_2_booster_effective_percentage,60,0
2026-08-18T07:28:12.592649Z,sensor.bed_1_temp_temperature,66.74,0
2026-08-18T07:28:12.593162Z,sensor.bed_1_temperature_delta,1.4,0
2026-08-18T07:28:12.593585Z,sensor.bed_1_booster_target_speed,2,0
2026-08-18T07:28:12.594725Z,sensor.bed_1_booster_pi_target_speed,2,0
2026-08-18T07:28:12.595186Z,sensor.bed_1_booster_effective_percentage,20,0
2026-08-18T07:28:21.994816Z,climate.kitchen,cool,0
2026-08-18T07:29:05.355955Z,sensor.bed_2_temp_temperature,67.46,0
2026-08-18T07:29:05.356431Z,sensor.bed_2_temperature_delta,2.2,0
2026-08-18T07:29:05.356817Z,sensor.bed_2_booster_target_speed,4,0
2026-08-18T07:29:05.357963Z,sensor.bed_2_booster_pi_target_speed,4,0
2026-08-18T07:29:05.358343Z,sensor.bed_2_booster_effective_percentage,40,0
2026-08-18T07:29:06.328443Z,climate.kitchen,cool,0
2026-08-18T07:29:06.334979Z,sensor.kitchen_temperature,68.36,0
2026-08-18T07:35:26.881425Z,climate.kitchen,cool,0
2026-08-18T07:36:09.101970Z,sensor.bed_3_temp_temperature,67.64,0
2026-08-18T07:36:09.102508Z,sensor.bed_3_temperature_delta,2.3,0
2026-08-18T07:36:09.102954Z,sensor.bed_3_booster_target_speed,6,0
2026-08-18T07:36:09.104204Z,sensor.bed_3_booster_pi_target_speed,6,0
2026-08-18T07:36:09.104641Z,sensor.bed_3_booster_effective_percentage,60,0
2026-08-18T07:40:58.132518Z,sensor.kitchen_temp_temperature,65.84,0
2026-08-18T07:40:58.133023Z,sensor.bed_1_temperature_delta,0.9,0
2026-08-18T07:40:58.133350Z,sensor.bed_2_temperature_delta,1.6,0
2026-08-18T07:40:58.133642Z,sensor.bed_3_temperature_delta,1.8,0
2026-08-18T07:40:58.134029Z,sensor.bed_1_booster_target_speed,0,0
2026-08-18T07:40:58.134362Z,sensor.bed_2_booster_target_speed,2,0
2026-08-18T07:40:58.134683Z,sensor.bed_3_booster_target_speed,2,0
2026-08-18T07:40:58.135568Z,sensor.bed_1_booster_pi_target_speed,0,0
2026-08-18T07:40:58.135814Z,sensor.bed_2_booster_pi_target_speed,2,0
2026-08-18T07:40:58.136066Z,sensor.bed_3_booster_pi_target_speed,2,0
2026-08-18T07:40:58.136204Z,sensor.bed_1_booster_effective_percentage,0,0
2026-08-18T07:40:58.136530Z,sensor.bed_2_booster_effective_percentage,20,0
2026-08-18T07:40:58.136790Z,sensor.bed_3_booster_effective_percentage,20,0
2026-08-18T07:43:12.012635Z,sensor.bed_1_temp_temperature,67.1,0
2026-08-18T07:43:12.013577Z,sensor.bed_1_temperature_delta,1.3,0
2026-08-18T07:44:06.127148Z,sensor.bed_2_temp_temperature,67.28,0
2026-08-18T07:44:06.127618Z,sensor.bed_2_temperature_delta,1.4,0
2026-08-18T07:44:07.769549Z,climate.kitchen,cool,0
2026-08-18T07:49:06.904567Z,climate.kitchen,cool,0
2026-08-18T07:51:12.230024Z,sensor.bed_3_temp_temperature,67.28,0
2026-08-18T07:51:12.230532Z,sensor.bed_3_temperature_delta,1.4,0
2026-08-18T07:54:06.244913Z,climate.kitchen,cool,0
2026-08-18T07:55:54.323130Z,sensor.kitchen_temp_temperature,66.38,0
2026-08-18T07:55:54.323615Z,sensor.bed_1_temperature_delta,0.7,0
2026-08-18T07:55:54.323957Z,sensor.bed_2_temperature_delta,0.9,0
2026-08-18T07:55:54.324255Z,sensor.bed_3_temperature_delta,0.9,0
2026-08-18T07:55:54.324830Z,sensor.bed_2_booster_target_speed,0,0
2026-08-18T07:55:54.325177Z,sensor.bed_3_booster_target_speed,0,0
2026-08-18T07:55:54.325847Z,sensor.bed_2_booster_pi_target_speed,0,0
2026-08-18T07:55:54.326097Z,sensor.bed_3_booster_pi_target_speed,0,0
2026-08-18T07:55:54.326236Z,sensor.bed_2_booster_effective_percentage,0,0
2026-08-18T07:55:54.326530Z,sensor.bed_3_booster_effective_percentage,0,0
2026-08-18T07:58:10.765172Z,sensor.bed_1_temp_temperature,67.28,0
2026-08-18T07:58:10.765668Z,sensor.bed_1_temperature_delta,0.9,0
2026-08-18T07:59:03.114827Z,sensor.bed_2_temp_temperature,67.64,0
2026-08-18T07:59:03.115352Z,sensor.bed_2_temperature_delta,1.3,0
2026-08-18T08:05:02.074906Z,climate.kitchen,cool,0
2026-08-18T08:06:14.941533Z,sensor.bed_3_temp_temperature,66.92,0
2026-08-18T08:06:14.942089Z,sensor.bed_3_temperature_delta,0.5,0
2026-08-18T08:10:51.945510Z,sensor.kitchen_temp_temperature,66.74,0
2026-08-18T08:10:51.945975Z,sensor.bed_1_temperature_delta,0.5,0
2026-08-18T08:10:51.946269Z,sensor.bed_2_temperature_delta,0.9,0
2026-08-18T08:10:51.946538Z,sensor.bed_3_temperature_delta,0.2,0
2026-08-18T08:13:11.023929Z,sensor.bed_1_temp_temperature,67.64,0
2026-08-18T08:13:11.024420Z,sensor.bed_1_temperature_delta,0.9,0
2026-08-18T08:14:00.050313Z,sensor.bed_2_temp_temperature,68.0,0
2026-08-18T08:14:00.050802Z,sensor.bed_2_temperature_delta,1.3,0
2026-08-18T08:19:19.537194Z,climate.kitchen,cool,0
2026-08-18T08:21:14.963118Z,sensor.bed_3_temp_temperature,67.28,0
2026-08-18T08:21:14.963655Z,sensor.bed_3_temperature_delta,0.5,0
2026-08-18T08:25:48.686966Z,sensor.kitchen_temp_temperature,67.1,0
2026-08-18T08:25:48.687463Z,sensor.bed_1_temperature_delta,0.5,0
2026-08-18T08:25:48.687787Z,sensor.bed_2_temperature_delta,0.9,0
2026-08-18T08:25:48.688114Z,sensor.bed_3_temperature_delta,0.2,0
2026-08-18T08:27:45.085305Z,climate.kitchen,cool,0
2026-08-18T08:28:12.401115Z,sensor.bed_1_temp_temperature,67.82,0
2026-08-18T08:28:12.401616Z,sensor.bed_1_temperature_delta,0.7,0
2026-08-18T08:28:57.244891Z,sensor.bed_2_temp_temperature,68.18,0
2026-08-18T08:28:57.245391Z,sensor.bed_2_temperature_delta,1.1,0
2026-08-18T08:40:46.110438Z,sensor.kitchen_temp_temperature,67.28,0
2026-08-18T08:40:46.110953Z,sensor.bed_1_temperature_delta,0.5,0
2026-08-18T08:40:46.111282Z,sensor.bed_2_temperature_delta,0.9,0
2026-08-18T08:40:46.111579Z,sensor.bed_3_temperature_delta,0.0,0
2026-08-18T08:43:12.576911Z,sensor.bed_1_temp_temperature,68.18,0
2026-08-18T08:43:12.577333Z,sensor.bed_1_temperature_delta,0.9,0
2026-08-18T08:43:54.154081Z,sensor.bed_2_temp_temperature,68.36,0
2026-08-18T08:43:54.154533Z,sensor.bed_2_temperature_delta,1.1,0
2026-08-18T08:48:42.483628Z,climate.kitchen,cool,0
2026-08-18T08:48:52.483311Z,climate.kitchen,cool,0
2026-08-18T08:48:52.488821Z,sensor.kitchen_temperature,68.54,0
2026-08-18T08:51:15.493082Z,sensor.bed_3_temp_temperature,67.46,0
2026-08-18T08:51:15.493576Z,sensor.bed_3_temperature_delta,0.2,0
2026-08-18T08:55:43.724146Z,sensor.kitchen_temp_temperature,67.46,0
2026-08-18T08:55:43.724658Z,sensor.bed_1_temperature_delta,0.7,0
2026-08-18T08:55:43.725013Z,sensor.bed_2_temperature_delta,0.9,0
2026-08-18T08:55:43.725317Z,sensor.bed_3_temperature_delta,0.0,0
2026-08-18T08:58:12.172044Z,sensor.bed_1_temp_temperature,68.36,0
2026-08-18T08:58:12.172571Z,sensor.bed_1_temperature_delta,0.9,0
2026-08-18T09:10:40.871141Z,sensor.kitchen_temp_temperature,67.64,0
2026-08-18T09:10:40.871590Z,sensor.bed_1_temperature_delta,0.7,0
2026-08-18T09:10:40.871903Z,sensor.bed_2_temperature_delta,0.7,0
2026-08-18T09:10:40.872175Z,sensor.bed_3_temperature_delta,-0.2,0
2026-08-18T09:13:11.269291Z,sensor.bed_1_temp_temperature,68.54,0
2026-08-18T09:13:11.269728Z,sensor.bed_1_temperature_delta,0.9,0
2026-08-18T09:13:48.683625Z,sensor.bed_2_temp_temperature,68.54,0
2026-08-18T09:13:48.684118Z,sensor.bed_2_temperature_delta,0.9,0
2026-08-18T09:21:14.944542Z,sensor.bed_3_temp_temperature,67.64,0
2026-08-18T09:21:14.945094Z,sensor.bed_3_temperature_delta,0.0,0
2026-08-18T09:40:36.225063Z,sensor.kitchen_temp_temperature,67.82,0
2026-08-18T09:40:36.225543Z,sensor.bed_1_temperature_delta,0.7,0
2026-08-18T09:40:36.225887Z,sensor.bed_2_temperature_delta,0.7,0
2026-08-18T09:40:36.226190Z,sensor.bed_3_temperature_delta,-0.2,0
2026-08-18T09:43:10.527950Z,sensor.bed_1_temp_temperature,68.72,0
2026-08-18T09:43:10.528448Z,sensor.bed_1_temperature_delta,0.9,0
2026-08-18T09:51:15.435589Z,sensor.bed_3_temp_temperature,67.82,0
2026-08-18T09:51:15.436140Z,sensor.bed_3_temperature_delta,0.0,0
2026-08-18T10:10:31.054727Z,sensor.kitchen_temp_temperature,68.0,0
2026-08-18T10:10:31.055235Z,sensor.bed_1_temperature_delta,0.7,0
2026-08-18T10:10:31.055562Z,sensor.bed_2_temperature_delta,0.5,0
2026-08-18T10:10:31.055877Z,sensor.bed_3_temperature_delta,-0.2,0
2026-08-18T10:13:09.716075Z,sensor.bed_1_temp_temperature,68.9,0
2026-08-18T10:13:09.716608Z,sensor.bed_1_temperature_delta,0.9,0
2026-08-18T10:13:37.351706Z,sensor.bed_2_temp_temperature,68.72,0
2026-08-18T10:13:37.352215Z,sensor.bed_2_temperature_delta,0.7,0
2026-08-18T10:28:34.941581Z,sensor.bed_2_temp_temperature,68.54,0
2026-08-18T10:28:34.942070Z,sensor.bed_2_temperature_delta,0.5,0
2026-08-18T10:36:16.672411Z,sensor.bed_3_temp_temperature,68.0,0
2026-08-18T10:36:16.672916Z,sensor.bed_3_temperature_delta,0.0,0
2026-08-18T10:55:26.228315Z,sensor.kitchen_temp_temperature,68.18,0
2026-08-18T10:55:26.228762Z,sensor.bed_1_temperature_delta,0.7,0
2026-08-18T10:55:26.229073Z,sensor.bed_2_temperature_delta,0.4,0
2026-08-18T10:55:26.229341Z,sensor.bed_3_temperature_delta,-0.2,0
2026-08-18T11:13:11.173131Z,sensor.bed_1_temp_temperature,69.08,0
2026-08-18T11:13:11.173625Z,sensor.bed_1_temperature_delta,0.9,0
2026-08-18T11:28:26.978730Z,sensor.bed_2_temp_temperature,68.36,0
2026-08-18T11:28:26.979258Z,sensor.bed_2_temperature_delta,0.2,0
2026-08-18T11:43:14.767162Z,sensor.bed_1_temp_temperature,69.26,0
2026-08-18T11:43:14.767653Z,sensor.bed_1_temperature_delta,1.1,0
2026-08-18T12:00:23.713700Z,climate.kitchen,cool,0
2026-08-18T12:06:20.984357Z,sensor.bed_3_temp_temperature,67.82,0
2026-08-18T12:06:20.984802Z,sensor.bed_3_temperature_delta,-0.4,0
2026-08-18T12:10:13.907090Z,sensor.kitchen_temp_temperature,68.36,0
2026-08-18T12:10:13.907584Z,sensor.bed_1_temperature_delta,0.9,0
2026-08-18T12:10:13.907920Z,sensor.bed_2_temperature_delta,0.0,0
2026-08-18T12:10:13.908219Z,sensor.bed_3_temperature_delta,-0.5,0
2026-08-18T12:21:21.344947Z,sensor.bed_3_temp_temperature,68.0,0
2026-08-18T12:21:21.345461Z,sensor.bed_3_temperature_delta,-0.4,0
2026-08-18T12:43:12.312902Z,sensor.bed_2_temp_temperature,68.18,0
2026-08-18T12:43:12.313398Z,sensor.bed_2_temperature_delta,-0.2,0
2026-08-18T12:43:13.059334Z,sensor.bed_1_temp_temperature,69.44,0
2026-08-18T12:43:13.059766Z,sensor.bed_1_temperature_delta,1.1,0
2026-08-18T12:58:12.817667Z,sensor.bed_1_temp_temperature,69.62,0
2026-08-18T12:58:12.818186Z,sensor.bed_1_temperature_delta,1.3,0
2026-08-18T13:10:03.784684Z,climate.kitchen,cool,0
2026-08-18T13:10:03.802831Z,sensor.kitchen_temperature,69.44,0
2026-08-18T13:10:05.813965Z,sensor.kitchen_temp_temperature,68.54,0
2026-08-18T13:10:05.814448Z,sensor.bed_1_temperature_delta,1.1,0
2026-08-18T13:10:05.814772Z,sensor.bed_2_temperature_delta,-0.4,0
2026-08-18T13:10:05.815103Z,sensor.bed_3_temperature_delta,-0.5,0
2026-08-18T13:13:06.366626Z,sensor.bed_2_temp_temperature,68.54,0
2026-08-18T13:13:06.367087Z,sensor.bed_2_temperature_delta,0.0,0
2026-08-18T13:13:12.912790Z,sensor.bed_1_temp_temperature,69.44,0
2026-08-18T13:13:12.913398Z,sensor.bed_1_temperature_delta,0.9,0
2026-08-18T13:18:14.925477Z,sensor.bed_3_temp_temperature,68.9,0
2026-08-18T13:18:14.926003Z,sensor.bed_3_temperature_delta,0.4,0
2026-08-18T13:19:38.873828Z,climate.kitchen,cool,0
2026-08-18T13:19:38.880829Z,sensor.kitchen_temperature,70.52,0
2026-08-18T13:25:03.200987Z,sensor.kitchen_temp_temperature,69.08,0
2026-08-18T13:25:03.201476Z,sensor.bed_1_temperature_delta,0.4,0
2026-08-18T13:25:03.201800Z,sensor.bed_2_temperature_delta,-0.5,0
2026-08-18T13:25:03.202115Z,sensor.bed_3_temperature_delta,-0.2,0
2026-08-18T13:28:04.018450Z,sensor.bed_2_temp_temperature,68.9,0
2026-08-18T13:28:04.018945Z,sensor.bed_2_temperature_delta,-0.2,0
2026-08-18T13:33:15.495774Z,sensor.bed_3_temp_temperature,69.26,0
2026-08-18T13:33:15.496361Z,sensor.bed_3_temperature_delta,0.2,0
2026-08-18T13:35:28.898676Z,climate.kitchen,cool,0
2026-08-18T13:40:01.177742Z,sensor.kitchen_temp_temperature,69.44,0
2026-08-18T13:40:01.178264Z,sensor.bed_1_temperature_delta,0.0,0
2026-08-18T13:40:01.178588Z,sensor.bed_2_temperature_delta,-0.5,0
2026-08-18T13:40:01.178904Z,sensor.bed_3_temperature_delta,-0.2,0
2026-08-18T13:43:02.902022Z,sensor.bed_2_temp_temperature,69.26,0
2026-08-18T13:43:02.902469Z,sensor.bed_2_temperature_delta,-0.2,0
2026-08-18T13:43:13.077646Z,sensor.bed_1_temp_temperature,69.8,0
2026-08-18T13:43:13.078214Z,sensor.bed_1_temperature_delta,0.4,0
2026-08-18T13:48:17.170969Z,sensor.bed_3_temp_temperature,69.62,0
2026-08-18T13:48:17.171459Z,sensor.bed_3_temperature_delta,0.2,0
2026-08-18T13:51:22.077399Z,climate.kitchen,cool,0
2026-08-18T13:51:22.083821Z,sensor.kitchen_temperature,71.6,0
2026-08-18T13:54:59.425764Z,sensor.kitchen_temp_temperature,69.62,0
2026-08-18T13:54:59.426275Z,sensor.bed_1_temperature_delta,0.2,0
2026-08-18T13:54:59.426599Z,sensor.bed_2_temperature_delta,-0.4,0
2026-08-18T13:54:59.426904Z,sensor.bed_3_temperature_delta,0.0,0
2026-08-18T13:58:13.474529Z,sensor.bed_1_temp_temperature,70.52,0
2026-08-18T13:58:13.475068Z,sensor.bed_1_temperature_delta,0.9,0
2026-08-18T14:03:20.901424Z,sensor.bed_3_temp_temperature,70.16,0
2026-08-18T14:03:20.901612Z,sensor.bed_3_temperature_delta,0.5,0
2026-08-18T14:12:59.882797Z,sensor.bed_2_temp_temperature,69.98,0
2026-08-18T14:12:59.883276Z,sensor.bed_2_temperature_delta,0.4,0
2026-08-18T14:18:22.608155Z,sensor.bed_3_temp_temperature,70.34,0
2026-08-18T14:18:22.608673Z,sensor.bed_3_temperature_delta,0.7,0
2026-08-18T14:20:12.018801Z,climate.kitchen,cool,0
2026-08-18T14:20:12.025737Z,sensor.kitchen_temperature,71.42,0
2026-08-18T14:24:59.355625Z,sensor.kitchen_temp_temperature,69.8,0
2026-08-18T14:24:59.356181Z,sensor.bed_1_temperature_delta,0.7,0
2026-08-18T14:24:59.356537Z,sensor.bed_2_temperature_delta,0.2,0
2026-08-18T14:24:59.356884Z,sensor.bed_3_temperature_delta,0.5,0
2026-08-18T14:28:02.578190Z,sensor.bed_2_temp_temperature,70.7,0
2026-08-18T14:28:02.578691Z,sensor.bed_2_temperature_delta,0.9,0
2026-08-18T14:28:15.831990Z,sensor.bed_1_temp_temperature,70.7,0
2026-08-18T14:28:15.832440Z,sensor.bed_1_temperature_delta,0.9,0
2026-08-18T14:33:24.294381Z,sensor.bed_3_temp_temperature,70.7,0
2026-08-18T14:33:24.294826Z,sensor.bed_3_temperature_delta,0.9,0
2026-08-18T14:39:57.309871Z,sensor.kitchen_temp_temperature,69.98,0
2026-08-18T14:39:57.310328Z,sensor.bed_1_temperature_delta,0.7,0
2026-08-18T14:39:57.310626Z,sensor.bed_2_temperature_delta,0.7,0
2026-08-18T14:39:57.310914Z,sensor.bed_3_temperature_delta,0.7,0
2026-08-18T14:42:59.598184Z,sensor.bed_2_temp_temperature,71.24,0
2026-08-18T14:42:59.598671Z,sensor.bed_2_temperature_delta,1.3,0
2026-08-18T14:43:18.073768Z,sensor.bed_1_temp_temperature,71.06,0
2026-08-18T14:43:18.074282Z,sensor.bed_1_temperature_delta,1.1,0
2026-08-18T14:48:24.910244Z,sensor.bed_3_temp_temperature,71.06,0
2026-08-18T14:48:24.910729Z,sensor.bed_3_temperature_delta,1.1,0
2026-08-18T14:53:36.746470Z,climate.kitchen,cool,0
2026-08-18T14:54:55.771453Z,sensor.kitchen_temp_temperature,70.34,0
2026-08-18T14:54:55.771962Z,sensor.bed_1_temperature_delta,0.7,0
2026-08-18T14:54:55.772293Z,sensor.bed_2_temperature_delta,0.9,0
2026-08-18T14:54:55.772594Z,sensor.bed_3_temperature_delta,0.7,0
2026-08-18T14:57:58.078921Z,sensor.bed_2_temp_temperature,71.78,0
2026-08-18T14:57:58.079399Z,sensor.bed_2_temperature_delta,1.4,0
2026-08-18T14:58:18.229731Z,sensor.bed_1_temp_temperature,71.42,0
2026-08-18T14:58:18.230200Z,sensor.bed_1_temperature_delta,1.1,0
2026-08-18T15:03:25.781629Z,sensor.bed_3_temp_temperature,71.42,0
2026-08-18T15:03:25.782212Z,sensor.bed_3_temperature_delta,1.1,0
2026-08-18T15:09:53.838474Z,sensor.kitchen_temp_temperature,70.52,0
2026-08-18T15:09:53.838975Z,sensor.bed_1_temperature_delta,0.9,0
2026-08-18T15:09:53.839301Z,sensor.bed_2_temperature_delta,1.3,0
2026-08-18T15:09:53.839595Z,sensor.bed_3_temperature_delta,0.9,0
2026-08-18T15:12:56.127983Z,sensor.bed_2_temp_temperature,72.14,0
2026-08-18T15:12:56.128428Z,sensor.bed_2_temperature_delta,1.6,0
2026-08-18T15:12:56.128805Z,sensor.bed_2_booster_target_speed,2,0
2026-08-18T15:12:56.129976Z,sensor.bed_2_booster_pi_target_speed,2,0
2026-08-18T15:12:56.130411Z,sensor.bed_2_booster_effective_percentage,20,0
2026-08-18T15:13:18.340909Z,sensor.bed_1_temp_temperature,71.78,0
2026-08-18T15:13:18.341406Z,sensor.bed_1_temperature_delta,1.3,0
2026-08-18T15:18:27.329001Z,sensor.bed_3_temp_temperature,71.78,0
2026-08-18T15:18:27.329494Z,sensor.bed_3_temperature_delta,1.3,0
2026-08-18T15:24:52.479955Z,sensor.kitchen_temp_temperature,70.7,0
2026-08-18T15:24:52.480318Z,sensor.bed_1_temperature_delta,1.1,0
2026-08-18T15:24:52.480555Z,sensor.bed_2_temperature_delta,1.4,0
2026-08-18T15:24:52.480768Z,sensor.bed_3_temperature_delta,1.1,0
2026-08-18T15:27:54.842250Z,sensor.bed_2_temp_temperature,72.68,0
2026-08-18T15:27:54.842730Z,sensor.bed_2_temperature_delta,2.0,0
2026-08-18T15:28:19.430023Z,sensor.bed_1_temp_temperature,72.14,0
2026-08-18T15:28:19.430523Z,sensor.bed_1_temperature_delta,1.4,0
2026-08-18T15:33:28.296829Z,sensor.bed_3_temp_temperature,72.14,0
2026-08-18T15:33:28.297292Z,sensor.bed_3_temperature_delta,1.4,0
2026-08-18T15:39:50.524656Z,sensor.kitchen_temp_temperature,71.06,0
2026-08-18T15:39:50.525122Z,sensor.bed_1_temperature_delta,1.1,0
2026-08-18T15:39:50.525420Z,sensor.bed_2_temperature_delta,1.6,0
2026-08-18T15:39:50.525689Z,sensor.bed_3_temperature_delta,1.1,0
2026-08-18T15:42:52.919577Z,sensor.bed_2_temp_temperature,73.04,0
2026-08-18T15:42:52.919874Z,sensor.bed_2_temperature_delta,2.0,0
2026-08-18T15:43:19.616655Z,sensor.bed_1_temp_temperature,72.68,0
2026-08-18T15:43:19.617170Z,sensor.bed_1_temperature_delta,1.6,0
2026-08-18T15:43:19.617566Z,sensor.bed_1_booster_target_speed,2,0
2026-08-18T15:43:19.618706Z,sensor.bed_1_booster_pi_target_speed,2,0
2026-08-18T15:43:19.619119Z,sensor.bed_1_booster_effective_percentage,20,0
2026-08-18T15:46:13.669459Z,sensor.bed_3_temp_temperature,73.04,0
2026-08-18T15:46:13.669983Z,sensor.bed_3_temperature_delta,2.0,0
2026-08-18T15:46:13.670398Z,sensor.bed_3_booster_target_speed,2,0
2026-08-18T15:46:13.671574Z,sensor.bed_3_booster_pi_target_speed,2,0
2026-08-18T15:46:13.672034Z,sensor.bed_3_booster_effective_percentage,20,0
2026-08-18T15:50:22.650093Z,climate.kitchen,cool,0
2026-08-18T15:54:49.364436Z,sensor.kitchen_temp_temperature,71.24,0
2026-08-18T15:54:49.364930Z,sensor.bed_1_temperature_delta,1.4,0
2026-08-18T15:54:49.365257Z,sensor.bed_2_temperature_delta,1.8,0
2026-08-18T15:54:49.365553Z,sensor.bed_3_temperature_delta,1.8,0
2026-08-18T15:57:51.715115Z,sensor.bed_2_temp_temperature,73.58,0
2026-08-18T15:57:51.715321Z,sensor.bed_2_temperature_delta,2.3,0
2026-08-18T15:57:51.715467Z,sensor.bed_2_booster_target_speed,4,0
2026-08-18T15:57:51.716035Z,sensor.bed_2_booster_pi_target_speed,4,0
2026-08-18T15:57:51.716257Z,sensor.bed_2_booster_effective_percentage,40,0
2026-08-18T15:58:19.870653Z,sensor.bed_1_temp_temperature,73.04,0
2026-08-18T15:58:19.871126Z,sensor.bed_1_temperature_delta,1.8,0
2026-08-18T16:01:15.453530Z,sensor.bed_3_temp_temperature,73.22,0
2026-08-18T16:01:15.453992Z,sensor.bed_3_temperature_delta,2.0,0
2026-08-18T16:05:10.876499Z,climate.kitchen,cool,0
2026-08-18T16:09:47.748168Z,sensor.kitchen_temp_temperature,71.42,0
2026-08-18T16:09:47.748658Z,sensor.bed_1_temperature_delta,1.6,0
2026-08-18T16:09:47.749007Z,sensor.bed_2_temperature_delta,2.2,0
2026-08-18T16:09:47.749306Z,sensor.bed_3_temperature_delta,1.8,0
2026-08-18T16:12:50.812373Z,sensor.bed_2_temp_temperature,74.12,0
2026-08-18T16:12:50.812631Z,sensor.bed_2_temperature_delta,2.7,0
2026-08-18T16:12:50.812822Z,sensor.bed_2_booster_target_speed,6,0
2026-08-18T16:12:50.813526Z,sensor.bed_2_booster_pi_target_speed,6,0
2026-08-18T16:12:50.813799Z,sensor.bed_2_booster_effective_percentage,60,0
2026-08-18T16:13:21.201429Z,sensor.bed_1_temp_temperature,73.58,0
2026-08-18T16:13:21.201989Z,sensor.bed_1_temperature_delta,2.2,0
2026-08-18T16:13:21.202386Z,sensor.bed_1_booster_target_speed,4,0
2026-08-18T16:13:21.203821Z,sensor.bed_1_booster_pi_target_speed,4,0
2026-08-18T16:13:21.204241Z,sensor.bed_1_booster_effective_percentage,40,0
2026-08-18T16:16:16.913718Z,sensor.bed_3_temp_temperature,73.4,0
2026-08-18T16:16:16.914231Z,sensor.bed_3_temperature_delta,2.0,0
2026-08-18T16:24:46.518829Z,sensor.kitchen_temp_temperature,71.6,0
2026-08-18T16:24:46.519332Z,sensor.bed_1_temperature_delta,2.0,0
2026-08-18T16:24:46.519656Z,sensor.bed_2_temperature_delta,2.5,0
2026-08-18T16:24:46.519965Z,sensor.bed_3_temperature_delta,1.8,0
2026-08-18T16:27:49.476889Z,sensor.bed_2_temp_temperature,74.48,0
2026-08-18T16:27:49.477352Z,sensor.bed_2_temperature_delta,2.9,0
2026-08-18T16:28:22.126919Z,sensor.bed_1_temp_temperature,73.94,0
2026-08-18T16:28:22.127416Z,sensor.bed_1_temperature_delta,2.3,0
2026-08-18T16:30:00.455803Z,sensor.bed_1_booster_adaptive_boost,1,0
2026-08-18T16:30:00.456397Z,sensor.bed_1_booster_pi_target_speed,5,0
2026-08-18T16:30:00.457079Z,sensor.bed_1_booster_effective_percentage,50,0
2026-08-18T16:30:00.461753Z,sensor.bed_2_booster_adaptive_boost,1,0
2026-08-18T16:30:00.464890Z,sensor.bed_2_booster_pi_target_speed,7,0
2026-08-18T16:30:00.465461Z,sensor.bed_2_booster_effective_percentage,70,0
2026-08-18T16:30:00.467860Z,sensor.bed_3_booster_adaptive_boost,1,0
2026-08-18T16:30:00.468336Z,sensor.bed_3_booster_pi_target_speed,3,0
2026-08-18T16:30:00.468875Z,sensor.bed_3_booster_effective_percentage,30,0
2026-08-18T16:31:19.178960Z,sensor.bed_3_temp_temperature,73.58,0
2026-08-18T16:31:19.179447Z,sensor.bed_3_temperature_delta,2.0,0
2026-08-18T16:37:56.968471Z,climate.kitchen,cool,0
2026-08-18T16:37:56.969230Z,sensor.bed_1_booster_adaptive_boost,0,0
2026-08-18T16:37:56.969766Z,sensor.bed_2_booster_adaptive_boost,0,0
2026-08-18T16:37:56.970320Z,sensor.bed_3_booster_adaptive_boost,0,0
2026-08-18T16:37:56.974178Z,sensor.bed_1_booster_pi_target_speed,4,0
2026-08-18T16:37:56.974463Z,sensor.bed_2_booster_pi_target_speed,6,0
2026-08-18T16:37:56.974714Z,sensor.bed_3_booster_pi_target_speed,2,0
2026-08-18T16:37:56.975068Z,sensor.bed_1_booster_effective_percentage,40,0
2026-08-18T16:37:56.975481Z,sensor.bed_2_booster_effective_percentage,60,0
2026-08-18T16:37:56.975826Z,sensor.bed_3_booster_effective_percentage,20,0
2026-08-18T16:37:56.976255Z,sensor.kitchen_temperature,72.5,0
2026-08-18T16:39:48.700233Z,sensor.kitchen_temp_temperature,72.14,0
2026-08-18T16:39:48.700757Z,sensor.bed_1_temperature_delta,1.8,0
2026-08-18T16:39:48.701132Z,sensor.bed_2_temperature_delta,2.3,0
2026-08-18T16:39:48.701452Z,sensor.bed_3_temperature_delta,1.4,0
2026-08-18T16:39:48.701859Z,sensor.bed_1_booster_target_speed,2,0
2026-08-18T16:39:48.703266Z,sensor.bed_1_booster_pi_target_speed,2,0
2026-08-18T16:39:48.703449Z,sensor.bed_1_booster_effective_percentage,20,0
2026-08-18T16:42:51.217160Z,sensor.bed_2_temp_temperature,75.02,0
2026-08-18T16:42:51.217652Z,sensor.bed_2_temperature_delta,2.9,0
2026-08-18T16:43:23.036586Z,sensor.bed_1_temp_temperature,74.48,0
2026-08-18T16:43:23.037056Z,sensor.bed_1_temperature_delta,2.3,0
2026-08-18T16:43:23.037413Z,sensor.bed_1_booster_target_speed,4,0
2026-08-18T16:43:23.038682Z,sensor.bed_1_booster_pi_target_speed,4,0
2026-08-18T16:43:23.039209Z,sensor.bed_1_booster_effective_percentage,40,0
2026-08-18T16:46:20.932757Z,sensor.bed_3_temp_temperature,73.76,0
2026-08-18T16:46:20.933265Z,sensor.bed_3_temperature_delta,1.6,0
2026-08-18T16:54:50.238235Z,sensor.kitchen_temp_temperature,72.32,0
2026-08-18T16:54:50.238735Z,sensor.bed_1_temperature_delta,2.2,0
2026-08-18T16:54:50.239081Z,sensor.bed_2_temperature_delta,2.7,0
2026-08-18T16:54:50.239376Z,sensor.bed_3_temperature_delta,1.4,0
2026-08-18T16:57:50.893427Z,sensor.bed_2_temp_temperature,75.38,0
2026-08-18T16:57:50.893919Z,sensor.bed_2_temperature_delta,3.1,0
2026-08-18T16:57:50.894293Z,sensor.bed_2_booster_target_speed,8,0
2026-08-18T16:57:50.895603Z,sensor.bed_2_booster_pi_target_speed,8,0
2026-08-18T16:57:50.895949Z,sensor.bed_2_booster_effective_percentage,80,0
2026-08-18T16:58:02.460976Z,climate.kitchen,cool,0
2026-08-18T16:58:24.992664Z,sensor.bed_1_temp_temperature,74.84,0
2026-08-18T16:58:24.993685Z,sensor.bed_1_temperature_delta,2.5,0
2026-08-18T16:58:24.994114Z,sensor.bed_1_booster_target_speed,6,0
2026-08-18T16:58:24.995515Z,sensor.bed_1_booster_pi_target_speed,6,0
2026-08-18T16:58:24.996138Z,sensor.bed_1_booster_effective_percentage,60,0
2026-08-18T17:01:24.366001Z,sensor.bed_3_temp_temperature,73.94,0
2026-08-18T17:01:24.366505Z,sensor.bed_3_temperature_delta,1.6,0
2026-08-18T17:08:58.557436Z,sensor.bed_2_temp_temperature,76.28,0
2026-08-18T17:08:58.557947Z,sensor.bed_2_temperature_delta,4.0,0
2026-08-18T17:08:58.558351Z,sensor.bed_2_booster_target_speed,10,0
2026-08-18T17:08:58.559795Z,sensor.bed_2_booster_pi_target_speed,10,0
2026-08-18T17:08:58.559992Z,sensor.bed_2_booster_effective_percentage,100,0
2026-08-18T17:09:49.880242Z,sensor.kitchen_temp_temperature,72.68,0
2026-08-18T17:09:49.880727Z,sensor.bed_1_temperature_delta,2.2,0
2026-08-18T17:09:49.881070Z,sensor.bed_2_temperature_delta,3.6,0
2026-08-18T17:09:49.881362Z,sensor.bed_3_temperature_delta,1.3,0
2026-08-18T17:09:49.881715Z,sensor.bed_1_booster_target_speed,4,0
2026-08-18T17:09:49.882279Z,sensor.bed_3_booster_target_speed,0,0
2026-08-18T17:09:49.883526Z,sensor.bed_1_booster_pi_target_speed,4,0
2026-08-18T17:09:49.883829Z,sensor.bed_3_booster_pi_target_speed,0,0
2026-08-18T17:09:49.884050Z,sensor.bed_1_booster_effective_percentage,40,0
2026-08-18T17:09:49.885159Z,sensor.bed_3_booster_effective_percentage,0,0
2026-08-18T17:13:29.558640Z,sensor.bed_1_temp_temperature,75.02,0
2026-08-18T17:13:29.559111Z,sensor.bed_1_temperature_delta,2.3,0
2026-08-18T17:16:26.766417Z,sensor.bed_3_temp_temperature,74.12,0
2026-08-18T17:16:26.766936Z,sensor.bed_3_temperature_delta,1.4,0
2026-08-18T17:20:00.455872Z,sensor.bed_1_booster_adaptive_boost,1,0
2026-08-18T17:20:00.456501Z,sensor.bed_1_booster_pi_target_speed,5,0
2026-08-18T17:20:00.457245Z,sensor.bed_1_booster_effective_percentage,50,0
2026-08-18T17:23:58.779523Z,sensor.bed_2_temp_temperature,77.0,0
2026-08-18T17:23:58.780036Z,sensor.bed_2_temperature_delta,4.3,0
2026-08-18T17:24:51.571029Z,sensor.kitchen_temp_temperature,72.86,0
2026-08-18T17:24:51.571474Z,sensor.bed_1_temperature_delta,2.2,0
2026-08-18T17:24:51.571771Z,sensor.bed_2_temperature_delta,4.1,0
2026-08-18T17:24:51.572066Z,sensor.bed_3_temperature_delta,1.3,0
2026-08-18T17:28:31.732003Z,sensor.bed_1_temp_temperature,75.38,0
2026-08-18T17:28:31.732452Z,sensor.bed_1_temperature_delta,2.5,0
2026-08-18T17:28:31.732813Z,sensor.bed_1_booster_target_speed,6,0
2026-08-18T17:28:31.734070Z,sensor.bed_1_booster_pi_target_speed,7,0
2026-08-18T17:28:31.734556Z,sensor.bed_1_booster_effective_percentage,70,0
2026-08-18T17:31:29.152324Z,sensor.bed_3_temp_temperature,74.3,0
2026-08-18T17:31:29.152811Z,sensor.bed_3_temperature_delta,1.4,0
2026-08-18T17:38:58.165394Z,sensor.bed_2_temp_temperature,77.18,0
2026-08-18T17:38:58.165902Z,sensor.bed_2_temperature_delta,4.3,0
2026-08-18T17:39:51.319066Z,sensor.kitchen_temp_temperature,73.22,0
2026-08-18T17:39:51.319394Z,sensor.bed_1_temperature_delta,2.2,0
2026-08-18T17:39:51.319602Z,sensor.bed_2_temperature_delta,4.0,0
2026-08-18T17:39:51.319793Z,sensor.bed_3_temperature_delta,1.1,0
2026-08-18T17:39:51.320039Z,sensor.bed_1_booster_target_speed,4,0
2026-08-18T17:39:51.321339Z,sensor.bed_1_booster_pi_target_speed,5,0
2026-08-18T17:39:51.321679Z,sensor.bed_1_booster_effective_percentage,50,0
2026-08-18T17:39:58.761487Z,climate.kitchen,cool,0
2026-08-18T17:39:58.763402Z,sensor.bed_1_booster_adaptive_boost,0,0
2026-08-18T17:39:58.770156Z,sensor.bed_1_booster_pi_target_speed,4,0
2026-08-18T17:39:58.770849Z,sensor.bed_1_booster_effective_percentage,40,0
2026-08-18T17:39:58.771260Z,sensor.kitchen_temperature,73.58,0
2026-08-18T17:43:33.218208Z,sensor.bed_1_temp_temperature,75.56,0
2026-08-18T17:43:33.218661Z,sensor.bed_1_temperature_delta,2.3,0
2026-08-18T17:46:30.900070Z,sensor.bed_3_temp_temperature,74.48,0
2026-08-18T17:46:30.900528Z,sensor.bed_3_temperature_delta,1.3,0
2026-08-18T17:53:58.026911Z,sensor.bed_2_temp_temperature,77.36,0
2026-08-18T17:53:58.027420Z,sensor.bed_2_temperature_delta,4.1,0
2026-08-18T17:54:50.290727Z,sensor.kitchen_temp_temperature,73.76,0
2026-08-18T17:54:50.291235Z,sensor.bed_1_temperature_delta,1.8,0
2026-08-18T17:54:50.291558Z,sensor.bed_2_temperature_delta,3.6,0
2026-08-18T17:54:50.291873Z,sensor.bed_3_temperature_delta,0.7,0
2026-08-18T17:54:50.292233Z,sensor.bed_1_booster_target_speed,2,0
2026-08-18T17:54:50.293981Z,sensor.bed_1_booster_pi_target_speed,2,0
2026-08-18T17:54:50.294154Z,sensor.bed_1_booster_effective_percentage,20,0
2026-08-18T17:58:25.275105Z,climate.kitchen,cool,0
2026-08-18T17:58:25.283206Z,sensor.kitchen_temperature,74.48,0
2026-08-18T17:58:34.371389Z,sensor.bed_1_temp_temperature,75.92,0
2026-08-18T17:58:34.371828Z,sensor.bed_1_temperature_delta,2.2,0
2026-08-18T17:58:34.372201Z,sensor.bed_1_booster_target_speed,4,0
2026-08-18T17:58:34.373420Z,sensor.bed_1_booster_pi_target_speed,4,0
2026-08-18T17:58:34.373933Z,sensor.bed_1_booster_effective_percentage,40,0
2026-08-18T18:01:33.368754Z,sensor.bed_3_temp_temperature,74.84,0
2026-08-18T18:01:33.369248Z,sensor.bed_3_temperature_delta,1.1,0
2026-08-18T18:08:58.224291Z,sensor.bed_2_temp_temperature,77.54,0
2026-08-18T18:08:58.224509Z,sensor.bed_2_temperature_delta,3.8,0
2026-08-18T18:09:50.001818Z,sensor.kitchen_temp_temperature,74.12,0
2026-08-18T18:09:50.002330Z,sensor.bed_1_temperature_delta,1.8,0
2026-08-18T18:09:50.002655Z,sensor.bed_2_temperature_delta,3.4,0
2026-08-18T18:09:50.002989Z,sensor.bed_3_temperature_delta,0.7,0
2026-08-18T18:09:50.003349Z,sensor.bed_1_booster_target_speed,2,0
2026-08-18T18:09:50.005067Z,sensor.bed_1_booster_pi_target_speed,2,0
2026-08-18T18:09:50.005260Z,sensor.bed_1_booster_effective_percentage,20,0
2026-08-18T18:13:35.938871Z,sensor.bed_1_temp_temperature,76.1,0
2026-08-18T18:13:35.939333Z,sensor.bed_1_temperature_delta,2.0,0
2026-08-18T18:16:35.543300Z,sensor.bed_3_temp_temperature,75.02,0
2026-08-18T18:16:35.543788Z,sensor.bed_3_temperature_delta,0.9,0
2026-08-18T18:20:00.454448Z,sensor.bed_1_booster_adaptive_boost,1,0
2026-08-18T18:20:00.454673Z,sensor.bed_1_booster_pi_target_speed,3,0
2026-08-18T18:20:00.454954Z,sensor.bed_1_booster_effective_percentage,30,0
2026-08-18T18:23:58.419859Z,sensor.bed_2_temp_temperature,77.9,0
2026-08-18T18:23:58.420362Z,sensor.bed_2_temperature_delta,3.8,0
2026-08-18T18:24:49.051860Z,sensor.kitchen_temp_temperature,74.48,0
2026-08-18T18:24:49.052299Z,sensor.bed_1_temperature_delta,1.6,0
2026-08-18T18:24:49.052587Z,sensor.bed_2_temperature_delta,3.4,0
2026-08-18T18:24:49.052866Z,sensor.bed_3_temperature_delta,0.5,0
2026-08-18T18:28:37.862880Z,sensor.bed_1_temp_temperature,76.28,0
2026-08-18T18:28:37.863371Z,sensor.bed_1_temperature_delta,1.8,0
2026-08-18T18:31:37.611234Z,sensor.bed_3_temp_temperature,75.38,0
2026-08-18T18:31:37.611725Z,sensor.bed_3_temperature_delta,0.9,0
2026-08-18T18:38:58.647856Z,sensor.bed_2_temp_temperature,78.08,0
2026-08-18T18:38:58.648311Z,sensor.bed_2_temperature_delta,3.6,0
2026-08-18T18:39:48.922380Z,sensor.kitchen_temp_temperature,74.66,0
2026-08-18T18:39:48.922791Z,sensor.bed_1_temperature_delta,1.6,0
2026-08-18T18:39:48.923084Z,sensor.bed_2_temperature_delta,3.4,0
2026-08-18T18:39:48.923334Z,sensor.bed_3_temperature_delta,0.7,0
2026-08-18T18:43:40.367464Z,sensor.bed_1_temp_temperature,76.64,0
2026-08-18T18:43:40.367932Z,sensor.bed_1_temperature_delta,2.0,0
2026-08-18T18:45:00.547807Z,climate.kitchen,cool,0
2026-08-18T18:45:00.549712Z,sensor.bed_1_booster_adaptive_boost,0,0
2026-08-18T18:45:00.554053Z,sensor.bed_1_booster_pi_target_speed,2,0
2026-08-18T18:45:00.554590Z,sensor.bed_1_booster_effective_percentage,20,0
2026-08-18T18:45:00.554970Z,sensor.kitchen_temperature,75.56,0
2026-08-18T18:46:40.208775Z,sensor.bed_3_temp_temperature,75.56,0
2026-08-18T18:46:40.209291Z,sensor.bed_3_temperature_delta,0.9,0
2026-08-18T18:50:00.828475Z,climate.kitchen,cool,0
2026-08-18T18:50:00.836340Z,sensor.kitchen_temperature,75.38,0
2026-08-18T18:53:58.838805Z,sensor.bed_2_temp_temperature,78.26,0
2026-08-18T18:53:58.839322Z,sensor.bed_2_temperature_delta,3.6,0
2026-08-18T18:54:48.419113Z,sensor.kitchen_temp_temperature,75.02,0
2026-08-18T18:54:48.419641Z,sensor.bed_1_temperature_delta,1.6,0
2026-08-18T18:54:48.420012Z,sensor.bed_2_temperature_delta,3.2,0
2026-08-18T18:54:48.420335Z,sensor.bed_3_temperature_delta,0.5,0
2026-08-18T18:54:48.420983Z,sensor.bed_2_booster_target_speed,8,0
2026-08-18T18:54:48.422972Z,sensor.bed_2_booster_pi_target_speed,8,0
2026-08-18T18:54:48.423555Z,sensor.bed_2_booster_effective_percentage,80,0
2026-08-18T18:54:55.418307Z,climate.kitchen,cool,0
2026-08-18T18:54:55.426291Z,sensor.kitchen_temperature,75.56,0
2026-08-18T18:58:41.872776Z,sensor.bed_1_temp_temperature,76.82,0
2026-08-18T18:58:41.873256Z,sensor.bed_1_temperature_delta,1.8,0
2026-08-18T19:01:42.528855Z,sensor.bed_3_temp_temperature,75.92,0
2026-08-18T19:01:42.529364Z,sensor.bed_3_temperature_delta,0.9,0
2026-08-18T19:08:59.437207Z,sensor.bed_2_temp_temperature,78.8,0
2026-08-18T19:08:59.437703Z,sensor.bed_2_temperature_delta,3.8,0
2026-08-18T19:08:59.438125Z,sensor.bed_2_booster_target_speed,10,0
2026-08-18T19:08:59.439608Z,sensor.bed_2_booster_pi_target_speed,10,0
2026-08-18T19:08:59.439973Z,sensor.bed_2_booster_effective_percentage,100,0
2026-08-18T19:09:48.063532Z,sensor.kitchen_temp_temperature,75.38,0
2026-08-18T19:09:48.064032Z,sensor.bed_1_temperature_delta,1.4,0
2026-08-18T19:09:48.064350Z,sensor.bed_2_temperature_delta,3.4,0
2026-08-18T19:09:48.064642Z,sensor.bed_3_temperature_delta,0.5,0
2026-08-18T19:13:43.974218Z,sensor.bed_1_temp_temperature,77.18,0
2026-08-18T19:13:43.974669Z,sensor.bed_1_temperature_delta,1.8,0
2026-08-18T19:15:00.456140Z,sensor.bed_1_booster_adaptive_boost,1,0
2026-08-18T19:15:00.456664Z,sensor.bed_1_booster_pi_target_speed,3,0
2026-08-18T19:15:00.457278Z,sensor.bed_1_booster_effective_percentage,30,0
2026-08-18T19:16:45.192012Z,sensor.bed_3_temp_temperature,76.1,0
2026-08-18T19:16:45.192504Z,sensor.bed_3_temperature_delta,0.7,0
2026-08-18T19:23:59.917608Z,sensor.bed_2_temp_temperature,79.34,0
2026-08-18T19:23:59.918125Z,sensor.bed_2_temperature_delta,4.0,0
2026-08-18T19:24:48.040634Z,sensor.kitchen_temp_temperature,75.56,0
2026-08-18T19:24:48.041139Z,sensor.bed_1_temperature_delta,1.6,0
2026-08-18T19:24:48.041467Z,sensor.bed_2_temperature_delta,3.8,0
2026-08-18T19:24:48.041766Z,sensor.bed_3_temperature_delta,0.5,0
2026-08-18T19:28:45.648282Z,sensor.bed_1_temp_temperature,77.36,0
2026-08-18T19:28:45.648812Z,sensor.bed_1_temperature_delta,1.8,0
2026-08-18T19:31:48.246116Z,sensor.bed_3_temp_temperature,76.46,0
2026-08-18T19:31:48.246597Z,sensor.bed_3_temperature_delta,0.9,0
2026-08-18T19:39:00.419014Z,sensor.bed_2_temp_temperature,79.7,0
2026-08-18T19:39:00.419443Z,sensor.bed_2_temperature_delta,4.1,0
2026-08-18T19:39:47.867041Z,sensor.kitchen_temp_temperature,75.74,0
2026-08-18T19:39:47.867487Z,sensor.bed_1_temperature_delta,1.6,0
2026-08-18T19:39:47.867781Z,sensor.bed_2_temperature_delta,4.0,0
2026-08-18T19:39:47.868073Z,sensor.bed_3_temperature_delta,0.7,0
2026-08-18T19:40:00.455346Z,sensor.bed_1_booster_adaptive_boost,2,0
2026-08-18T19:40:00.455929Z,sensor.bed_1_booster_pi_target_speed,4,0
2026-08-18T19:40:00.456607Z,sensor.bed_1_booster_effective_percentage,40,0
2026-08-18T19:43:47.829668Z,sensor.bed_1_temp_temperature,77.72,0
2026-08-18T19:43:47.830190Z,sensor.bed_1_temperature_delta,2.0,0
2026-08-18T19:46:53.191266Z,sensor.bed_3_temp_temperature,76.82,0
2026-08-18T19:46:53.191736Z,sensor.bed_3_temperature_delta,1.1,0
2026-08-18T19:54:51.614922Z,sensor.kitchen_temp_temperature,76.1,0
2026-08-18T19:54:51.615431Z,sensor.bed_1_temperature_delta,1.6,0
2026-08-18T19:54:51.615752Z,sensor.bed_2_temperature_delta,3.6,0
2026-08-18T19:54:51.616073Z,sensor.bed_3_temperature_delta,0.7,0
2026-08-18T19:58:54.323233Z,sensor.bed_1_temp_temperature,77.9,0
2026-08-18T19:58:54.323706Z,sensor.bed_1_temperature_delta,1.8,0
2026-08-18T20:01:56.194240Z,sensor.bed_3_temp_temperature,77.0,0
2026-08-18T20:01:56.194724Z,sensor.bed_3_temperature_delta,0.9,0
